4.223518138000001e-05 2.061346400205102e+14 0.000000000000000e+00 0.000000000000000e+00 -7.034185879294036e-07 
4.223523461000000e-05 2.061163682141022e+14 0.000000000000000e+00 0.000000000000000e+00 1.118429167424477e-06 
4.223528785000001e-05 2.060980027315669e+14 0.000000000000000e+00 0.000000000000000e+00 -2.572738702521128e-06 
4.223534109000000e-05 2.060795464108647e+14 0.000000000000000e+00 0.000000000000000e+00 -3.949571798681338e-07 
4.223539433000000e-05 2.060609986609723e+14 0.000000000000000e+00 0.000000000000000e+00 1.801317403219104e-06 
4.223544756999999e-05 2.060423588860468e+14 0.000000000000000e+00 0.000000000000000e+00 5.892869197274916e-07 
4.223550080000000e-05 2.060236300125776e+14 0.000000000000000e+00 0.000000000000000e+00 -9.686938390794148e-07 
4.223555404000000e-05 2.060048043980578e+14 0.000000000000000e+00 0.000000000000000e+00 4.361995120355279e-07 
4.223560728000001e-05 2.059858849416255e+14 0.000000000000000e+00 0.000000000000000e+00 2.156234233342146e-06 
4.223566052000000e-05 2.059668710276356e+14 0.000000000000000e+00 0.000000000000000e+00 1.253472363207630e-06 
4.223571375000001e-05 2.059477656335449e+14 0.000000000000000e+00 0.000000000000000e+00 1.636566461659018e-07 
4.223576699000000e-05 2.059285609551720e+14 0.000000000000000e+00 0.000000000000000e+00 -1.897134824921222e-06 
4.223582023000000e-05 2.059092599417606e+14 0.000000000000000e+00 0.000000000000000e+00 1.322705040195076e-06 
4.223587346999999e-05 2.058898619570548e+14 0.000000000000000e+00 0.000000000000000e+00 8.117299679670800e-07 
4.223592670000000e-05 2.058703700305427e+14 0.000000000000000e+00 0.000000000000000e+00 2.083894782058354e-06 
4.223597994000000e-05 2.058507761918046e+14 0.000000000000000e+00 0.000000000000000e+00 -6.023334932514056e-07 
4.223603318000001e-05 2.058310834412077e+14 0.000000000000000e+00 0.000000000000000e+00 -3.039140251800800e-06 
4.223608642000000e-05 2.058112911210550e+14 0.000000000000000e+00 0.000000000000000e+00 9.321111438999645e-07 
4.223613966000000e-05 2.057913985681218e+14 0.000000000000000e+00 0.000000000000000e+00 9.907830576988352e-07 
4.223619289000000e-05 2.057714088785133e+14 0.000000000000000e+00 0.000000000000000e+00 -5.999826973307105e-07 
4.223624613000000e-05 2.057513138672680e+14 0.000000000000000e+00 0.000000000000000e+00 -8.991717751409958e-07 
4.223629936999999e-05 2.057311166001767e+14 0.000000000000000e+00 0.000000000000000e+00 2.361830466439197e-07 
4.223635261000000e-05 2.057108163914575e+14 0.000000000000000e+00 0.000000000000000e+00 9.216999175936260e-07 
4.223640584000000e-05 2.056904163917527e+14 0.000000000000000e+00 0.000000000000000e+00 -2.730206712934400e-06 
4.223645908000001e-05 2.056699082389019e+14 0.000000000000000e+00 0.000000000000000e+00 2.329910885056845e-06 
4.223651232000000e-05 2.056492950522609e+14 0.000000000000000e+00 0.000000000000000e+00 -3.389676845083456e-08 
4.223656556000000e-05 2.056285761225284e+14 0.000000000000000e+00 0.000000000000000e+00 4.099799363922313e-06 
4.223661880000000e-05 2.056077507343902e+14 0.000000000000000e+00 0.000000000000000e+00 -9.235386514952362e-07 
4.223667203000000e-05 2.055868221082696e+14 0.000000000000000e+00 0.000000000000000e+00 5.028018210154109e-07 
4.223672527000000e-05 2.055657816532391e+14 0.000000000000000e+00 0.000000000000000e+00 -1.069473911708767e-06 
4.223677851000000e-05 2.055446325571521e+14 0.000000000000000e+00 0.000000000000000e+00 5.267150021525710e-07 
4.223683175000000e-05 2.055233740799285e+14 0.000000000000000e+00 0.000000000000000e+00 1.299440814896960e-06 
4.223688498000001e-05 2.055020094991599e+14 0.000000000000000e+00 0.000000000000000e+00 -3.404641152931607e-07 
4.223693822000000e-05 2.054805300348436e+14 0.000000000000000e+00 0.000000000000000e+00 8.881157200804496e-07 
4.223699146000000e-05 2.054589389309023e+14 0.000000000000000e+00 0.000000000000000e+00 -6.530213549196601e-07 
4.223704470000000e-05 2.054372354214491e+14 0.000000000000000e+00 0.000000000000000e+00 6.659818236749686e-07 
4.223709793000000e-05 2.054154228424358e+14 0.000000000000000e+00 0.000000000000000e+00 8.650177017206067e-07 
4.223715117000000e-05 2.053934922191772e+14 0.000000000000000e+00 0.000000000000000e+00 -5.965664119850468e-07 
4.223720441000000e-05 2.053714468528393e+14 0.000000000000000e+00 0.000000000000000e+00 3.419594379910957e-06 
4.223725765000000e-05 2.053492859506008e+14 0.000000000000000e+00 0.000000000000000e+00 -1.285799462674362e-06 
4.223731089000000e-05 2.053270087127362e+14 0.000000000000000e+00 0.000000000000000e+00 -7.517621440351728e-07 
4.223736412000000e-05 2.053046185498853e+14 0.000000000000000e+00 0.000000000000000e+00 1.829962562559849e-06 
4.223741736000000e-05 2.052821062357976e+14 0.000000000000000e+00 0.000000000000000e+00 -1.794214603002798e-06 
4.223747060000000e-05 2.052594751448420e+14 0.000000000000000e+00 0.000000000000000e+00 1.254226520707728e-07 
4.223752384000001e-05 2.052367244488885e+14 0.000000000000000e+00 0.000000000000000e+00 1.065303881457500e-06 
4.223757707000000e-05 2.052138576197496e+14 0.000000000000000e+00 0.000000000000000e+00 -4.336520105749165e-06 
4.223763031000000e-05 2.051908652230579e+14 0.000000000000000e+00 0.000000000000000e+00 2.654231090167822e-06 
4.223768355000000e-05 2.051677506931031e+14 0.000000000000000e+00 0.000000000000000e+00 -5.244397677500812e-07 
4.223773679000000e-05 2.051445131721365e+14 0.000000000000000e+00 0.000000000000000e+00 1.406211303888441e-06 
4.223779002000000e-05 2.051211561943766e+14 0.000000000000000e+00 0.000000000000000e+00 2.478279842748750e-06 
4.223784326000000e-05 2.050976701110424e+14 0.000000000000000e+00 0.000000000000000e+00 1.371407058847637e-06 
4.223789650000000e-05 2.050740584175557e+14 0.000000000000000e+00 0.000000000000000e+00 -3.087632006002680e-06 
4.223794974000001e-05 2.050503202251906e+14 0.000000000000000e+00 0.000000000000000e+00 -3.051000989725397e-06 
4.223800298000000e-05 2.050264546372866e+14 0.000000000000000e+00 0.000000000000000e+00 -2.881167702548790e-06 
4.223805621000000e-05 2.050024652679699e+14 0.000000000000000e+00 0.000000000000000e+00 8.472771945255066e-07 
4.223810945000000e-05 2.049783421910754e+14 0.000000000000000e+00 0.000000000000000e+00 1.549279617721340e-06 
4.223816269000000e-05 2.049540889802121e+14 0.000000000000000e+00 0.000000000000000e+00 -3.443038774287221e-07 
4.223821593000000e-05 2.049297047059999e+14 0.000000000000000e+00 0.000000000000000e+00 -3.650318214619111e-06 
4.223826916000000e-05 2.049051930479865e+14 0.000000000000000e+00 0.000000000000000e+00 6.090241941332079e-07 
4.223832240000000e-05 2.048805438503365e+14 0.000000000000000e+00 0.000000000000000e+00 -4.914850219981900e-07 
4.223837564000001e-05 2.048557607506182e+14 0.000000000000000e+00 0.000000000000000e+00 4.324106798031445e-06 
4.223842888000000e-05 2.048308427852866e+14 0.000000000000000e+00 0.000000000000000e+00 1.482868612482620e-06 
4.223848211000000e-05 2.048057937006386e+14 0.000000000000000e+00 0.000000000000000e+00 -1.189899227664945e-07 
4.223853535000001e-05 2.047806031039623e+14 0.000000000000000e+00 0.000000000000000e+00 3.435856304560125e-06 
4.223858859000000e-05 2.047552746980912e+14 0.000000000000000e+00 0.000000000000000e+00 1.628596473406479e-06 
4.223864183000000e-05 2.047298074837128e+14 0.000000000000000e+00 0.000000000000000e+00 -4.929189145954221e-06 
4.223869507000000e-05 2.047042004523461e+14 0.000000000000000e+00 0.000000000000000e+00 8.679309087372122e-07 
4.223874830000000e-05 2.046784574356670e+14 0.000000000000000e+00 0.000000000000000e+00 3.704178652380581e-06 
4.223880154000001e-05 2.046525677342761e+14 0.000000000000000e+00 0.000000000000000e+00 -2.482980178606054e-06 
4.223885478000000e-05 2.046265351344090e+14 0.000000000000000e+00 0.000000000000000e+00 -1.251954927456265e-06 
4.223890802000000e-05 2.046003585897268e+14 0.000000000000000e+00 0.000000000000000e+00 1.266413230160827e-06 
4.223896125000001e-05 2.045740420017907e+14 0.000000000000000e+00 0.000000000000000e+00 -3.223373339726577e-06 
4.223901449000000e-05 2.045475744169952e+14 0.000000000000000e+00 0.000000000000000e+00 1.890281600147197e-06 
4.223906773000000e-05 2.045209596897677e+14 0.000000000000000e+00 0.000000000000000e+00 1.960664153579564e-06 
4.223912097000000e-05 2.044941967341546e+14 0.000000000000000e+00 0.000000000000000e+00 -1.376929463185017e-06 
4.223917420000000e-05 2.044672895230315e+14 0.000000000000000e+00 0.000000000000000e+00 -4.423197811198406e-07 
4.223922744000001e-05 2.044402268403190e+14 0.000000000000000e+00 0.000000000000000e+00 -3.156564078987309e-06 
4.223928068000000e-05 2.044130126100020e+14 0.000000000000000e+00 0.000000000000000e+00 -1.624184947329069e-06 
4.223933392000000e-05 2.043856457046234e+14 0.000000000000000e+00 0.000000000000000e+00 -4.817300554721323e-07 
4.223938716000000e-05 2.043581249860788e+14 0.000000000000000e+00 0.000000000000000e+00 4.881139306887503e-07 
4.223944039000000e-05 2.043304545183557e+14 0.000000000000000e+00 0.000000000000000e+00 -3.544706873024472e-07 
4.223949363000000e-05 2.043026227452086e+14 0.000000000000000e+00 0.000000000000000e+00 2.304954534147545e-06 
4.223954687000000e-05 2.042746336794042e+14 0.000000000000000e+00 0.000000000000000e+00 1.423193576650934e-06 
4.223960011000000e-05 2.042464861388264e+14 0.000000000000000e+00 0.000000000000000e+00 5.389160685941721e-07 
4.223965334000001e-05 2.042181842619802e+14 0.000000000000000e+00 0.000000000000000e+00 -2.317740720441764e-07 
4.223970658000000e-05 2.041897162103381e+14 0.000000000000000e+00 0.000000000000000e+00 1.201985085000049e-06 
4.223975982000000e-05 2.041610860692212e+14 0.000000000000000e+00 0.000000000000000e+00 7.853056275150881e-08 
4.223981306000000e-05 2.041322926103588e+14 0.000000000000000e+00 0.000000000000000e+00 2.694219165167707e-06 
4.223986630000000e-05 2.041033345935653e+14 0.000000000000000e+00 0.000000000000000e+00 -1.297532179068581e-06 
4.223991953000000e-05 2.040742162525841e+14 0.000000000000000e+00 0.000000000000000e+00 4.834099902234527e-06 
4.223997277000000e-05 2.040449253826344e+14 0.000000000000000e+00 0.000000000000000e+00 3.861801857767174e-07 
4.224002601000000e-05 2.040154661616675e+14 0.000000000000000e+00 0.000000000000000e+00 4.411595549809930e-06 
4.224007925000000e-05 2.039858373004810e+14 0.000000000000000e+00 0.000000000000000e+00 3.193100634565673e-07 
4.224013248000000e-05 2.039560431106056e+14 0.000000000000000e+00 0.000000000000000e+00 -2.676618843844730e-06 
4.224018572000000e-05 2.039260710831067e+14 0.000000000000000e+00 0.000000000000000e+00 -1.591677131563035e-06 
4.224023896000000e-05 2.038959254715467e+14 0.000000000000000e+00 0.000000000000000e+00 4.597119175238447e-06 
4.224029220000000e-05 2.038656049351999e+14 0.000000000000000e+00 0.000000000000000e+00 -2.660790066928631e-06 
4.224034543000000e-05 2.038351138649020e+14 0.000000000000000e+00 0.000000000000000e+00 -8.556202589348647e-07 
4.224039867000000e-05 2.038044394370741e+14 0.000000000000000e+00 0.000000000000000e+00 -2.080750005234282e-06 
4.224045191000000e-05 2.037735859822465e+14 0.000000000000000e+00 0.000000000000000e+00 -8.746759950124779e-07 
4.224050515000000e-05 2.037425521055735e+14 0.000000000000000e+00 0.000000000000000e+00 1.483716232551380e-06 
4.224055839000000e-05 2.037113363982464e+14 0.000000000000000e+00 0.000000000000000e+00 6.008423778087103e-06 
4.224061162000000e-05 2.036799433522431e+14 0.000000000000000e+00 0.000000000000000e+00 -5.495691366099702e-06 
4.224066486000000e-05 2.036483597352815e+14 0.000000000000000e+00 0.000000000000000e+00 2.235304117348160e-06 
4.224071810000000e-05 2.036165899759349e+14 0.000000000000000e+00 0.000000000000000e+00 -1.566224608052309e-06 
4.224077134000001e-05 2.035846326077639e+14 0.000000000000000e+00 0.000000000000000e+00 3.224931464076298e-07 
4.224082457000000e-05 2.035524922052911e+14 0.000000000000000e+00 0.000000000000000e+00 -4.051846545402527e-06 
4.224087781000000e-05 2.035201551962729e+14 0.000000000000000e+00 0.000000000000000e+00 -1.530825983469020e-06 
4.224093105000000e-05 2.034876260892397e+14 0.000000000000000e+00 0.000000000000000e+00 2.920054877740310e-06 
4.224098429000000e-05 2.034549033570228e+14 0.000000000000000e+00 0.000000000000000e+00 2.207878019051150e-07 
4.224103752000000e-05 2.034219916581357e+14 0.000000000000000e+00 0.000000000000000e+00 3.599156473355926e-06 
4.224109076000000e-05 2.033888770682621e+14 0.000000000000000e+00 0.000000000000000e+00 1.629900577142733e-06 
4.224114400000000e-05 2.033555641771260e+14 0.000000000000000e+00 0.000000000000000e+00 -4.788477038551412e-07 
4.224119724000000e-05 2.033220513936204e+14 0.000000000000000e+00 0.000000000000000e+00 -3.336835741622113e-06 
4.224125048000000e-05 2.032883371101097e+14 0.000000000000000e+00 0.000000000000000e+00 5.047847403444708e-07 
4.224130371000000e-05 2.032544260920491e+14 0.000000000000000e+00 0.000000000000000e+00 1.501954112758823e-06 
4.224135695000000e-05 2.032203039570314e+14 0.000000000000000e+00 0.000000000000000e+00 2.028596377836032e-06 
4.224141019000000e-05 2.031859753980382e+14 0.000000000000000e+00 0.000000000000000e+00 -2.126815587580594e-06 
4.224146343000001e-05 2.031514387390992e+14 0.000000000000000e+00 0.000000000000000e+00 -1.431004956087271e-06 
4.224151666000000e-05 2.031166988327614e+14 0.000000000000000e+00 0.000000000000000e+00 4.946204382220422e-06 
4.224156990000001e-05 2.030817409149714e+14 0.000000000000000e+00 0.000000000000000e+00 -2.872785461245345e-06 
4.224162314000000e-05 2.030465697626592e+14 0.000000000000000e+00 0.000000000000000e+00 -1.934223987700048e-06 
4.224167638000000e-05 2.030111836277056e+14 0.000000000000000e+00 0.000000000000000e+00 5.156005035934986e-06 
4.224172961000000e-05 2.029755874510334e+14 0.000000000000000e+00 0.000000000000000e+00 -5.186663978916424e-07 
4.224178285000000e-05 2.029397660727677e+14 0.000000000000000e+00 0.000000000000000e+00 2.507704994597883e-06 
4.224183609000000e-05 2.029037243548406e+14 0.000000000000000e+00 0.000000000000000e+00 -3.015794262469394e-06 
4.224188933000001e-05 2.028674604729230e+14 0.000000000000000e+00 0.000000000000000e+00 -4.284383348724576e-07 
4.224194257000000e-05 2.028309725829654e+14 0.000000000000000e+00 0.000000000000000e+00 -7.077160392892791e-06 
4.224199580000001e-05 2.027942657381006e+14 0.000000000000000e+00 0.000000000000000e+00 -2.494545389869792e-06 
4.224204904000000e-05 2.027573242624916e+14 0.000000000000000e+00 0.000000000000000e+00 -3.711447173160615e-06 
4.224210228000000e-05 2.027201531257978e+14 0.000000000000000e+00 0.000000000000000e+00 -1.960630297215546e-06 
4.224215551999999e-05 2.026827504021963e+14 0.000000000000000e+00 0.000000000000000e+00 6.049194689497828e-06 
4.224220875000000e-05 2.026451212358871e+14 0.000000000000000e+00 0.000000000000000e+00 1.450464216563100e-06 
4.224226199000000e-05 2.026072495203632e+14 0.000000000000000e+00 0.000000000000000e+00 3.074412638451311e-06 
4.224231523000001e-05 2.025691403124825e+14 0.000000000000000e+00 0.000000000000000e+00 -1.882733463023076e-06 
4.224236847000000e-05 2.025307915998397e+14 0.000000000000000e+00 0.000000000000000e+00 9.210609895890946e-07 
4.224242170000001e-05 2.024922086187061e+14 0.000000000000000e+00 0.000000000000000e+00 2.067483142087595e-06 
4.224247494000000e-05 2.024533748150707e+14 0.000000000000000e+00 0.000000000000000e+00 1.315098074255802e-06 
4.224252818000000e-05 2.024142953337345e+14 0.000000000000000e+00 0.000000000000000e+00 -1.947153448771861e-06 
4.224258142000000e-05 2.023749680704817e+14 0.000000000000000e+00 0.000000000000000e+00 -2.631282038058207e-06 
4.224263466000000e-05 2.023353908972193e+14 0.000000000000000e+00 0.000000000000000e+00 -2.536334500651179e-06 
4.224268789000000e-05 2.022955691666088e+14 0.000000000000000e+00 0.000000000000000e+00 -1.416561995245146e-06 
4.224274113000001e-05 2.022554857400474e+14 0.000000000000000e+00 0.000000000000000e+00 6.788841529827287e-06 
4.224279437000000e-05 2.022151458731628e+14 0.000000000000000e+00 0.000000000000000e+00 7.300627197128706e-07 
4.224284761000000e-05 2.021745473389101e+14 0.000000000000000e+00 0.000000000000000e+00 -4.032290481426183e-07 
4.224290084000000e-05 2.021336955837936e+14 0.000000000000000e+00 0.000000000000000e+00 6.781457165749157e-07 
4.224295408000000e-05 2.020925729801981e+14 0.000000000000000e+00 0.000000000000000e+00 1.754890171969316e-06 
4.224300732000000e-05 2.020511848727916e+14 0.000000000000000e+00 0.000000000000000e+00 -3.241536869874491e-06 
4.224306056000000e-05 2.020095289293033e+14 0.000000000000000e+00 0.000000000000000e+00 2.989190309852102e-06 
4.224311380000000e-05 2.019676027901376e+14 0.000000000000000e+00 0.000000000000000e+00 -5.665414795510084e-06 
4.224316703000001e-05 2.019254120197564e+14 0.000000000000000e+00 0.000000000000000e+00 4.047208533951051e-06 
4.224322027000000e-05 2.018829383506682e+14 0.000000000000000e+00 0.000000000000000e+00 3.691233395587073e-06 
4.224327351000000e-05 2.018401872389844e+14 0.000000000000000e+00 0.000000000000000e+00 4.585576462666347e-06 
4.224332675000000e-05 2.017971562112315e+14 0.000000000000000e+00 0.000000000000000e+00 4.095719976678031e-06 
4.224337998000000e-05 2.017538509264698e+14 0.000000000000000e+00 0.000000000000000e+00 -2.282047823008060e-07 
4.224343322000000e-05 2.017102525808823e+14 0.000000000000000e+00 0.000000000000000e+00 -2.569459716177542e-06 
4.224348646000000e-05 2.016663667194927e+14 0.000000000000000e+00 0.000000000000000e+00 3.557180220264146e-06 
4.224353970000000e-05 2.016221907473719e+14 0.000000000000000e+00 0.000000000000000e+00 5.849868233980402e-07 
4.224359293000000e-05 2.015777304180112e+14 0.000000000000000e+00 0.000000000000000e+00 -2.885811592627391e-06 
4.224364617000000e-05 2.015329663680561e+14 0.000000000000000e+00 0.000000000000000e+00 4.404050268604365e-06 
4.224369941000000e-05 2.014879042308957e+14 0.000000000000000e+00 0.000000000000000e+00 -1.327371113864979e-06 
4.224375265000000e-05 2.014425412816964e+14 0.000000000000000e+00 0.000000000000000e+00 -5.416108479297027e-07 
4.224380589000001e-05 2.013968747617611e+14 0.000000000000000e+00 0.000000000000000e+00 1.512047511316359e-06 
4.224385912000000e-05 2.013509105419566e+14 0.000000000000000e+00 0.000000000000000e+00 8.426796122072580e-06 
4.224391236000000e-05 2.013046285244630e+14 0.000000000000000e+00 0.000000000000000e+00 -7.287436427273004e-06 
4.224396560000000e-05 2.012580344516174e+14 0.000000000000000e+00 0.000000000000000e+00 -2.562455846082494e-07 
4.224401884000000e-05 2.012111254232606e+14 0.000000000000000e+00 0.000000000000000e+00 5.538596499457798e-06 
4.224407207000000e-05 2.011639074028646e+14 0.000000000000000e+00 0.000000000000000e+00 5.978736098438231e-06 
4.224412531000000e-05 2.011163596750924e+14 0.000000000000000e+00 0.000000000000000e+00 -1.943427894888425e-06 
4.224417855000000e-05 2.010684880675330e+14 0.000000000000000e+00 0.000000000000000e+00 -7.714498160645868e-06 
4.224423179000001e-05 2.010202895281814e+14 0.000000000000000e+00 0.000000000000000e+00 4.333943420873661e-06 
4.224428502000000e-05 2.009717701115968e+14 0.000000000000000e+00 0.000000000000000e+00 4.290896393455282e-06 
4.224433826000000e-05 2.009229084559658e+14 0.000000000000000e+00 0.000000000000000e+00 2.298221175887207e-06 
4.224439150000001e-05 2.008737104719482e+14 0.000000000000000e+00 0.000000000000000e+00 5.410870923730121e-06 
4.224444474000000e-05 2.008241729441833e+14 0.000000000000000e+00 0.000000000000000e+00 1.511372196172273e-06 
4.224449798000000e-05 2.007742926145546e+14 0.000000000000000e+00 0.000000000000000e+00 -5.990350538003465e-06 
4.224455121000000e-05 2.007240756480592e+14 0.000000000000000e+00 0.000000000000000e+00 6.827515368580507e-06 
4.224460445000000e-05 2.006734998311428e+14 0.000000000000000e+00 0.000000000000000e+00 2.221860061503859e-06 
4.224465769000001e-05 2.006225711737353e+14 0.000000000000000e+00 0.000000000000000e+00 4.656041149623875e-06 
4.224471093000000e-05 2.005712862382396e+14 0.000000000000000e+00 0.000000000000000e+00 -6.158554057346526e-06 
4.224476416000000e-05 2.005196512742743e+14 0.000000000000000e+00 0.000000000000000e+00 -1.629898713111643e-05 
4.224481740000001e-05 2.004676433489452e+14 0.000000000000000e+00 0.000000000000000e+00 -9.581843595864945e-06 
4.224487064000000e-05 2.004152685469395e+14 0.000000000000000e+00 0.000000000000000e+00 3.706190099814381e-06 
4.224492388000000e-05 2.003625232365056e+14 0.000000000000000e+00 0.000000000000000e+00 -4.239489741918789e-06 
4.224497711000000e-05 2.003094137475815e+14 0.000000000000000e+00 0.000000000000000e+00 -4.397328539248105e-07 
4.224503035000000e-05 2.002559163911570e+14 0.000000000000000e+00 0.000000000000000e+00 -5.584979075855973e-08 
4.224508359000001e-05 2.002020373212881e+14 0.000000000000000e+00 0.000000000000000e+00 -1.311296274144148e-08 
4.224513683000000e-05 2.001477726956951e+14 0.000000000000000e+00 0.000000000000000e+00 5.830976176721144e-07 
4.224519007000000e-05 2.000931186165988e+14 0.000000000000000e+00 0.000000000000000e+00 5.436822636478280e-06 
4.224524330000001e-05 2.000380815062805e+14 0.000000000000000e+00 0.000000000000000e+00 8.693479661647772e-06 
4.224529654000000e-05 1.999826366741778e+14 0.000000000000000e+00 0.000000000000000e+00 -4.552079029268050e-06 
4.224534978000000e-05 1.999267903513345e+14 0.000000000000000e+00 0.000000000000000e+00 -3.285217846309893e-06 
4.224540302000000e-05 1.998705384059736e+14 0.000000000000000e+00 0.000000000000000e+00 -4.518003560418553e-06 
4.224545625000000e-05 1.998138873260077e+14 0.000000000000000e+00 0.000000000000000e+00 -2.857007390021721e-06 
4.224550949000001e-05 1.997568115699948e+14 0.000000000000000e+00 0.000000000000000e+00 -2.248489329989666e-06 
4.224556273000000e-05 1.996993174207628e+14 0.000000000000000e+00 0.000000000000000e+00 1.039282388136657e-05 
4.224561597000000e-05 1.996414004909110e+14 0.000000000000000e+00 0.000000000000000e+00 1.033657789680294e-06 
4.224566920000001e-05 1.995830673245841e+14 0.000000000000000e+00 0.000000000000000e+00 -7.450147100617516e-06 
4.224572244000000e-05 1.995242914809569e+14 0.000000000000000e+00 0.000000000000000e+00 3.922560413570521e-06 
4.224577568000000e-05 1.994650792834676e+14 0.000000000000000e+00 0.000000000000000e+00 -2.901867163406249e-06 
4.224582892000000e-05 1.994054260646102e+14 0.000000000000000e+00 0.000000000000000e+00 1.248594595065690e-05 
4.224588216000000e-05 1.993453270826385e+14 0.000000000000000e+00 0.000000000000000e+00 -1.425215052655734e-06 
4.224593539000001e-05 1.992847889352446e+14 0.000000000000000e+00 0.000000000000000e+00 2.040409663989239e-05 
4.224598863000000e-05 1.992237839815148e+14 0.000000000000000e+00 0.000000000000000e+00 8.949260112158026e-06 
4.224604187000000e-05 1.991623185761799e+14 0.000000000000000e+00 0.000000000000000e+00 -2.343501148121632e-07 
4.224609511000000e-05 1.991003876616220e+14 0.000000000000000e+00 0.000000000000000e+00 2.276287886652008e-05 
4.224614834000000e-05 1.990379978614882e+14 0.000000000000000e+00 0.000000000000000e+00 -4.615821385363113e-06 
4.224620157999999e-05 1.989751205072140e+14 0.000000000000000e+00 0.000000000000000e+00 1.100942339378695e-05 
4.224625482000000e-05 1.989117619589524e+14 0.000000000000000e+00 0.000000000000000e+00 1.578246286055228e-05 
4.224630806000000e-05 1.988479168097415e+14 0.000000000000000e+00 0.000000000000000e+00 1.053602738322277e-05 
4.224636130000000e-05 1.987835795594126e+14 0.000000000000000e+00 0.000000000000000e+00 1.452832874827833e-05 
4.224641453000000e-05 1.987187568370423e+14 0.000000000000000e+00 0.000000000000000e+00 1.317966301026205e-05 
4.224646777000000e-05 1.986534185936686e+14 0.000000000000000e+00 0.000000000000000e+00 7.512402825901015e-06 
4.224652101000000e-05 1.985875711651000e+14 0.000000000000000e+00 0.000000000000000e+00 1.288170049894920e-05 
4.224657425000000e-05 1.985212086523375e+14 0.000000000000000e+00 0.000000000000000e+00 5.138714285315604e-06 
4.224662748000000e-05 1.984543376616558e+14 0.000000000000000e+00 0.000000000000000e+00 8.193014927887027e-06 
4.224668072000000e-05 1.983869269531120e+14 0.000000000000000e+00 0.000000000000000e+00 -3.062592029453217e-06 
4.224673396000000e-05 1.983189828117518e+14 0.000000000000000e+00 0.000000000000000e+00 -2.599787521907597e-06 
4.224678720000000e-05 1.982504988927675e+14 0.000000000000000e+00 0.000000000000000e+00 3.317379081210672e-06 
4.224684043000000e-05 1.981814817491016e+14 0.000000000000000e+00 0.000000000000000e+00 4.836558088447787e-06 
4.224689367000000e-05 1.981118988622654e+14 0.000000000000000e+00 0.000000000000000e+00 -1.597462544296757e-06 
4.224694691000000e-05 1.980417564316333e+14 0.000000000000000e+00 0.000000000000000e+00 -8.244090175203184e-06 
4.224700015000000e-05 1.979710476112630e+14 0.000000000000000e+00 0.000000000000000e+00 -1.625206042787550e-06 
4.224705339000000e-05 1.978997654201715e+14 0.000000000000000e+00 0.000000000000000e+00 5.494674071337711e-06 
4.224710662000000e-05 1.978279162908829e+14 0.000000000000000e+00 0.000000000000000e+00 -1.726613584081601e-05 
4.224715986000000e-05 1.977554659647382e+14 0.000000000000000e+00 0.000000000000000e+00 4.248001310020558e-06 
4.224721310000000e-05 1.976824204724544e+14 0.000000000000000e+00 0.000000000000000e+00 3.251298603091425e-06 
4.224726634000000e-05 1.976087722483162e+14 0.000000000000000e+00 0.000000000000000e+00 -1.067076635700367e-06 
4.224731957000000e-05 1.975345275739923e+14 0.000000000000000e+00 0.000000000000000e+00 6.344294359198391e-06 
4.224737281000000e-05 1.974596506672909e+14 0.000000000000000e+00 0.000000000000000e+00 5.589541998197456e-06 
4.224742605000001e-05 1.973841473616285e+14 0.000000000000000e+00 0.000000000000000e+00 -3.773336550659792e-06 
4.224747929000000e-05 1.973080094251562e+14 0.000000000000000e+00 0.000000000000000e+00 8.655801918936207e-06 
4.224753252000000e-05 1.972312429273851e+14 0.000000000000000e+00 0.000000000000000e+00 3.141070556034718e-06 
4.224758576000000e-05 1.971538104258088e+14 0.000000000000000e+00 0.000000000000000e+00 1.373278212955203e-06 
4.224763900000000e-05 1.970757174866328e+14 0.000000000000000e+00 0.000000000000000e+00 -2.111663938953665e-06 
4.224769224000000e-05 1.969969551137282e+14 0.000000000000000e+00 0.000000000000000e+00 -1.412560751364801e-05 
4.224774548000001e-05 1.969175141023097e+14 0.000000000000000e+00 0.000000000000000e+00 1.068322071501721e-05 
4.224779871000000e-05 1.968374001468977e+14 0.000000000000000e+00 0.000000000000000e+00 -1.460787827485792e-05 
4.224785195000001e-05 1.967565735019978e+14 0.000000000000000e+00 0.000000000000000e+00 -3.436912406999638e-05 
4.224790519000000e-05 1.966750392741964e+14 0.000000000000000e+00 0.000000000000000e+00 -4.061472616685309e-06 
4.224795843000000e-05 1.965927873421128e+14 0.000000000000000e+00 0.000000000000000e+00 2.569546322904759e-06 
4.224801166000000e-05 1.965098229876762e+14 0.000000000000000e+00 0.000000000000000e+00 7.355492622275705e-06 
4.224806490000000e-05 1.964261044056551e+14 0.000000000000000e+00 0.000000000000000e+00 1.340799643923821e-05 
4.224811814000000e-05 1.963416362060880e+14 0.000000000000000e+00 0.000000000000000e+00 6.663102752969788e-06 
4.224817138000001e-05 1.962564071982583e+14 0.000000000000000e+00 0.000000000000000e+00 -8.783165096847667e-06 
4.224822461000000e-05 1.961704221230078e+14 0.000000000000000e+00 0.000000000000000e+00 -7.801025263841424e-06 
4.224827785000001e-05 1.960836368815396e+14 0.000000000000000e+00 0.000000000000000e+00 -1.874090835415865e-06 
4.224833109000000e-05 1.959960554402067e+14 0.000000000000000e+00 0.000000000000000e+00 1.762807210017730e-06 
4.224838433000000e-05 1.959076653501068e+14 0.000000000000000e+00 0.000000000000000e+00 -1.911369105442502e-05 
4.224843756999999e-05 1.958184538131503e+14 0.000000000000000e+00 0.000000000000000e+00 1.874418853940820e-05 
4.224849080000000e-05 1.957284246589300e+14 0.000000000000000e+00 0.000000000000000e+00 -1.894565066259837e-06 
4.224854404000000e-05 1.956375305192124e+14 0.000000000000000e+00 0.000000000000000e+00 1.608976116607483e-07 
4.224859728000001e-05 1.955457742860170e+14 0.000000000000000e+00 0.000000000000000e+00 2.844506391608778e-05 
4.224865052000000e-05 1.954531416001040e+14 0.000000000000000e+00 0.000000000000000e+00 4.327438375363052e-06 
4.224870375000001e-05 1.953596353167453e+14 0.000000000000000e+00 0.000000000000000e+00 2.501789040210616e-06 
4.224875699000000e-05 1.952652050525649e+14 0.000000000000000e+00 0.000000000000000e+00 -1.345933052566139e-05 
4.224881023000000e-05 1.951698525577421e+14 0.000000000000000e+00 0.000000000000000e+00 6.097439037058841e-06 
4.224886347000000e-05 1.950735615975574e+14 0.000000000000000e+00 0.000000000000000e+00 1.765900980904295e-05 
4.224891670000000e-05 1.949763337661428e+14 0.000000000000000e+00 0.000000000000000e+00 9.848965490532932e-06 
4.224896994000000e-05 1.948781152187726e+14 0.000000000000000e+00 0.000000000000000e+00 -2.725076556157421e-05 
4.224902318000000e-05 1.947789062324415e+14 0.000000000000000e+00 0.000000000000000e+00 -1.296060429706753e-05 
4.224907642000000e-05 1.946786882963699e+14 0.000000000000000e+00 0.000000000000000e+00 -1.306197120450225e-05 
4.224912966000000e-05 1.945774422555374e+14 0.000000000000000e+00 0.000000000000000e+00 3.365902717356124e-05 
4.224918289000000e-05 1.944751675895705e+14 0.000000000000000e+00 0.000000000000000e+00 4.977967876483972e-05 
4.224923613000000e-05 1.943718053255237e+14 0.000000000000000e+00 0.000000000000000e+00 -1.659737785985957e-05 
4.224928937000000e-05 1.942673532751317e+14 0.000000000000000e+00 0.000000000000000e+00 9.114281100295115e-06 
4.224934261000000e-05 1.941617893393922e+14 0.000000000000000e+00 0.000000000000000e+00 2.429709370130421e-05 
4.224939584000000e-05 1.940551107278510e+14 0.000000000000000e+00 0.000000000000000e+00 3.586854822120665e-06 
4.224944908000000e-05 1.939472535338655e+14 0.000000000000000e+00 0.000000000000000e+00 2.114290827921208e-05 
4.224950232000000e-05 1.938382129230685e+14 0.000000000000000e+00 0.000000000000000e+00 -7.527812784652028e-06 
4.224955556000000e-05 1.937279631359072e+14 0.000000000000000e+00 0.000000000000000e+00 4.531664017447939e-05 
4.224960880000000e-05 1.936164773477944e+14 0.000000000000000e+00 0.000000000000000e+00 1.817941547052014e-05 
4.224966203000000e-05 1.935037489249231e+14 0.000000000000000e+00 0.000000000000000e+00 -1.351723444822043e-05 
4.224971527000000e-05 1.933897063950521e+14 0.000000000000000e+00 0.000000000000000e+00 -5.277721198851792e-06 
4.224976851000000e-05 1.932743404347855e+14 0.000000000000000e+00 0.000000000000000e+00 -5.349424547365882e-06 
4.224982175000000e-05 1.931576190694285e+14 0.000000000000000e+00 0.000000000000000e+00 1.693236963345307e-05 
4.224987498000000e-05 1.930395319610735e+14 0.000000000000000e+00 0.000000000000000e+00 -2.920311132395067e-06 
4.224992822000000e-05 1.929199998457308e+14 0.000000000000000e+00 0.000000000000000e+00 -1.958320870843291e-05 
4.224998146000000e-05 1.927990084965971e+14 0.000000000000000e+00 0.000000000000000e+00 7.454123709159352e-06 
4.225003470000000e-05 1.926765199090232e+14 0.000000000000000e+00 0.000000000000000e+00 1.466718986433269e-05 
4.225008793000000e-05 1.925525176789086e+14 0.000000000000000e+00 0.000000000000000e+00 -2.991463133751762e-05 
4.225014117000000e-05 1.924269068181906e+14 0.000000000000000e+00 0.000000000000000e+00 2.490186098357148e-05 
4.225019441000000e-05 1.922996792459382e+14 0.000000000000000e+00 0.000000000000000e+00 3.879958132551207e-05 
4.225024765000000e-05 1.921707826429184e+14 0.000000000000000e+00 0.000000000000000e+00 -1.464752669270688e-05 
4.225030089000000e-05 1.920401684122218e+14 0.000000000000000e+00 0.000000000000000e+00 -4.605361159257856e-07 
4.225035412000000e-05 1.919078103976598e+14 0.000000000000000e+00 0.000000000000000e+00 -1.108168306271318e-05 
4.225040736000000e-05 1.917736049002381e+14 0.000000000000000e+00 0.000000000000000e+00 5.608850908148811e-05 
4.225046060000000e-05 1.916375034221103e+14 0.000000000000000e+00 0.000000000000000e+00 3.293300595520251e-06 
4.225051384000001e-05 1.914994769049880e+14 0.000000000000000e+00 0.000000000000000e+00 -3.149899281222322e-05 
4.225056707000000e-05 1.913594731297947e+14 0.000000000000000e+00 0.000000000000000e+00 -4.198573204102816e-05 
4.225062031000000e-05 1.912173720692051e+14 0.000000000000000e+00 0.000000000000000e+00 9.105209503352946e-06 
4.225067355000001e-05 1.910731283498962e+14 0.000000000000000e+00 0.000000000000000e+00 3.416729624987227e-05 
4.225072679000000e-05 1.909266661068195e+14 0.000000000000000e+00 0.000000000000000e+00 -4.223108128029166e-05 
4.225078002000000e-05 1.907779157127760e+14 0.000000000000000e+00 0.000000000000000e+00 -4.507156425785373e-05 
4.225083326000000e-05 1.906267683989126e+14 0.000000000000000e+00 0.000000000000000e+00 4.007022672858490e-05 
4.225088650000000e-05 1.904731447370036e+14 0.000000000000000e+00 0.000000000000000e+00 -8.352896474642032e-06 
4.225093974000001e-05 1.903169473175112e+14 0.000000000000000e+00 0.000000000000000e+00 7.616727174071616e-05 
4.225099298000000e-05 1.901580721295667e+14 0.000000000000000e+00 0.000000000000000e+00 7.563867540016056e-05 
4.225104621000000e-05 1.899964261280036e+14 0.000000000000000e+00 0.000000000000000e+00 3.616069461594238e-06 
4.225109945000001e-05 1.898318533014145e+14 0.000000000000000e+00 0.000000000000000e+00 -9.722392480985135e-06 
4.225115269000000e-05 1.896642447006930e+14 0.000000000000000e+00 0.000000000000000e+00 -1.140918837092356e-06 
4.225120593000000e-05 1.894934632853408e+14 0.000000000000000e+00 0.000000000000000e+00 3.108018724783964e-05 
4.225125916000000e-05 1.893193877055033e+14 0.000000000000000e+00 0.000000000000000e+00 -1.791204190914102e-05 
4.225131240000000e-05 1.891418072997978e+14 0.000000000000000e+00 0.000000000000000e+00 1.113190181079253e-04 
4.225136564000001e-05 1.889605769855516e+14 0.000000000000000e+00 0.000000000000000e+00 -9.827910920453841e-05 
4.225141888000000e-05 1.887755119973078e+14 0.000000000000000e+00 0.000000000000000e+00 -3.543514377882733e-05 
4.225147211000001e-05 1.885864446576012e+14 0.000000000000000e+00 0.000000000000000e+00 -2.559593971137013e-06 
4.225152535000000e-05 1.883930944189410e+14 0.000000000000000e+00 0.000000000000000e+00 8.127449353743062e-05 
4.225157859000000e-05 1.881952579986397e+14 0.000000000000000e+00 0.000000000000000e+00 3.983069472366492e-05 
4.225163182999999e-05 1.879926798798322e+14 0.000000000000000e+00 0.000000000000000e+00 2.229467481262306e-05 
4.225168507000000e-05 1.877850796845899e+14 0.000000000000000e+00 0.000000000000000e+00 9.970400233904844e-05 
4.225173830000000e-05 1.875721970250397e+14 0.000000000000000e+00 0.000000000000000e+00 3.392140415682805e-05 
4.225179154000001e-05 1.873536192577246e+14 0.000000000000000e+00 0.000000000000000e+00 -3.141387163764438e-05 
4.225184478000000e-05 1.871290217493243e+14 0.000000000000000e+00 0.000000000000000e+00 -1.474868524071659e-04 
4.225189802000000e-05 1.868980051397858e+14 0.000000000000000e+00 0.000000000000000e+00 -7.852240990302974e-05 
4.225195125000000e-05 1.866601753186779e+14 0.000000000000000e+00 0.000000000000000e+00 6.760821809874617e-05 
4.225200449000000e-05 1.864149586711797e+14 0.000000000000000e+00 0.000000000000000e+00 -4.110133324436821e-05 
4.225205772999999e-05 1.861618640724055e+14 0.000000000000000e+00 0.000000000000000e+00 -3.309287673844029e-05 
4.225211097000000e-05 1.859002988349767e+14 0.000000000000000e+00 0.000000000000000e+00 -1.849456869641617e-04 
4.225216420000000e-05 1.856296566864814e+14 0.000000000000000e+00 0.000000000000000e+00 -6.168198960485034e-05 
4.225221744000001e-05 1.853491036514342e+14 0.000000000000000e+00 0.000000000000000e+00 5.966825124545270e-05 
4.225227068000000e-05 1.850578723475702e+14 0.000000000000000e+00 0.000000000000000e+00 -6.541120015910632e-05 
4.225232392000000e-05 1.847550481001630e+14 0.000000000000000e+00 0.000000000000000e+00 6.858461240154182e-05 
4.225237716000000e-05 1.844396043676195e+14 0.000000000000000e+00 0.000000000000000e+00 -3.050692115581472e-05 
4.225243039000000e-05 1.841104487290862e+14 0.000000000000000e+00 0.000000000000000e+00 8.218900779805995e-05 
4.225248362999999e-05 1.837661529441278e+14 0.000000000000000e+00 0.000000000000000e+00 -4.998879440775703e-05 
4.225253687000000e-05 1.834052990396832e+14 0.000000000000000e+00 0.000000000000000e+00 -4.535674662837529e-05 
4.225259011000000e-05 1.830262061520132e+14 0.000000000000000e+00 0.000000000000000e+00 1.461043052768353e-04 
4.225264334000001e-05 1.826270332493517e+14 0.000000000000000e+00 0.000000000000000e+00 1.168270034991495e-04 
4.225269658000000e-05 1.822054335445915e+14 0.000000000000000e+00 0.000000000000000e+00 -1.804052979329500e-07 
4.225274982000000e-05 1.817589515774485e+14 0.000000000000000e+00 0.000000000000000e+00 1.100540885773105e-04 
4.225280306000000e-05 1.812846704588477e+14 0.000000000000000e+00 0.000000000000000e+00 -3.075329626416049e-04 
4.225285630000000e-05 1.807791997340692e+14 0.000000000000000e+00 0.000000000000000e+00 -7.107111028720382e-06 
4.225290953000000e-05 1.802386946481586e+14 0.000000000000000e+00 0.000000000000000e+00 -2.752258910590154e-04 
4.225296277000000e-05 1.796582925487337e+14 0.000000000000000e+00 0.000000000000000e+00 3.319390891882988e-04 
4.225301601000000e-05 1.790326683754081e+14 0.000000000000000e+00 0.000000000000000e+00 5.052789859759314e-05 
4.225306925000000e-05 1.783552576873059e+14 0.000000000000000e+00 0.000000000000000e+00 4.733273283012508e-05 
4.225312248000000e-05 1.776185588082748e+14 0.000000000000000e+00 0.000000000000000e+00 -1.929631336546063e-04 
4.225317572000000e-05 1.768128726524070e+14 0.000000000000000e+00 0.000000000000000e+00 -2.056088471539529e-04 
4.225322896000000e-05 1.759271227459188e+14 0.000000000000000e+00 0.000000000000000e+00 2.497241009352225e-04 
4.225328220000000e-05 1.749473759621216e+14 0.000000000000000e+00 0.000000000000000e+00 3.263967480737476e-04 
4.225333543000000e-05 1.738567931225222e+14 0.000000000000000e+00 0.000000000000000e+00 -2.105799859625326e-04 
4.225338867000000e-05 1.726334106017987e+14 0.000000000000000e+00 0.000000000000000e+00 2.619637167025457e-04 
4.225344191000000e-05 1.712500778926769e+14 0.000000000000000e+00 0.000000000000000e+00 4.264510594554857e-04 
4.225349515000000e-05 1.696711201253482e+14 0.000000000000000e+00 0.000000000000000e+00 1.985465109712523e-06 
4.225354839000000e-05 1.678487641691858e+14 0.000000000000000e+00 0.000000000000000e+00 2.742208352593261e-04 
4.225360162000000e-05 1.657170944261678e+14 0.000000000000000e+00 0.000000000000000e+00 1.072615635990309e-04 
4.225365486000000e-05 1.631790379699187e+14 0.000000000000000e+00 0.000000000000000e+00 2.649511230542657e-04 
4.225370810000001e-05 1.600889956650422e+14 0.000000000000000e+00 0.000000000000000e+00 -8.391700817006513e-04 
4.225376134000000e-05 1.562190099163308e+14 0.000000000000000e+00 0.000000000000000e+00 -6.249354660116146e-04 
4.225381457000000e-05 1.512156057533637e+14 0.000000000000000e+00 0.000000000000000e+00 6.412889918844484e-04 
4.225386781000000e-05 1.445576956810936e+14 0.000000000000000e+00 0.000000000000000e+00 -6.155636114368607e-04 
4.225392105000000e-05 1.355913634624953e+14 0.000000000000000e+00 0.000000000000000e+00 -1.097122830537626e-03 
4.225397429000000e-05 1.237264867888462e+14 0.000000000000000e+00 0.000000000000000e+00 4.871540214954325e-04 
4.225402752000000e-05 1.088467081505449e+14 0.000000000000000e+00 0.000000000000000e+00 1.072451594390172e-03 
4.225408076000000e-05 9.167184842632608e+13 0.000000000000000e+00 0.000000000000000e+00 -7.854737144333829e-04 
4.225413400000001e-05 7.371260899935467e+13 0.000000000000000e+00 0.000000000000000e+00 2.918336444644748e-04 
4.225418724000000e-05 5.677129667452652e+13 0.000000000000000e+00 0.000000000000000e+00 1.099695512197294e-03 
4.225424048000000e-05 4.244315510680615e+13 0.000000000000000e+00 0.000000000000000e+00 -1.532665138784497e-04 
4.225429371000000e-05 3.168740828321211e+13 0.000000000000000e+00 0.000000000000000e+00 7.421109279544076e-05 
4.225434695000000e-05 2.452909044797089e+13 0.000000000000000e+00 0.000000000000000e+00 1.456869793993726e-04 
4.225440019000000e-05 2.025213335642384e+13 0.000000000000000e+00 0.000000000000000e+00 -4.657395282414835e-04 
4.225445343000000e-05 1.794834796766726e+13 0.000000000000000e+00 0.000000000000000e+00 8.847829819820266e-05 
4.225450666000000e-05 1.693823443152659e+13 0.000000000000000e+00 0.000000000000000e+00 5.694728792394678e-05 
4.225455990000001e-05 1.688576525884774e+13 0.000000000000000e+00 0.000000000000000e+00 2.288537905400838e-04 
4.225461314000000e-05 1.777370468970351e+13 0.000000000000000e+00 0.000000000000000e+00 -2.863270014719845e-04 
4.225466638000000e-05 1.989978797941532e+13 0.000000000000000e+00 0.000000000000000e+00 -2.749517343085882e-04 
4.225471961000001e-05 2.390634353352715e+13 0.000000000000000e+00 0.000000000000000e+00 -1.054186223434199e-04 
4.225477285000000e-05 3.069531108908175e+13 0.000000000000000e+00 0.000000000000000e+00 1.367964943510344e-05 
4.225482609000000e-05 4.103519795250708e+13 0.000000000000000e+00 0.000000000000000e+00 1.124852465400226e-04 
4.225487933000000e-05 5.497742283005362e+13 0.000000000000000e+00 0.000000000000000e+00 5.234241392526777e-04 
4.225493257000000e-05 7.159424363956348e+13 0.000000000000000e+00 0.000000000000000e+00 -1.080055952720419e-03 
4.225498580000001e-05 8.925026659791036e+13 0.000000000000000e+00 0.000000000000000e+00 -8.844055961878722e-04 
4.225503904000000e-05 1.061033449253928e+14 0.000000000000000e+00 0.000000000000000e+00 1.549025971589833e-03 
4.225509228000000e-05 1.206160553034799e+14 0.000000000000000e+00 0.000000000000000e+00 -2.484319309472468e-04 
4.225514552000000e-05 1.320531505624977e+14 0.000000000000000e+00 0.000000000000000e+00 -4.005074539963402e-04 
4.225519875000000e-05 1.405361790402307e+14 0.000000000000000e+00 0.000000000000000e+00 -2.872208589840208e-04 
4.225525199000000e-05 1.466718301182606e+14 0.000000000000000e+00 0.000000000000000e+00 -6.738601861720156e-04 
4.225530523000000e-05 1.511283293946559e+14 0.000000000000000e+00 0.000000000000000e+00 5.884360667736486e-04 
4.225535847000000e-05 1.544362860975703e+14 0.000000000000000e+00 0.000000000000000e+00 8.288420598923590e-04 
4.225541170000001e-05 1.569562012156765e+14 0.000000000000000e+00 0.000000000000000e+00 -6.455529196245314e-05 
4.225546494000000e-05 1.589198036050798e+14 0.000000000000000e+00 0.000000000000000e+00 -2.377031968557648e-04 
4.225551818000000e-05 1.604734043513961e+14 0.000000000000000e+00 0.000000000000000e+00 5.719236670981304e-04 
4.225557142000000e-05 1.617130984427991e+14 0.000000000000000e+00 0.000000000000000e+00 7.745221701298652e-05 
4.225562466000000e-05 1.627044671423119e+14 0.000000000000000e+00 0.000000000000000e+00 4.634631343291360e-04 
4.225567789000000e-05 1.634939653536839e+14 0.000000000000000e+00 0.000000000000000e+00 1.572816292931106e-04 
4.225573113000000e-05 1.641160531831578e+14 0.000000000000000e+00 0.000000000000000e+00 1.108467408063989e-04 
4.225578437000000e-05 1.645960168917292e+14 0.000000000000000e+00 0.000000000000000e+00 -1.579498142388623e-04 
4.225583761000000e-05 1.649531261678722e+14 0.000000000000000e+00 0.000000000000000e+00 -6.672918110775461e-05 
4.225589084000000e-05 1.652015482668008e+14 0.000000000000000e+00 0.000000000000000e+00 1.519402060699114e-04 
4.225594408000000e-05 1.653517762866681e+14 0.000000000000000e+00 0.000000000000000e+00 -8.567313490264738e-05 
4.225599732000000e-05 1.654104733660720e+14 0.000000000000000e+00 0.000000000000000e+00 -6.725209326676943e-05 
4.225605056000000e-05 1.653812344895662e+14 0.000000000000000e+00 0.000000000000000e+00 -6.095062106873714e-05 
4.225610380000000e-05 1.652639959529933e+14 0.000000000000000e+00 0.000000000000000e+00 6.781946095617457e-05 
4.225615703000000e-05 1.650547496078628e+14 0.000000000000000e+00 0.000000000000000e+00 -2.082452813914928e-04 
4.225621027000000e-05 1.647435657368979e+14 0.000000000000000e+00 0.000000000000000e+00 -2.588644961572712e-05 
4.225626351000000e-05 1.643124785589028e+14 0.000000000000000e+00 0.000000000000000e+00 1.574675706528481e-04 
4.225631675000000e-05 1.637300863141413e+14 0.000000000000000e+00 0.000000000000000e+00 -3.690267513681128e-05 
4.225636998000000e-05 1.629427185810567e+14 0.000000000000000e+00 0.000000000000000e+00 3.327806122822535e-05 
4.225642322000000e-05 1.618582167351464e+14 0.000000000000000e+00 0.000000000000000e+00 8.074252810940711e-05 
4.225647646000000e-05 1.603219373424807e+14 0.000000000000000e+00 0.000000000000000e+00 -4.837840301030247e-05 
4.225652970000001e-05 1.580813293909795e+14 0.000000000000000e+00 0.000000000000000e+00 -6.265985750349594e-05 
4.225658293000000e-05 1.547484672674554e+14 0.000000000000000e+00 0.000000000000000e+00 -8.230934323543491e-05 
4.225663617000000e-05 1.497815479949664e+14 0.000000000000000e+00 0.000000000000000e+00 -2.727597176367732e-05 
4.225668941000000e-05 1.425464019710582e+14 0.000000000000000e+00 0.000000000000000e+00 8.837814730197365e-05 
4.225674265000000e-05 1.325176040981526e+14 0.000000000000000e+00 0.000000000000000e+00 -2.168687928161244e-05 
4.225679589000001e-05 1.196452078755129e+14 0.000000000000000e+00 0.000000000000000e+00 -4.838068090481113e-06 
4.225684912000000e-05 1.047354834662799e+14 0.000000000000000e+00 0.000000000000000e+00 -4.824343391793550e-06 
4.225690236000000e-05 8.947628564689022e+13 0.000000000000000e+00 0.000000000000000e+00 9.731166943810547e-06 
4.225695560000000e-05 7.589001121829434e+13 0.000000000000000e+00 0.000000000000000e+00 -2.457551419208034e-06 
4.225700884000000e-05 6.547437544652648e+13 0.000000000000000e+00 0.000000000000000e+00 -9.351934472690267e-06 
4.225706207000000e-05 5.879703040825994e+13 0.000000000000000e+00 0.000000000000000e+00 7.041795067708541e-06 
4.225711531000000e-05 5.577076127154964e+13 0.000000000000000e+00 0.000000000000000e+00 2.434455612335342e-06 
4.225716855000000e-05 5.620736470110166e+13 0.000000000000000e+00 0.000000000000000e+00 3.488954327438443e-06 
4.225722179000001e-05 6.013189736557261e+13 0.000000000000000e+00 0.000000000000000e+00 -8.863081854041954e-07 
4.225727502000000e-05 6.772576601398306e+13 0.000000000000000e+00 0.000000000000000e+00 4.553364807972297e-06 
4.225732826000000e-05 7.891555017666955e+13 0.000000000000000e+00 0.000000000000000e+00 6.610707455725040e-06 
4.225738150000000e-05 9.283043217007138e+13 0.000000000000000e+00 0.000000000000000e+00 -3.814296986910133e-06 
4.225743474000000e-05 1.077141349668540e+14 0.000000000000000e+00 0.000000000000000e+00 -1.747892901680097e-05 
4.225748797999999e-05 1.215446058394174e+14 0.000000000000000e+00 0.000000000000000e+00 -2.007473184988342e-05 
4.225754121000000e-05 1.328852816798785e+14 0.000000000000000e+00 0.000000000000000e+00 -8.028087934267589e-06 
4.225759445000000e-05 1.412706128491326e+14 0.000000000000000e+00 0.000000000000000e+00 2.367406275180453e-05 
4.225764769000001e-05 1.469859982782510e+14 0.000000000000000e+00 0.000000000000000e+00 -2.140141501065398e-07 
4.225770093000000e-05 1.506548964303633e+14 0.000000000000000e+00 0.000000000000000e+00 5.288690341266523e-06 
4.225775416000001e-05 1.529100682539902e+14 0.000000000000000e+00 0.000000000000000e+00 -1.103126236432873e-06 
4.225780740000000e-05 1.542486704577819e+14 0.000000000000000e+00 0.000000000000000e+00 -4.049674948157220e-05 
4.225786064000000e-05 1.550092102208093e+14 0.000000000000000e+00 0.000000000000000e+00 3.908612350121737e-05 
4.225791387999999e-05 1.554049733274255e+14 0.000000000000000e+00 0.000000000000000e+00 -1.331336161959530e-05 
4.225796711000000e-05 1.555643788110313e+14 0.000000000000000e+00 0.000000000000000e+00 1.926299551066753e-05 
4.225802035000000e-05 1.555635356439021e+14 0.000000000000000e+00 0.000000000000000e+00 1.392161936769407e-05 
4.225807359000001e-05 1.554476567390281e+14 0.000000000000000e+00 0.000000000000000e+00 1.690169898504155e-05 
4.225812683000000e-05 1.552441711439113e+14 0.000000000000000e+00 0.000000000000000e+00 1.974688970054557e-05 
4.225818007000000e-05 1.549700686743289e+14 0.000000000000000e+00 0.000000000000000e+00 -1.479474445166150e-05 
4.225823330000000e-05 1.546360238939610e+14 0.000000000000000e+00 0.000000000000000e+00 9.867427897636708e-06 
4.225828654000000e-05 1.542482128453207e+14 0.000000000000000e+00 0.000000000000000e+00 1.693142540406335e-05 
4.225833977999999e-05 1.538099999399246e+14 0.000000000000000e+00 0.000000000000000e+00 1.766414044724719e-05 
4.225839302000000e-05 1.533221314041780e+14 0.000000000000000e+00 0.000000000000000e+00 -1.059659617893718e-05 
4.225844625000000e-05 1.527831613033521e+14 0.000000000000000e+00 0.000000000000000e+00 2.388300151658251e-05 
4.225849949000001e-05 1.521887041667423e+14 0.000000000000000e+00 0.000000000000000e+00 -1.277890334729104e-06 
4.225855273000000e-05 1.515313065876596e+14 0.000000000000000e+00 0.000000000000000e+00 -1.872423598892208e-05 
4.225860597000000e-05 1.507984323594952e+14 0.000000000000000e+00 0.000000000000000e+00 -2.853985879942389e-05 
4.225865920000000e-05 1.499691442945852e+14 0.000000000000000e+00 0.000000000000000e+00 3.044079186887488e-05 
4.225871244000000e-05 1.490060433797814e+14 0.000000000000000e+00 0.000000000000000e+00 -2.042269278851832e-05 
4.225876568000000e-05 1.478405435785125e+14 0.000000000000000e+00 0.000000000000000e+00 1.021038640621806e-05 
4.225881892000000e-05 1.463408230474625e+14 0.000000000000000e+00 0.000000000000000e+00 3.033427686604507e-05 
4.225887216000000e-05 1.442540049226743e+14 0.000000000000000e+00 0.000000000000000e+00 1.192917900790775e-05 
4.225892539000001e-05 1.411165921767296e+14 0.000000000000000e+00 0.000000000000000e+00 -2.286480575186122e-07 
4.225897863000000e-05 1.361569943019988e+14 0.000000000000000e+00 0.000000000000000e+00 -1.126955224184012e-05 
4.225903187000000e-05 1.283162587507235e+14 0.000000000000000e+00 0.000000000000000e+00 -2.596371793720034e-08 
4.225908511000000e-05 1.165977344691284e+14 0.000000000000000e+00 0.000000000000000e+00 7.097046456213509e-06 
4.225913834000000e-05 1.008530863350680e+14 0.000000000000000e+00 0.000000000000000e+00 5.302095644342075e-06 
4.225919158000000e-05 8.248969535593105e+13 0.000000000000000e+00 0.000000000000000e+00 1.696246810783403e-06 
4.225924482000000e-05 6.423974441449475e+13 0.000000000000000e+00 0.000000000000000e+00 7.588506968248237e-07 
4.225929806000000e-05 4.881652879825614e+13 0.000000000000000e+00 0.000000000000000e+00 5.324742858566030e-07 
4.225935130000000e-05 3.760512585914596e+13 0.000000000000000e+00 0.000000000000000e+00 -8.785363653161690e-08 
4.225940453000000e-05 3.044212006429588e+13 0.000000000000000e+00 0.000000000000000e+00 6.391499743472158e-08 
4.225945777000000e-05 2.636803800388018e+13 0.000000000000000e+00 0.000000000000000e+00 1.132792009564228e-08 
4.225951101000000e-05 2.444019121725132e+13 0.000000000000000e+00 0.000000000000000e+00 4.584431381008886e-08 
4.225956425000001e-05 2.410411339253676e+13 0.000000000000000e+00 0.000000000000000e+00 1.698620005528582e-08 
4.225961748000000e-05 2.525821802847927e+13 0.000000000000000e+00 0.000000000000000e+00 9.023980045148971e-09 
4.225967072000000e-05 2.825165066461565e+13 0.000000000000000e+00 0.000000000000000e+00 -7.269581642633795e-09 
4.225972396000000e-05 3.387401969557559e+13 0.000000000000000e+00 0.000000000000000e+00 5.523038711448933e-08 
4.225977720000000e-05 4.313358127175725e+13 0.000000000000000e+00 0.000000000000000e+00 -1.297753304318715e-08 
4.225983043000000e-05 5.657349324606438e+13 0.000000000000000e+00 0.000000000000000e+00 6.576356538454789e-07 
4.225988367000000e-05 7.332852736991698e+13 0.000000000000000e+00 0.000000000000000e+00 1.417469438535052e-06 
4.225993691000000e-05 9.089563834291206e+13 0.000000000000000e+00 0.000000000000000e+00 5.757061076534634e-07 
4.225999015000001e-05 1.063083237174468e+14 0.000000000000000e+00 0.000000000000000e+00 -1.314475172406569e-06 
4.226004339000000e-05 1.177351818023482e+14 0.000000000000000e+00 0.000000000000000e+00 4.882447848192603e-06 
4.226009662000000e-05 1.250533885366281e+14 0.000000000000000e+00 0.000000000000000e+00 -4.705970027607134e-06 
4.226014986000000e-05 1.292208804843524e+14 0.000000000000000e+00 0.000000000000000e+00 -2.618951899110740e-06 
4.226020310000000e-05 1.313767689136283e+14 0.000000000000000e+00 0.000000000000000e+00 -5.150625396859523e-06 
4.226025634000000e-05 1.323821826843869e+14 0.000000000000000e+00 0.000000000000000e+00 8.560404673388419e-06 
4.226030957000000e-05 1.327599292804457e+14 0.000000000000000e+00 0.000000000000000e+00 -9.534444050575611e-07 
4.226036281000000e-05 1.327926011309053e+14 0.000000000000000e+00 0.000000000000000e+00 2.441440411903421e-06 
4.226041605000001e-05 1.326249644317332e+14 0.000000000000000e+00 0.000000000000000e+00 1.262932675743882e-06 
4.226046929000000e-05 1.323312730928983e+14 0.000000000000000e+00 0.000000000000000e+00 4.109631227221275e-07 
4.226052252000000e-05 1.319513406257020e+14 0.000000000000000e+00 0.000000000000000e+00 -9.840361431414799e-07 
4.226057576000001e-05 1.315078999156736e+14 0.000000000000000e+00 0.000000000000000e+00 9.271130244078153e-06 
4.226062900000000e-05 1.310153300163982e+14 0.000000000000000e+00 0.000000000000000e+00 2.607489446681449e-06 
4.226068224000000e-05 1.304832690001247e+14 0.000000000000000e+00 0.000000000000000e+00 3.402188966041662e-06 
4.226073548000000e-05 1.299185731136821e+14 0.000000000000000e+00 0.000000000000000e+00 -3.073805560875069e-06 
4.226078871000000e-05 1.293264480734781e+14 0.000000000000000e+00 0.000000000000000e+00 -9.733466942492791e-07 
4.226084195000001e-05 1.287105436020822e+14 0.000000000000000e+00 0.000000000000000e+00 4.026675619761229e-06 
4.226089519000000e-05 1.280739768728101e+14 0.000000000000000e+00 0.000000000000000e+00 -5.059638422248420e-06 
4.226094843000000e-05 1.274191502606719e+14 0.000000000000000e+00 0.000000000000000e+00 4.744583915748291e-06 
4.226100166000001e-05 1.267480992657101e+14 0.000000000000000e+00 0.000000000000000e+00 4.544967217790786e-06 
4.226105490000000e-05 1.260621456243510e+14 0.000000000000000e+00 0.000000000000000e+00 1.952730800989965e-06 
4.226110814000000e-05 1.253626945843245e+14 0.000000000000000e+00 0.000000000000000e+00 1.123565578339512e-06 
4.226116138000000e-05 1.246508247969020e+14 0.000000000000000e+00 0.000000000000000e+00 -1.359046765963113e-06 
4.226121461000000e-05 1.239275769470545e+14 0.000000000000000e+00 0.000000000000000e+00 3.798261051889095e-06 
4.226126785000001e-05 1.231934490142863e+14 0.000000000000000e+00 0.000000000000000e+00 5.315810889594942e-06 
4.226132109000000e-05 1.224492394248610e+14 0.000000000000000e+00 0.000000000000000e+00 3.608132497825494e-06 
4.226137433000000e-05 1.216955246208513e+14 0.000000000000000e+00 0.000000000000000e+00 -1.532448226121302e-06 
4.226142757000000e-05 1.209328117069939e+14 0.000000000000000e+00 0.000000000000000e+00 -5.792221926466709e-07 
4.226148080000000e-05 1.201616963559625e+14 0.000000000000000e+00 0.000000000000000e+00 7.566294853423769e-07 
4.226153404000000e-05 1.193822927914175e+14 0.000000000000000e+00 0.000000000000000e+00 -2.491110797121495e-06 
4.226158728000000e-05 1.185951108818352e+14 0.000000000000000e+00 0.000000000000000e+00 -1.048510297017379e-06 
4.226164052000000e-05 1.178004860698634e+14 0.000000000000000e+00 0.000000000000000e+00 2.170668246522386e-06 
4.226169375000001e-05 1.169988794139995e+14 0.000000000000000e+00 0.000000000000000e+00 2.550458836541953e-06 
4.226174699000000e-05 1.161902789951801e+14 0.000000000000000e+00 0.000000000000000e+00 7.696628753590090e-07 
4.226180023000000e-05 1.153751068704410e+14 0.000000000000000e+00 0.000000000000000e+00 -7.770250551784869e-07 
4.226185347000000e-05 1.145536212462673e+14 0.000000000000000e+00 0.000000000000000e+00 5.206560371487824e-07 
4.226190670000000e-05 1.137262248835478e+14 0.000000000000000e+00 0.000000000000000e+00 1.270956621862475e-07 
4.226195994000000e-05 1.128928442079955e+14 0.000000000000000e+00 0.000000000000000e+00 -2.942852487175193e-06 
4.226201318000000e-05 1.120538635932034e+14 0.000000000000000e+00 0.000000000000000e+00 -1.111559171772685e-06 
4.226206642000000e-05 1.112095062481837e+14 0.000000000000000e+00 0.000000000000000e+00 1.700753414812839e-06 
4.226211966000000e-05 1.103599896099010e+14 0.000000000000000e+00 0.000000000000000e+00 7.699730029509861e-07 
4.226217289000000e-05 1.095056876130289e+14 0.000000000000000e+00 0.000000000000000e+00 2.496690857110569e-06 
4.226222613000000e-05 1.086464876825028e+14 0.000000000000000e+00 0.000000000000000e+00 -1.409701562826969e-07 
4.226227937000000e-05 1.077827543363544e+14 0.000000000000000e+00 0.000000000000000e+00 2.373272956586706e-07 
4.226233261000000e-05 1.069146879900891e+14 0.000000000000000e+00 0.000000000000000e+00 1.062567809292822e-06 
4.226238583999999e-05 1.060426491848978e+14 0.000000000000000e+00 0.000000000000000e+00 -2.982486538996278e-07 
4.226243908000000e-05 1.051665014879460e+14 0.000000000000000e+00 0.000000000000000e+00 1.664370363141740e-06 
4.226249232000000e-05 1.042865868179395e+14 0.000000000000000e+00 0.000000000000000e+00 8.535180044119198e-07 
4.226254556000000e-05 1.034031001755956e+14 0.000000000000000e+00 0.000000000000000e+00 -1.251883084080086e-06 
4.226259880000000e-05 1.025162054342327e+14 0.000000000000000e+00 0.000000000000000e+00 5.644313507062500e-07 
4.226265203000000e-05 1.016262322287066e+14 0.000000000000000e+00 0.000000000000000e+00 -1.233371760008186e-06 
4.226270527000000e-05 1.007329958109237e+14 0.000000000000000e+00 0.000000000000000e+00 -3.002933829154048e-07 
4.226275851000000e-05 9.983679777014905e+13 0.000000000000000e+00 0.000000000000000e+00 -6.070830320237965e-08 
4.226281175000000e-05 9.893769239818066e+13 0.000000000000000e+00 0.000000000000000e+00 -1.499890454688793e-07 
4.226286498000000e-05 9.803606730483775e+13 0.000000000000000e+00 0.000000000000000e+00 -1.214526255969375e-06 
4.226291822000000e-05 9.713158343116866e+13 0.000000000000000e+00 0.000000000000000e+00 1.563795330521554e-06 
4.226297146000000e-05 9.622443110884809e+13 0.000000000000000e+00 0.000000000000000e+00 4.042870470620673e-07 
4.226302470000000e-05 9.531458604589005e+13 0.000000000000000e+00 0.000000000000000e+00 -9.514912988072515e-07 
4.226307793000000e-05 9.440212236992673e+13 0.000000000000000e+00 0.000000000000000e+00 1.008063667517607e-06 
4.226313117000000e-05 9.348635180723075e+13 0.000000000000000e+00 0.000000000000000e+00 2.120139119396384e-07 
4.226318441000000e-05 9.256745787707003e+13 0.000000000000000e+00 0.000000000000000e+00 -1.391376110718110e-07 
4.226323765000000e-05 9.164478331755489e+13 0.000000000000000e+00 0.000000000000000e+00 -6.381185929196683e-07 
4.226329089000000e-05 9.071755005366070e+13 0.000000000000000e+00 0.000000000000000e+00 1.318388216508349e-06 
4.226334412000000e-05 8.978467888044280e+13 0.000000000000000e+00 0.000000000000000e+00 -1.576912433531619e-07 
4.226339736000000e-05 8.884342057739612e+13 0.000000000000000e+00 0.000000000000000e+00 -4.267271028579040e-07 
4.226345060000000e-05 8.789052888176080e+13 0.000000000000000e+00 0.000000000000000e+00 -2.130167314154638e-08 
4.226350384000001e-05 8.691781393206639e+13 0.000000000000000e+00 0.000000000000000e+00 -5.013259039428959e-07 
4.226355707000000e-05 8.590832479243103e+13 0.000000000000000e+00 0.000000000000000e+00 -2.662980775299519e-07 
4.226361031000001e-05 8.482283291283392e+13 0.000000000000000e+00 0.000000000000000e+00 7.985165247062931e-07 
4.226366355000000e-05 8.357523580673805e+13 0.000000000000000e+00 0.000000000000000e+00 1.617556557826593e-07 
4.226371679000000e-05 8.197664286530467e+13 0.000000000000000e+00 0.000000000000000e+00 -6.353646217056687e-07 
4.226377002000000e-05 7.965230023466491e+13 0.000000000000000e+00 0.000000000000000e+00 -8.830065220764646e-08 
4.226382326000000e-05 7.596592651400955e+13 0.000000000000000e+00 0.000000000000000e+00 4.172056290161102e-07 
4.226387650000000e-05 7.012900877559222e+13 0.000000000000000e+00 0.000000000000000e+00 2.100520905486335e-08 
4.226392974000001e-05 6.173272819799257e+13 0.000000000000000e+00 0.000000000000000e+00 -2.387435031977316e-07 
4.226398298000000e-05 5.155175656410380e+13 0.000000000000000e+00 0.000000000000000e+00 -1.090256980563670e-07 
4.226403621000001e-05 4.157682567426720e+13 0.000000000000000e+00 0.000000000000000e+00 9.271841440729620e-09 
4.226408945000000e-05 3.371066879027428e+13 0.000000000000000e+00 0.000000000000000e+00 -3.779592748289760e-08 
4.226414269000000e-05 2.865087822738126e+13 0.000000000000000e+00 0.000000000000000e+00 -1.371693903198652e-08 
4.226419592999999e-05 2.612566360307196e+13 0.000000000000000e+00 0.000000000000000e+00 4.341976748187255e-09 
4.226424916000000e-05 2.571471019707443e+13 0.000000000000000e+00 0.000000000000000e+00 1.145024507167699e-08 
4.226430240000000e-05 2.732394085313618e+13 0.000000000000000e+00 0.000000000000000e+00 1.946283478778625e-09 
4.226435564000001e-05 3.122758070990324e+13 0.000000000000000e+00 0.000000000000000e+00 -2.647200960375365e-08 
4.226440888000000e-05 3.770104225353865e+13 0.000000000000000e+00 0.000000000000000e+00 3.973813483844551e-08 
4.226446211000001e-05 4.617889467773148e+13 0.000000000000000e+00 0.000000000000000e+00 -8.604222973751594e-08 
4.226451535000000e-05 5.476062448004088e+13 0.000000000000000e+00 0.000000000000000e+00 1.211450165822166e-07 
4.226456859000000e-05 6.125969633506347e+13 0.000000000000000e+00 0.000000000000000e+00 -2.077096623058504e-07 
4.226462182999999e-05 6.486590651601185e+13 0.000000000000000e+00 0.000000000000000e+00 9.013974868714243e-08 
4.226467507000000e-05 6.620620423406296e+13 0.000000000000000e+00 0.000000000000000e+00 6.059032494220657e-08 
4.226472830000000e-05 6.627749336432176e+13 0.000000000000000e+00 0.000000000000000e+00 8.544112554956148e-08 
4.226478154000001e-05 6.577782097470029e+13 0.000000000000000e+00 0.000000000000000e+00 9.184825706495329e-08 
4.226483478000000e-05 6.505311512362947e+13 0.000000000000000e+00 0.000000000000000e+00 -1.080539996645068e-07 
4.226488802000000e-05 6.424353356688938e+13 0.000000000000000e+00 0.000000000000000e+00 3.766908914708487e-08 
4.226494125000000e-05 6.339970153257351e+13 0.000000000000000e+00 0.000000000000000e+00 2.491368175416693e-07 
4.226499449000000e-05 6.253869774800033e+13 0.000000000000000e+00 0.000000000000000e+00 -1.551544139058501e-07 
4.226504773000000e-05 6.166689408687597e+13 0.000000000000000e+00 0.000000000000000e+00 7.636184494215003e-08 
4.226510097000000e-05 6.078671883371584e+13 0.000000000000000e+00 0.000000000000000e+00 -4.453915319118414e-08 
4.226515420000000e-05 5.989932817478588e+13 0.000000000000000e+00 0.000000000000000e+00 3.016489780798774e-08 
4.226520744000000e-05 5.900469558079730e+13 0.000000000000000e+00 0.000000000000000e+00 -1.014243866139824e-07 
4.226526068000000e-05 5.810288353756293e+13 0.000000000000000e+00 0.000000000000000e+00 1.345102538477632e-07 
4.226531392000000e-05 5.719348960602479e+13 0.000000000000000e+00 0.000000000000000e+00 -2.748889326641637e-08 
4.226536716000000e-05 5.627585844324453e+13 0.000000000000000e+00 0.000000000000000e+00 1.188819964818111e-07 
4.226542039000000e-05 5.534927192454371e+13 0.000000000000000e+00 0.000000000000000e+00 1.172375424844323e-08 
4.226547363000000e-05 5.441224294738318e+13 0.000000000000000e+00 0.000000000000000e+00 -8.931385147880959e-09 
4.226552687000000e-05 5.346353545991305e+13 0.000000000000000e+00 0.000000000000000e+00 1.341281808746066e-07 
4.226558011000000e-05 5.250142459644244e+13 0.000000000000000e+00 0.000000000000000e+00 -2.988708748223990e-08 
4.226563334000000e-05 5.152399852252835e+13 0.000000000000000e+00 0.000000000000000e+00 5.703586664051075e-08 
4.226568658000000e-05 5.052833222646153e+13 0.000000000000000e+00 0.000000000000000e+00 2.955530420929724e-08 
4.226573982000000e-05 4.951148623753962e+13 0.000000000000000e+00 0.000000000000000e+00 7.236037700417745e-08 
4.226579306000000e-05 4.846961876238645e+13 0.000000000000000e+00 0.000000000000000e+00 -1.108372930519261e-08 
4.226584630000001e-05 4.739798468565764e+13 0.000000000000000e+00 0.000000000000000e+00 -2.172751662939510e-08 
4.226589953000000e-05 4.629088096241682e+13 0.000000000000000e+00 0.000000000000000e+00 1.837215615854546e-08 
4.226595277000000e-05 4.514046370456819e+13 0.000000000000000e+00 0.000000000000000e+00 1.750667264929549e-10 
4.226600601000000e-05 4.393752777784060e+13 0.000000000000000e+00 0.000000000000000e+00 -2.680661848598294e-08 
4.226605925000000e-05 4.267004883304280e+13 0.000000000000000e+00 0.000000000000000e+00 -1.804062148108901e-09 
4.226611248000000e-05 4.132271295243886e+13 0.000000000000000e+00 0.000000000000000e+00 2.663194124897349e-08 
4.226616572000000e-05 3.987508248114589e+13 0.000000000000000e+00 0.000000000000000e+00 2.104811322499136e-09 
4.226621896000000e-05 3.830155860980126e+13 0.000000000000000e+00 0.000000000000000e+00 -1.915457660253164e-08 
4.226627220000001e-05 3.656857735520689e+13 0.000000000000000e+00 0.000000000000000e+00 8.722684084247621e-09 
4.226632543000000e-05 3.463390214453964e+13 0.000000000000000e+00 0.000000000000000e+00 -1.084075783647181e-08 
4.226637867000000e-05 3.244403793769770e+13 0.000000000000000e+00 0.000000000000000e+00 -1.219696505079161e-09 
4.226643191000000e-05 2.993661437135288e+13 0.000000000000000e+00 0.000000000000000e+00 7.279611893213003e-10 
4.226648515000000e-05 2.704031229157847e+13 0.000000000000000e+00 0.000000000000000e+00 -5.122811016790581e-10 
4.226653839000000e-05 2.367741412994882e+13 0.000000000000000e+00 0.000000000000000e+00 4.625828539282867e-09 
4.226659162000000e-05 1.979011415354007e+13 0.000000000000000e+00 0.000000000000000e+00 4.923670593843607e-10 
4.226664486000000e-05 1.552089447932547e+13 0.000000000000000e+00 0.000000000000000e+00 4.634157170259291e-10 
4.226669810000001e-05 1.168085371414643e+13 0.000000000000000e+00 0.000000000000000e+00 1.941972415182161e-11 
4.226675134000000e-05 9.354670539505770e+12 0.000000000000000e+00 0.000000000000000e+00 4.972677302443903e-12 
4.226680457000000e-05 8.343426086034944e+12 0.000000000000000e+00 0.000000000000000e+00 2.865089874011531e-13 
4.226685781000001e-05 7.886166108328514e+12 0.000000000000000e+00 0.000000000000000e+00 3.692244889750773e-13 
4.226691105000000e-05 7.633699872475232e+12 0.000000000000000e+00 0.000000000000000e+00 3.385222001448743e-14 
4.226696429000000e-05 7.476105529501265e+12 0.000000000000000e+00 0.000000000000000e+00 -1.201544567114345e-14 
4.226701752000000e-05 7.372500159578746e+12 0.000000000000000e+00 0.000000000000000e+00 3.776722193523289e-14 
4.226707076000000e-05 7.303283510240936e+12 0.000000000000000e+00 0.000000000000000e+00 -1.287322992936227e-13 
4.226712400000001e-05 7.257646002654595e+12 0.000000000000000e+00 0.000000000000000e+00 2.669656461259108e-13 
4.226717724000000e-05 7.229281123410500e+12 0.000000000000000e+00 0.000000000000000e+00 1.419603210279003e-13 
4.226723048000000e-05 7.214586093237399e+12 0.000000000000000e+00 0.000000000000000e+00 1.321091164334480e-13 
4.226728371000001e-05 7.211788163307985e+12 0.000000000000000e+00 0.000000000000000e+00 1.894737435520258e-13 
4.226733695000000e-05 7.220556140813790e+12 0.000000000000000e+00 0.000000000000000e+00 -1.185205905467788e-13 
4.226739019000000e-05 7.241933987732200e+12 0.000000000000000e+00 0.000000000000000e+00 -6.260000708544374e-15 
4.226744343000000e-05 7.278559129152188e+12 0.000000000000000e+00 0.000000000000000e+00 -5.492240504749871e-14 
4.226749666000000e-05 7.335254825232227e+12 0.000000000000000e+00 0.000000000000000e+00 -3.014832192002936e-13 
4.226754990000001e-05 7.420344345842157e+12 0.000000000000000e+00 0.000000000000000e+00 -3.149468270933573e-13 
4.226760314000000e-05 7.548327217891314e+12 0.000000000000000e+00 0.000000000000000e+00 -2.792692855850468e-13 
4.226765638000000e-05 7.747023589380896e+12 0.000000000000000e+00 0.000000000000000e+00 5.429478466616591e-13 
4.226770961000000e-05 8.081896942159609e+12 0.000000000000000e+00 0.000000000000000e+00 9.194570009091007e-13 
4.226776285000000e-05 8.752159193073965e+12 0.000000000000000e+00 0.000000000000000e+00 2.281401545023351e-12 
4.226781608999999e-05 1.033393608197448e+13 0.000000000000000e+00 0.000000000000000e+00 3.716199440872333e-11 
4.226786933000000e-05 1.351386979816213e+13 0.000000000000000e+00 0.000000000000000e+00 1.698077538240844e-10 
4.226792257000000e-05 1.772749442433694e+13 0.000000000000000e+00 0.000000000000000e+00 -2.631806532345602e-10 
4.226797580000001e-05 2.184790300115112e+13 0.000000000000000e+00 0.000000000000000e+00 2.532210735796468e-09 
4.226802904000000e-05 2.546418120045478e+13 0.000000000000000e+00 0.000000000000000e+00 -9.782895658293840e-10 
4.226808228000000e-05 2.857816062329092e+13 0.000000000000000e+00 0.000000000000000e+00 2.738092782449276e-09 
4.226813552000000e-05 3.126584199435549e+13 0.000000000000000e+00 0.000000000000000e+00 -2.311985871076605e-09 
4.226818875000000e-05 3.360178918836824e+13 0.000000000000000e+00 0.000000000000000e+00 -8.273695092895916e-10 
4.226824198999999e-05 3.565397053370748e+13 0.000000000000000e+00 0.000000000000000e+00 -8.447225608957521e-09 
4.226829523000000e-05 3.747965674421419e+13 0.000000000000000e+00 0.000000000000000e+00 -1.907816051259969e-09 
4.226834847000000e-05 3.912636373459689e+13 0.000000000000000e+00 0.000000000000000e+00 1.566476659021188e-08 
4.226840170000001e-05 4.063158790656403e+13 0.000000000000000e+00 0.000000000000000e+00 7.065469934766670e-09 
4.226845494000000e-05 4.202542328165067e+13 0.000000000000000e+00 0.000000000000000e+00 -4.844830888730939e-08 
4.226850818000000e-05 4.333006680790374e+13 0.000000000000000e+00 0.000000000000000e+00 -4.235658281871157e-08 
4.226856142000000e-05 4.456312094292155e+13 0.000000000000000e+00 0.000000000000000e+00 1.916373115139536e-08 
4.226861466000000e-05 4.573824378494041e+13 0.000000000000000e+00 0.000000000000000e+00 6.802045554807797e-08 
4.226866788999999e-05 4.686583858734300e+13 0.000000000000000e+00 0.000000000000000e+00 -3.924033294383204e-09 
4.226872113000000e-05 4.795466992212248e+13 0.000000000000000e+00 0.000000000000000e+00 -1.029167316327936e-07 
4.226877437000000e-05 4.901114381431783e+13 0.000000000000000e+00 0.000000000000000e+00 9.197954337758049e-08 
4.226882761000000e-05 5.004057055324214e+13 0.000000000000000e+00 0.000000000000000e+00 6.588319981355991e-08 
4.226888084000000e-05 5.104705136250112e+13 0.000000000000000e+00 0.000000000000000e+00 -7.815149997675446e-08 
4.226893408000000e-05 5.203445937756661e+13 0.000000000000000e+00 0.000000000000000e+00 -1.973597724964870e-07 
4.226898732000000e-05 5.300547781161405e+13 0.000000000000000e+00 0.000000000000000e+00 -2.334000785458691e-07 
4.226904056000000e-05 5.396248533795262e+13 0.000000000000000e+00 0.000000000000000e+00 2.309893617486603e-08 
4.226909380000000e-05 5.490747264885845e+13 0.000000000000000e+00 0.000000000000000e+00 -1.063636758403855e-07 
4.226914703000000e-05 5.584193760812648e+13 0.000000000000000e+00 0.000000000000000e+00 7.181104069321835e-08 
4.226920027000000e-05 5.676765401288989e+13 0.000000000000000e+00 0.000000000000000e+00 6.071256666968058e-08 
4.226925351000000e-05 5.768566129074134e+13 0.000000000000000e+00 0.000000000000000e+00 1.745920639453107e-07 
4.226930675000000e-05 5.859700826952093e+13 0.000000000000000e+00 0.000000000000000e+00 2.492605817641011e-07 
4.226935998000000e-05 5.950243710299851e+13 0.000000000000000e+00 0.000000000000000e+00 -2.025311981357743e-07 
4.226941322000000e-05 6.040308498246513e+13 0.000000000000000e+00 0.000000000000000e+00 4.960790567769296e-08 
4.226946646000000e-05 6.129948398951712e+13 0.000000000000000e+00 0.000000000000000e+00 -2.686905401527114e-07 
4.226951970000000e-05 6.219225649855789e+13 0.000000000000000e+00 0.000000000000000e+00 5.741196127420593e-07 
4.226957293000000e-05 6.308179019088397e+13 0.000000000000000e+00 0.000000000000000e+00 2.410477265716051e-07 
4.226962617000000e-05 6.396891541385500e+13 0.000000000000000e+00 0.000000000000000e+00 6.459858749271502e-07 
4.226967941000000e-05 6.485391023399539e+13 0.000000000000000e+00 0.000000000000000e+00 1.942639835168966e-07 
4.226973265000000e-05 6.573717575301916e+13 0.000000000000000e+00 0.000000000000000e+00 -2.784494385318526e-07 
4.226978589000001e-05 6.661907353154179e+13 0.000000000000000e+00 0.000000000000000e+00 1.879060082234473e-08 
4.226983912000000e-05 6.749976413164938e+13 0.000000000000000e+00 0.000000000000000e+00 4.073093878746326e-07 
4.226989236000001e-05 6.837987203700209e+13 0.000000000000000e+00 0.000000000000000e+00 -2.287071475525683e-06 
4.226994560000000e-05 6.925949537973808e+13 0.000000000000000e+00 0.000000000000000e+00 -5.712083725295560e-07 
4.226999884000000e-05 7.013887005482113e+13 0.000000000000000e+00 0.000000000000000e+00 1.353579864030128e-06 
4.227005207000000e-05 7.101804055401559e+13 0.000000000000000e+00 0.000000000000000e+00 1.067784387996305e-06 
4.227010531000000e-05 7.189752189386755e+13 0.000000000000000e+00 0.000000000000000e+00 -1.325909265460598e-06 
4.227015855000000e-05 7.277730981075925e+13 0.000000000000000e+00 0.000000000000000e+00 8.463598131929295e-07 
4.227021179000001e-05 7.365754215199027e+13 0.000000000000000e+00 0.000000000000000e+00 6.622324900247785e-07 
4.227026502000000e-05 7.453816894654677e+13 0.000000000000000e+00 0.000000000000000e+00 3.429036422098988e-07 
4.227031826000001e-05 7.541961476374923e+13 0.000000000000000e+00 0.000000000000000e+00 -3.173616859018866e-06 
4.227037150000000e-05 7.630178658044153e+13 0.000000000000000e+00 0.000000000000000e+00 -1.744082092278626e-06 
4.227042474000000e-05 7.718479343158941e+13 0.000000000000000e+00 0.000000000000000e+00 -1.484958698893144e-07 
4.227047797999999e-05 7.806868780404248e+13 0.000000000000000e+00 0.000000000000000e+00 2.735974443488172e-06 
4.227053121000000e-05 7.895324184575238e+13 0.000000000000000e+00 0.000000000000000e+00 2.281732994313455e-06 
4.227058445000000e-05 7.983860778656225e+13 0.000000000000000e+00 0.000000000000000e+00 -4.300962345706362e-06 
4.227063769000000e-05 8.072497388018717e+13 0.000000000000000e+00 0.000000000000000e+00 -1.371018449030535e-06 
4.227069093000000e-05 8.161183180923395e+13 0.000000000000000e+00 0.000000000000000e+00 5.105475046965346e-06 
4.227074416000001e-05 8.249918664307442e+13 0.000000000000000e+00 0.000000000000000e+00 -2.626993831647829e-06 
4.227079740000000e-05 8.338756736569080e+13 0.000000000000000e+00 0.000000000000000e+00 -8.867996607616481e-07 
4.227085064000000e-05 8.427611914657780e+13 0.000000000000000e+00 0.000000000000000e+00 5.305243174614498e-06 
4.227090388000000e-05 8.516501590863972e+13 0.000000000000000e+00 0.000000000000000e+00 3.245450431228482e-06 
4.227095711000000e-05 8.605425793857552e+13 0.000000000000000e+00 0.000000000000000e+00 4.462277164218743e-07 
4.227101035000000e-05 8.694338243493380e+13 0.000000000000000e+00 0.000000000000000e+00 1.015077118230007e-06 
4.227106359000000e-05 8.783236520131858e+13 0.000000000000000e+00 0.000000000000000e+00 -8.524416457491968e-06 
4.227111683000000e-05 8.872101348155172e+13 0.000000000000000e+00 0.000000000000000e+00 -1.319279018107412e-07 
4.227117007000000e-05 8.960911087717712e+13 0.000000000000000e+00 0.000000000000000e+00 -1.139427758991326e-06 
4.227122330000000e-05 9.049651984936117e+13 0.000000000000000e+00 0.000000000000000e+00 4.832025575767805e-06 
4.227127654000000e-05 9.138279839839105e+13 0.000000000000000e+00 0.000000000000000e+00 5.476716015206606e-06 
4.227132978000000e-05 9.226778363577222e+13 0.000000000000000e+00 0.000000000000000e+00 -3.365089715079900e-06 
4.227138302000000e-05 9.315119236150397e+13 0.000000000000000e+00 0.000000000000000e+00 6.023135858704173e-07 
4.227143625000000e-05 9.403255892682728e+13 0.000000000000000e+00 0.000000000000000e+00 3.165891776640185e-06 
4.227148949000000e-05 9.491206219104217e+13 0.000000000000000e+00 0.000000000000000e+00 1.021661948627632e-05 
4.227154273000000e-05 9.578887603510420e+13 0.000000000000000e+00 0.000000000000000e+00 -4.134314532086546e-06 
4.227159597000000e-05 9.666281236994689e+13 0.000000000000000e+00 0.000000000000000e+00 1.267438272855896e-05 
4.227164920000000e-05 9.753333778014961e+13 0.000000000000000e+00 0.000000000000000e+00 -1.748728595347598e-05 
4.227170244000000e-05 9.840038910972909e+13 0.000000000000000e+00 0.000000000000000e+00 -3.572894937738579e-06 
4.227175568000000e-05 9.926345467037916e+13 0.000000000000000e+00 0.000000000000000e+00 6.762897848578130e-06 
4.227180892000000e-05 1.001219793414635e+14 0.000000000000000e+00 0.000000000000000e+00 2.369287617851056e-05 
4.227186216000000e-05 1.009755712099870e+14 0.000000000000000e+00 0.000000000000000e+00 -7.613740507192529e-07 
4.227191539000000e-05 1.018235942371975e+14 0.000000000000000e+00 0.000000000000000e+00 -1.470959579367945e-06 
4.227196863000000e-05 1.026658646656924e+14 0.000000000000000e+00 0.000000000000000e+00 -1.069694850099804e-05 
4.227202187000000e-05 1.035016939063232e+14 0.000000000000000e+00 0.000000000000000e+00 9.381951131725576e-07 
4.227207511000000e-05 1.043305255506451e+14 0.000000000000000e+00 0.000000000000000e+00 5.584167110320110e-05 
4.227212834000000e-05 1.051516283089348e+14 0.000000000000000e+00 0.000000000000000e+00 -2.329742419469988e-05 
4.227218158000000e-05 1.059646802431060e+14 0.000000000000000e+00 0.000000000000000e+00 2.105892930357703e-05 
4.227223482000000e-05 1.067688873477234e+14 0.000000000000000e+00 0.000000000000000e+00 -2.685801684286857e-05 
4.227228806000000e-05 1.075635690626909e+14 0.000000000000000e+00 0.000000000000000e+00 -3.588853433447875e-06 
4.227234130000000e-05 1.083479998909374e+14 0.000000000000000e+00 0.000000000000000e+00 8.024298335867317e-06 
4.227239453000000e-05 1.091212288928832e+14 0.000000000000000e+00 0.000000000000000e+00 1.799715140915804e-05 
4.227244777000000e-05 1.098825394249669e+14 0.000000000000000e+00 0.000000000000000e+00 -6.325703310312135e-05 
4.227250101000000e-05 1.106302167100555e+14 0.000000000000000e+00 0.000000000000000e+00 1.548796827462600e-05 
4.227255425000001e-05 1.113610979623721e+14 0.000000000000000e+00 0.000000000000000e+00 -2.108146831527871e-05 
4.227260748000000e-05 1.120674877938249e+14 0.000000000000000e+00 0.000000000000000e+00 1.558309850651916e-05 
4.227266072000000e-05 1.127304944943255e+14 0.000000000000000e+00 0.000000000000000e+00 2.396186289999755e-05 
4.227271396000001e-05 1.133019759513653e+14 0.000000000000000e+00 0.000000000000000e+00 -1.677953132723929e-05 
4.227276720000000e-05 1.136674572493496e+14 0.000000000000000e+00 0.000000000000000e+00 -8.341149552295236e-05 
4.227282043000000e-05 1.135761401875415e+14 0.000000000000000e+00 0.000000000000000e+00 -5.750602774909096e-05 
4.227287367000000e-05 1.125476082614393e+14 0.000000000000000e+00 0.000000000000000e+00 -1.610849404649134e-04 
4.227292691000000e-05 1.098456105526833e+14 0.000000000000000e+00 0.000000000000000e+00 -5.927196248584564e-05 
4.227298015000001e-05 1.047354410922665e+14 0.000000000000000e+00 0.000000000000000e+00 -2.969638252308133e-04 
4.227303339000000e-05 9.715326483516705e+13 0.000000000000000e+00 0.000000000000000e+00 2.757674488893407e-04 
4.227308662000000e-05 8.827445151570833e+13 0.000000000000000e+00 0.000000000000000e+00 -1.143904655800194e-04 
4.227313986000000e-05 8.000286883456439e+13 0.000000000000000e+00 0.000000000000000e+00 4.768812639718040e-04 
4.227319310000000e-05 7.370804570641478e+13 0.000000000000000e+00 0.000000000000000e+00 -1.977332876710561e-04 
4.227324633999999e-05 6.970607627905621e+13 0.000000000000000e+00 0.000000000000000e+00 2.051578492924144e-04 
4.227329957000000e-05 6.772428621403762e+13 0.000000000000000e+00 0.000000000000000e+00 -9.672997762452960e-05 
4.227335281000000e-05 6.747037991035852e+13 0.000000000000000e+00 0.000000000000000e+00 -7.975976522190416e-05 
4.227340605000001e-05 6.890279200474845e+13 0.000000000000000e+00 0.000000000000000e+00 1.455713858206775e-04 
4.227345929000000e-05 7.225692194381972e+13 0.000000000000000e+00 0.000000000000000e+00 5.923789772924623e-04 
4.227351252000000e-05 7.784594184446244e+13 0.000000000000000e+00 0.000000000000000e+00 -5.833568022244618e-04 
4.227356576000000e-05 8.548247653781316e+13 0.000000000000000e+00 0.000000000000000e+00 5.698560793948776e-05 
4.227361900000000e-05 9.365633354501603e+13 0.000000000000000e+00 0.000000000000000e+00 -3.001364941546374e-04 
4.227367223999999e-05 9.941653516970222e+13 0.000000000000000e+00 0.000000000000000e+00 -5.206100859776514e-04 
4.227372548000000e-05 9.975895105429731e+13 0.000000000000000e+00 0.000000000000000e+00 -6.233266602470599e-04 
4.227377871000000e-05 9.346821692274952e+13 0.000000000000000e+00 0.000000000000000e+00 3.570596975461494e-04 
4.227383195000001e-05 8.165207895346602e+13 0.000000000000000e+00 0.000000000000000e+00 -8.652089332910951e-04 
4.227388519000000e-05 6.666648636278015e+13 0.000000000000000e+00 0.000000000000000e+00 -9.594136878922515e-04 
4.227393843000000e-05 5.095567292555037e+13 0.000000000000000e+00 0.000000000000000e+00 -5.924946715606927e-04 
4.227399166000000e-05 3.680490515151117e+13 0.000000000000000e+00 0.000000000000000e+00 -2.798460347115175e-04 
4.227404490000000e-05 2.594651430717401e+13 0.000000000000000e+00 0.000000000000000e+00 -3.363436202626423e-04 
4.227409813999999e-05 1.883706618881274e+13 0.000000000000000e+00 0.000000000000000e+00 2.556910798764852e-05 
4.227415138000000e-05 1.473024248095090e+13 0.000000000000000e+00 0.000000000000000e+00 -2.154254401770780e-04 
4.227420461000000e-05 1.254542330280852e+13 0.000000000000000e+00 0.000000000000000e+00 7.799425621241177e-05 
4.227425785000001e-05 1.148646613203752e+13 0.000000000000000e+00 0.000000000000000e+00 -9.089482253125349e-05 
4.227431109000000e-05 1.113072902253249e+13 0.000000000000000e+00 0.000000000000000e+00 2.354027413186717e-04 
4.227436433000000e-05 1.133783628939423e+13 0.000000000000000e+00 0.000000000000000e+00 -1.504079049319908e-04 
4.227441757000000e-05 1.219463979765926e+13 0.000000000000000e+00 0.000000000000000e+00 -8.776119376061824e-05 
4.227447080000000e-05 1.404941370702505e+13 0.000000000000000e+00 0.000000000000000e+00 9.168623789834157e-05 
4.227452403999999e-05 1.760051400961085e+13 0.000000000000000e+00 0.000000000000000e+00 3.621193508510524e-04 
4.227457728000000e-05 2.386888684892742e+13 0.000000000000000e+00 0.000000000000000e+00 4.303543789615788e-04 
4.227463052000000e-05 3.372623527745761e+13 0.000000000000000e+00 0.000000000000000e+00 -9.250790129094634e-05 
4.227468375000001e-05 4.707948749819091e+13 0.000000000000000e+00 0.000000000000000e+00 2.000530854595808e-04 
4.227473699000000e-05 6.261820017795705e+13 0.000000000000000e+00 0.000000000000000e+00 3.755658801744124e-04 
4.227479023000000e-05 7.844678634018602e+13 0.000000000000000e+00 0.000000000000000e+00 1.008755936749164e-03 
4.227484347000000e-05 9.286347939360967e+13 0.000000000000000e+00 0.000000000000000e+00 -1.408460759179159e-03 
4.227489670000000e-05 1.047611791262110e+14 0.000000000000000e+00 0.000000000000000e+00 -4.273393127725653e-04 
4.227494994000000e-05 1.138300880088915e+14 0.000000000000000e+00 0.000000000000000e+00 -2.691822296270715e-04 
4.227500318000000e-05 1.204365963909503e+14 0.000000000000000e+00 0.000000000000000e+00 1.147229511978985e-03 
4.227505642000000e-05 1.252454217358640e+14 0.000000000000000e+00 0.000000000000000e+00 -6.397462552846593e-04 
4.227510966000000e-05 1.288691758797978e+14 0.000000000000000e+00 0.000000000000000e+00 -1.227389730392844e-04 
4.227516289000000e-05 1.317361810799251e+14 0.000000000000000e+00 0.000000000000000e+00 1.195838260173486e-03 
4.227521613000000e-05 1.341099242939383e+14 0.000000000000000e+00 0.000000000000000e+00 -4.134051499484453e-04 
4.227526937000000e-05 1.361433609631727e+14 0.000000000000000e+00 0.000000000000000e+00 1.694933996042779e-05 
4.227532261000000e-05 1.379279876326595e+14 0.000000000000000e+00 0.000000000000000e+00 2.271680960361835e-04 
4.227537584000000e-05 1.395212261914745e+14 0.000000000000000e+00 0.000000000000000e+00 6.372400157267072e-05 
4.227542908000000e-05 1.409626466143930e+14 0.000000000000000e+00 0.000000000000000e+00 -7.331091254148441e-05 
4.227548232000000e-05 1.422799122419307e+14 0.000000000000000e+00 0.000000000000000e+00 7.609967622896408e-05 
4.227553556000000e-05 1.434940326781001e+14 0.000000000000000e+00 0.000000000000000e+00 7.760185356927253e-05 
4.227558880000000e-05 1.446212495910637e+14 0.000000000000000e+00 0.000000000000000e+00 1.803270218636148e-04 
4.227564203000000e-05 1.456743085642158e+14 0.000000000000000e+00 0.000000000000000e+00 -1.068253515207042e-04 
4.227569527000000e-05 1.466639128552831e+14 0.000000000000000e+00 0.000000000000000e+00 -3.143514410333363e-06 
4.227574851000001e-05 1.475983667626968e+14 0.000000000000000e+00 0.000000000000000e+00 -8.862246284411828e-05 
4.227580175000000e-05 1.484845563808275e+14 0.000000000000000e+00 0.000000000000000e+00 -1.224998308402158e-04 
4.227585498000000e-05 1.493281629552638e+14 0.000000000000000e+00 0.000000000000000e+00 2.032835139209661e-04 
4.227590822000000e-05 1.501342790392905e+14 0.000000000000000e+00 0.000000000000000e+00 1.131852194230337e-04 
4.227596146000000e-05 1.509068579376883e+14 0.000000000000000e+00 0.000000000000000e+00 -3.247127173670013e-04 
4.227601470000000e-05 1.516493356106719e+14 0.000000000000000e+00 0.000000000000000e+00 3.703239194402879e-04 
4.227606793000000e-05 1.523645434181539e+14 0.000000000000000e+00 0.000000000000000e+00 -5.212446504012263e-05 
4.227612117000000e-05 1.530552830482768e+14 0.000000000000000e+00 0.000000000000000e+00 5.988586453700896e-06 
4.227617441000001e-05 1.537236061675207e+14 0.000000000000000e+00 0.000000000000000e+00 -4.310194457895212e-05 
4.227622765000000e-05 1.543714117864656e+14 0.000000000000000e+00 0.000000000000000e+00 8.879818919559842e-05 
4.227628089000000e-05 1.550003558958644e+14 0.000000000000000e+00 0.000000000000000e+00 -1.050593197239305e-05 
4.227633412000000e-05 1.556117758306706e+14 0.000000000000000e+00 0.000000000000000e+00 -3.982912832105667e-05 
4.227638736000000e-05 1.562071774279949e+14 0.000000000000000e+00 0.000000000000000e+00 1.474853044194982e-04 
4.227644060000000e-05 1.567875718018227e+14 0.000000000000000e+00 0.000000000000000e+00 -4.881869186646846e-05 
4.227649384000000e-05 1.573539589894748e+14 0.000000000000000e+00 0.000000000000000e+00 1.011513827771872e-04 
4.227654707000000e-05 1.579071267055159e+14 0.000000000000000e+00 0.000000000000000e+00 -1.096971456092675e-04 
4.227660031000001e-05 1.584480783889545e+14 0.000000000000000e+00 0.000000000000000e+00 6.763375683933855e-05 
4.227665355000000e-05 1.589774222860540e+14 0.000000000000000e+00 0.000000000000000e+00 1.727050220044394e-05 
4.227670679000000e-05 1.594958004584956e+14 0.000000000000000e+00 0.000000000000000e+00 1.810192608698955e-04 
4.227676002000001e-05 1.600036979759506e+14 0.000000000000000e+00 0.000000000000000e+00 2.925235478710210e-05 
4.227681326000000e-05 1.605018305136420e+14 0.000000000000000e+00 0.000000000000000e+00 1.032408650473360e-05 
4.227686650000000e-05 1.609905782509545e+14 0.000000000000000e+00 0.000000000000000e+00 3.000480663518719e-05 
4.227691974000000e-05 1.614703756414423e+14 0.000000000000000e+00 0.000000000000000e+00 -7.908404265033098e-05 
4.227697298000000e-05 1.619416195456201e+14 0.000000000000000e+00 0.000000000000000e+00 -2.489595611117995e-05 
4.227702621000001e-05 1.624045873668197e+14 0.000000000000000e+00 0.000000000000000e+00 -7.687020346539133e-06 
4.227707945000000e-05 1.628597873480939e+14 0.000000000000000e+00 0.000000000000000e+00 1.758942590444777e-04 
4.227713269000000e-05 1.633074392455794e+14 0.000000000000000e+00 0.000000000000000e+00 -8.361689602810033e-05 
4.227718593000000e-05 1.637478276622026e+14 0.000000000000000e+00 0.000000000000000e+00 1.298875922674906e-05 
4.227723916000000e-05 1.641811356249093e+14 0.000000000000000e+00 0.000000000000000e+00 -8.911926468274833e-06 
4.227729240000000e-05 1.646077669766786e+14 0.000000000000000e+00 0.000000000000000e+00 -1.440566726461302e-05 
4.227734564000000e-05 1.650278690007968e+14 0.000000000000000e+00 0.000000000000000e+00 1.268344999674219e-04 
4.227739888000000e-05 1.654416532245652e+14 0.000000000000000e+00 0.000000000000000e+00 -1.432763418313291e-05 
4.227745211000001e-05 1.658492452808420e+14 0.000000000000000e+00 0.000000000000000e+00 3.048085815539811e-05 
4.227750535000000e-05 1.662509759267453e+14 0.000000000000000e+00 0.000000000000000e+00 8.683536035028159e-06 
4.227755859000000e-05 1.666469458948060e+14 0.000000000000000e+00 0.000000000000000e+00 -8.364820013649002e-06 
4.227761183000000e-05 1.670373260906199e+14 0.000000000000000e+00 0.000000000000000e+00 5.255893468911383e-05 
4.227766507000000e-05 1.674222549549807e+14 0.000000000000000e+00 0.000000000000000e+00 8.802215740095744e-06 
4.227771830000000e-05 1.678018150238408e+14 0.000000000000000e+00 0.000000000000000e+00 2.651310473067343e-06 
4.227777154000000e-05 1.681762863352894e+14 0.000000000000000e+00 0.000000000000000e+00 -8.004796131515752e-05 
4.227782478000000e-05 1.685457271996210e+14 0.000000000000000e+00 0.000000000000000e+00 -6.206850933732841e-05 
4.227787802000000e-05 1.689102727573279e+14 0.000000000000000e+00 0.000000000000000e+00 2.640624594779543e-05 
4.227793125000000e-05 1.692699488114607e+14 0.000000000000000e+00 0.000000000000000e+00 -4.019206592428565e-05 
4.227798449000000e-05 1.696250148999356e+14 0.000000000000000e+00 0.000000000000000e+00 6.056685128999336e-05 
4.227803773000000e-05 1.699755093694287e+14 0.000000000000000e+00 0.000000000000000e+00 3.999387154186745e-05 
4.227809097000000e-05 1.703215338126461e+14 0.000000000000000e+00 0.000000000000000e+00 -5.890909099257724e-05 
4.227814420000000e-05 1.706631369128222e+14 0.000000000000000e+00 0.000000000000000e+00 -4.418775809196852e-06 
4.227819744000000e-05 1.710005080606115e+14 0.000000000000000e+00 0.000000000000000e+00 7.341527439841480e-05 
4.227825068000000e-05 1.713336883732982e+14 0.000000000000000e+00 0.000000000000000e+00 -2.502660173117833e-05 
4.227830392000000e-05 1.716627633197176e+14 0.000000000000000e+00 0.000000000000000e+00 -5.555029375807231e-05 
4.227835716000000e-05 1.719878150112815e+14 0.000000000000000e+00 0.000000000000000e+00 2.065216728976751e-05 
4.227841039000000e-05 1.723088624833910e+14 0.000000000000000e+00 0.000000000000000e+00 2.663101948947082e-05 
4.227846363000000e-05 1.726261157993478e+14 0.000000000000000e+00 0.000000000000000e+00 2.053417806557932e-05 
4.227851687000000e-05 1.729395598676453e+14 0.000000000000000e+00 0.000000000000000e+00 3.031098245641804e-05 
4.227857011000000e-05 1.732492798150361e+14 0.000000000000000e+00 0.000000000000000e+00 -2.802745828249749e-05 
4.227862334000000e-05 1.735552867988545e+14 0.000000000000000e+00 0.000000000000000e+00 1.666953094852991e-05 
4.227867658000000e-05 1.738577618131707e+14 0.000000000000000e+00 0.000000000000000e+00 -1.698027003056692e-05 
4.227872982000000e-05 1.741567109147534e+14 0.000000000000000e+00 0.000000000000000e+00 -2.000340029380102e-05 
4.227878306000000e-05 1.744522008139200e+14 0.000000000000000e+00 0.000000000000000e+00 -2.655458568275612e-05 
4.227883630000001e-05 1.747442814597514e+14 0.000000000000000e+00 0.000000000000000e+00 7.668185131442486e-06 
4.227888953000000e-05 1.750329622496023e+14 0.000000000000000e+00 0.000000000000000e+00 -1.378135143005723e-05 
4.227894277000000e-05 1.753184080691015e+14 0.000000000000000e+00 0.000000000000000e+00 1.363928850421581e-05 
4.227899601000000e-05 1.756006191770638e+14 0.000000000000000e+00 0.000000000000000e+00 1.985235896122395e-08 
4.227904925000000e-05 1.758796488368582e+14 0.000000000000000e+00 0.000000000000000e+00 -4.224652651530928e-05 
4.227910248000000e-05 1.761554974763723e+14 0.000000000000000e+00 0.000000000000000e+00 -8.256138653953143e-06 
4.227915572000000e-05 1.764283188000391e+14 0.000000000000000e+00 0.000000000000000e+00 -9.772945024399955e-06 
4.227920896000000e-05 1.766981099389609e+14 0.000000000000000e+00 0.000000000000000e+00 -1.830888796902786e-05 
4.227926220000001e-05 1.769649186974861e+14 0.000000000000000e+00 0.000000000000000e+00 -1.260260896904980e-05 
4.227931543000000e-05 1.772287423796068e+14 0.000000000000000e+00 0.000000000000000e+00 1.515470432101766e-05 
4.227936867000000e-05 1.774897255382397e+14 0.000000000000000e+00 0.000000000000000e+00 -4.776170093024459e-06 
4.227942191000000e-05 1.777478626709451e+14 0.000000000000000e+00 0.000000000000000e+00 -2.342758251290289e-05 
4.227947515000000e-05 1.780031970432294e+14 0.000000000000000e+00 0.000000000000000e+00 -2.040722015198361e-05 
4.227952838999999e-05 1.782557709064626e+14 0.000000000000000e+00 0.000000000000000e+00 1.807612077351148e-06 
4.227958162000000e-05 1.785055788583478e+14 0.000000000000000e+00 0.000000000000000e+00 -4.512601814846796e-06 
4.227963486000000e-05 1.787527550901043e+14 0.000000000000000e+00 0.000000000000000e+00 -7.617695792736603e-06 
4.227968810000001e-05 1.789972918540636e+14 0.000000000000000e+00 0.000000000000000e+00 3.314375912597236e-06 
4.227974134000000e-05 1.792392277190041e+14 0.000000000000000e+00 0.000000000000000e+00 1.789937162840336e-05 
4.227979457000001e-05 1.794785556959868e+14 0.000000000000000e+00 0.000000000000000e+00 -5.642021198153482e-07 
4.227984781000000e-05 1.797154026296823e+14 0.000000000000000e+00 0.000000000000000e+00 -2.932306783573799e-05 
4.227990105000000e-05 1.799497594717936e+14 0.000000000000000e+00 0.000000000000000e+00 7.623945023259413e-06 
4.227995428999999e-05 1.801816616248875e+14 0.000000000000000e+00 0.000000000000000e+00 2.633151372580543e-05 
4.228000752000000e-05 1.804111008891925e+14 0.000000000000000e+00 0.000000000000000e+00 -1.967783029678027e-05 
4.228006076000000e-05 1.806381974447899e+14 0.000000000000000e+00 0.000000000000000e+00 1.132571907145388e-06 
4.228011400000001e-05 1.808629412638068e+14 0.000000000000000e+00 0.000000000000000e+00 9.230578133104635e-06 
4.228016724000000e-05 1.810853649922486e+14 0.000000000000000e+00 0.000000000000000e+00 -2.018861270308844e-05 
4.228022048000000e-05 1.813055006416609e+14 0.000000000000000e+00 0.000000000000000e+00 3.549347791594000e-05 
4.228027371000000e-05 1.815233388943744e+14 0.000000000000000e+00 0.000000000000000e+00 2.768532848480021e-06 
4.228032695000000e-05 1.817389923931716e+14 0.000000000000000e+00 0.000000000000000e+00 -1.137047133786367e-05 
4.228038018999999e-05 1.819524502239321e+14 0.000000000000000e+00 0.000000000000000e+00 1.139788458203161e-05 
4.228043343000000e-05 1.821637420456754e+14 0.000000000000000e+00 0.000000000000000e+00 -1.821842518280546e-05 
4.228048666000000e-05 1.823728578846152e+14 0.000000000000000e+00 0.000000000000000e+00 1.322333265541582e-05 
4.228053990000001e-05 1.825799048895997e+14 0.000000000000000e+00 0.000000000000000e+00 1.304043663452839e-05 
4.228059314000000e-05 1.827848716420923e+14 0.000000000000000e+00 0.000000000000000e+00 -2.167536142897621e-05 
4.228064638000000e-05 1.829877857069862e+14 0.000000000000000e+00 0.000000000000000e+00 -5.801641767545388e-06 
4.228069961000000e-05 1.831886366166894e+14 0.000000000000000e+00 0.000000000000000e+00 1.696724339222357e-05 
4.228075285000000e-05 1.833875264331608e+14 0.000000000000000e+00 0.000000000000000e+00 3.870444755595500e-05 
4.228080608999999e-05 1.835844433723095e+14 0.000000000000000e+00 0.000000000000000e+00 -4.615014081703039e-06 
4.228085933000000e-05 1.837794131206504e+14 0.000000000000000e+00 0.000000000000000e+00 -1.443757494498718e-05 
4.228091257000000e-05 1.839724609245080e+14 0.000000000000000e+00 0.000000000000000e+00 -2.843226912072391e-05 
4.228096580000001e-05 1.841635758743418e+14 0.000000000000000e+00 0.000000000000000e+00 -7.448305282311917e-06 
4.228101904000000e-05 1.843528541721768e+14 0.000000000000000e+00 0.000000000000000e+00 -2.604862831241062e-05 
4.228107228000000e-05 1.845402837273780e+14 0.000000000000000e+00 0.000000000000000e+00 1.120382545529990e-05 
4.228112552000000e-05 1.847258881311831e+14 0.000000000000000e+00 0.000000000000000e+00 -8.823572839915294e-06 
4.228117875000000e-05 1.849096562300282e+14 0.000000000000000e+00 0.000000000000000e+00 -9.734616074084429e-06 
4.228123199000000e-05 1.850916798884109e+14 0.000000000000000e+00 0.000000000000000e+00 1.677523453299813e-05 
4.228128523000000e-05 1.852719468642037e+14 0.000000000000000e+00 0.000000000000000e+00 1.433457438004838e-05 
4.228133847000000e-05 1.854504792435973e+14 0.000000000000000e+00 0.000000000000000e+00 3.221738336802762e-06 
4.228139170000000e-05 1.856272657051944e+14 0.000000000000000e+00 0.000000000000000e+00 -7.202351978868107e-06 
4.228144494000000e-05 1.858023940527462e+14 0.000000000000000e+00 0.000000000000000e+00 6.970385841055428e-06 
4.228149818000000e-05 1.859758519578227e+14 0.000000000000000e+00 0.000000000000000e+00 1.549904280044820e-05 
4.228155142000000e-05 1.861476601313950e+14 0.000000000000000e+00 0.000000000000000e+00 -6.596446113312264e-06 
4.228160466000000e-05 1.863178389588912e+14 0.000000000000000e+00 0.000000000000000e+00 1.863333356675130e-05 
4.228165789000000e-05 1.864863769946451e+14 0.000000000000000e+00 0.000000000000000e+00 1.201593255500688e-05 
4.228171113000000e-05 1.866533573148733e+14 0.000000000000000e+00 0.000000000000000e+00 -3.093451561446691e-06 
4.228176437000000e-05 1.868187675559406e+14 0.000000000000000e+00 0.000000000000000e+00 -1.557182838932880e-05 
4.228181761000000e-05 1.869826268676876e+14 0.000000000000000e+00 0.000000000000000e+00 1.632108248425668e-05 
4.228187084000000e-05 1.871449237597083e+14 0.000000000000000e+00 0.000000000000000e+00 -2.910873209732179e-05 
4.228192408000000e-05 1.873057377776714e+14 0.000000000000000e+00 0.000000000000000e+00 -9.707858734535580e-06 
4.228197732000000e-05 1.874650565761296e+14 0.000000000000000e+00 0.000000000000000e+00 -1.579580458265371e-06 
4.228203056000001e-05 1.876228981664310e+14 0.000000000000000e+00 0.000000000000000e+00 6.488859619261165e-06 
4.228208380000000e-05 1.877792802891537e+14 0.000000000000000e+00 0.000000000000000e+00 -2.007661691868585e-05 
4.228213703000000e-05 1.879341914515426e+14 0.000000000000000e+00 0.000000000000000e+00 -1.541174595254869e-05 
4.228219027000000e-05 1.880877070701065e+14 0.000000000000000e+00 0.000000000000000e+00 5.922722958981787e-06 
4.228224351000000e-05 1.882398148670051e+14 0.000000000000000e+00 0.000000000000000e+00 -8.523957900949638e-07 
4.228229675000000e-05 1.883905315509957e+14 0.000000000000000e+00 0.000000000000000e+00 -4.553594368418433e-07 
4.228234998000000e-05 1.885398456621428e+14 0.000000000000000e+00 0.000000000000000e+00 2.121642611810999e-05 
4.228240322000000e-05 1.886878295208954e+14 0.000000000000000e+00 0.000000000000000e+00 8.427850357351800e-06 
4.228245646000001e-05 1.888344709325819e+14 0.000000000000000e+00 0.000000000000000e+00 -1.730803949149098e-06 
4.228250970000000e-05 1.889797856492988e+14 0.000000000000000e+00 0.000000000000000e+00 5.314163846459619e-06 
4.228256293000000e-05 1.891237622691212e+14 0.000000000000000e+00 0.000000000000000e+00 -5.188950714186205e-06 
4.228261617000000e-05 1.892664701854092e+14 0.000000000000000e+00 0.000000000000000e+00 -7.068928601928804e-06 
4.228266941000000e-05 1.894078973071358e+14 0.000000000000000e+00 0.000000000000000e+00 -1.088522895054660e-05 
4.228272265000000e-05 1.895480584979189e+14 0.000000000000000e+00 0.000000000000000e+00 1.426915334948099e-05 
4.228277589000000e-05 1.896869684089262e+14 0.000000000000000e+00 0.000000000000000e+00 -2.652696582360560e-05 
4.228282912000000e-05 1.898246157390761e+14 0.000000000000000e+00 0.000000000000000e+00 -4.027610187832821e-06 
4.228288236000001e-05 1.899610663865859e+14 0.000000000000000e+00 0.000000000000000e+00 1.052886160590347e-05 
4.228293560000000e-05 1.900963085241555e+14 0.000000000000000e+00 0.000000000000000e+00 8.572170181317551e-07 
4.228298884000000e-05 1.902303559349977e+14 0.000000000000000e+00 0.000000000000000e+00 -8.891552548673491e-06 
4.228304207000001e-05 1.903631974173679e+14 0.000000000000000e+00 0.000000000000000e+00 2.245532725862261e-06 
4.228309531000000e-05 1.904948963346857e+14 0.000000000000000e+00 0.000000000000000e+00 1.664983291274477e-05 
4.228314855000000e-05 1.906254408859098e+14 0.000000000000000e+00 0.000000000000000e+00 -1.604479321745875e-05 
4.228320179000000e-05 1.907548441519964e+14 0.000000000000000e+00 0.000000000000000e+00 -2.190653132550174e-06 
4.228325502000000e-05 1.908830950439081e+14 0.000000000000000e+00 0.000000000000000e+00 -1.430440438266289e-06 
4.228330826000001e-05 1.910102544683195e+14 0.000000000000000e+00 0.000000000000000e+00 -8.118718481601988e-06 
4.228336150000000e-05 1.911363107716364e+14 0.000000000000000e+00 0.000000000000000e+00 5.746434283202103e-07 
4.228341474000000e-05 1.912612763272234e+14 0.000000000000000e+00 0.000000000000000e+00 -1.671241641307244e-06 
4.228346798000000e-05 1.913851633387688e+14 0.000000000000000e+00 0.000000000000000e+00 -1.364759991039641e-05 
4.228352121000000e-05 1.915079608734346e+14 0.000000000000000e+00 0.000000000000000e+00 -1.253636292078370e-05 
4.228357445000000e-05 1.916297269407079e+14 0.000000000000000e+00 0.000000000000000e+00 -8.986658625979379e-06 
4.228362769000000e-05 1.917504500831507e+14 0.000000000000000e+00 0.000000000000000e+00 9.438988273616560e-07 
4.228368093000000e-05 1.918701418536225e+14 0.000000000000000e+00 0.000000000000000e+00 1.108132856018866e-05 
4.228373416000001e-05 1.919887914540337e+14 0.000000000000000e+00 0.000000000000000e+00 3.543650496732643e-06 
4.228378740000000e-05 1.921064547056802e+14 0.000000000000000e+00 0.000000000000000e+00 3.886832622888821e-06 
4.228384064000000e-05 1.922231203152950e+14 0.000000000000000e+00 0.000000000000000e+00 8.602363368235945e-06 
4.228389388000000e-05 1.923387992262498e+14 0.000000000000000e+00 0.000000000000000e+00 1.407670598577606e-05 
4.228394711000000e-05 1.924534807821005e+14 0.000000000000000e+00 0.000000000000000e+00 -6.375538801322192e-06 
4.228400034999999e-05 1.925672187233948e+14 0.000000000000000e+00 0.000000000000000e+00 -1.993892680503990e-05 
4.228405359000000e-05 1.926800019258654e+14 0.000000000000000e+00 0.000000000000000e+00 9.481075235346351e-06 
4.228410683000000e-05 1.927918407615029e+14 0.000000000000000e+00 0.000000000000000e+00 1.043179040001362e-05 
4.228416007000000e-05 1.929027454652381e+14 0.000000000000000e+00 0.000000000000000e+00 -5.634294902397601e-06 
4.228421330000000e-05 1.930127055655023e+14 0.000000000000000e+00 0.000000000000000e+00 1.598299996885316e-05 
4.228426654000000e-05 1.931217723426854e+14 0.000000000000000e+00 0.000000000000000e+00 -1.252472028990453e-05 
4.228431978000000e-05 1.932299348888479e+14 0.000000000000000e+00 0.000000000000000e+00 3.450023626297316e-06 
4.228437302000000e-05 1.933372029112666e+14 0.000000000000000e+00 0.000000000000000e+00 2.338399316135065e-06 
4.228442624999999e-05 1.934435660909883e+14 0.000000000000000e+00 0.000000000000000e+00 1.050259229237991e-06 
4.228447949000000e-05 1.935490738458067e+14 0.000000000000000e+00 0.000000000000000e+00 -4.955166138634456e-06 
4.228453273000000e-05 1.936537154437525e+14 0.000000000000000e+00 0.000000000000000e+00 -4.840267000058767e-06 
4.228458597000000e-05 1.937575000964626e+14 0.000000000000000e+00 0.000000000000000e+00 -2.318710919110519e-06 
4.228463920000000e-05 1.938604176410065e+14 0.000000000000000e+00 0.000000000000000e+00 2.036136000178730e-06 
4.228469244000000e-05 1.939625157201094e+14 0.000000000000000e+00 0.000000000000000e+00 1.166259931112573e-05 
4.228474568000000e-05 1.940637837795428e+14 0.000000000000000e+00 0.000000000000000e+00 -6.222551080490109e-06 
4.228479892000000e-05 1.941642305651101e+14 0.000000000000000e+00 0.000000000000000e+00 -3.478119882861589e-06 
4.228485216000000e-05 1.942638647105049e+14 0.000000000000000e+00 0.000000000000000e+00 4.202682778604789e-06 
4.228490539000000e-05 1.943626762509968e+14 0.000000000000000e+00 0.000000000000000e+00 1.737773818262988e-06 
4.228495863000000e-05 1.944607107261444e+14 0.000000000000000e+00 0.000000000000000e+00 6.492016345236778e-06 
4.228501187000000e-05 1.945579578051849e+14 0.000000000000000e+00 0.000000000000000e+00 -3.046975567196292e-06 
4.228506511000000e-05 1.946544256902288e+14 0.000000000000000e+00 0.000000000000000e+00 1.314585688733141e-06 
4.228511834000000e-05 1.947501045768072e+14 0.000000000000000e+00 0.000000000000000e+00 -2.911304632794969e-06 
4.228517158000000e-05 1.948450384088043e+14 0.000000000000000e+00 0.000000000000000e+00 4.404778676840642e-06 
4.228522482000000e-05 1.949392170345583e+14 0.000000000000000e+00 0.000000000000000e+00 1.145613893176068e-06 
4.228527806000000e-05 1.950326482497838e+14 0.000000000000000e+00 0.000000000000000e+00 -1.475703511210364e-07 
4.228533130000000e-05 1.951253397524879e+14 0.000000000000000e+00 0.000000000000000e+00 6.396247293796217e-06 
4.228538453000000e-05 1.952172819397677e+14 0.000000000000000e+00 0.000000000000000e+00 -2.278284620392958e-06 
4.228543777000000e-05 1.953085168622993e+14 0.000000000000000e+00 0.000000000000000e+00 3.590927845856381e-06 
4.228549101000000e-05 1.953990345918769e+14 0.000000000000000e+00 0.000000000000000e+00 -3.716991261285020e-06 
4.228554425000001e-05 1.954888424492569e+14 0.000000000000000e+00 0.000000000000000e+00 -1.989662179261681e-06 
4.228559748000000e-05 1.955779309932926e+14 0.000000000000000e+00 0.000000000000000e+00 -3.356041357151652e-06 
4.228565072000000e-05 1.956663408363167e+14 0.000000000000000e+00 0.000000000000000e+00 6.156996951807628e-06 
4.228570396000000e-05 1.957540622280869e+14 0.000000000000000e+00 0.000000000000000e+00 -4.690962602532113e-06 
4.228575720000000e-05 1.958411021337714e+14 0.000000000000000e+00 0.000000000000000e+00 -1.030288887072204e-05 
4.228581043000000e-05 1.959274512738827e+14 0.000000000000000e+00 0.000000000000000e+00 -6.930663430209251e-06 
4.228586367000000e-05 1.960131488860506e+14 0.000000000000000e+00 0.000000000000000e+00 2.129630092492310e-06 
4.228591691000000e-05 1.960981853970675e+14 0.000000000000000e+00 0.000000000000000e+00 8.009495540848494e-06 
4.228597015000001e-05 1.961825674366197e+14 0.000000000000000e+00 0.000000000000000e+00 1.142442801371889e-06 
4.228602339000000e-05 1.962663015534784e+14 0.000000000000000e+00 0.000000000000000e+00 4.397407323731882e-06 
4.228607662000001e-05 1.963493786694527e+14 0.000000000000000e+00 0.000000000000000e+00 4.479046698755295e-06 
4.228612986000000e-05 1.964318363884446e+14 0.000000000000000e+00 0.000000000000000e+00 -3.872285193432570e-06 
4.228618310000000e-05 1.965136653563171e+14 0.000000000000000e+00 0.000000000000000e+00 -5.328453991845872e-09 
4.228623633999999e-05 1.965948718098148e+14 0.000000000000000e+00 0.000000000000000e+00 8.310004374352627e-06 
4.228628957000000e-05 1.966754468307452e+14 0.000000000000000e+00 0.000000000000000e+00 3.127759840724991e-06 
4.228634281000000e-05 1.967554267797219e+14 0.000000000000000e+00 0.000000000000000e+00 5.881498878208181e-06 
4.228639605000001e-05 1.968348024759934e+14 0.000000000000000e+00 0.000000000000000e+00 -2.618459725958113e-06 
4.228644929000000e-05 1.969135798615036e+14 0.000000000000000e+00 0.000000000000000e+00 -5.729816221899527e-06 
4.228650252000001e-05 1.969917501770612e+14 0.000000000000000e+00 0.000000000000000e+00 -4.170065369642441e-06 
4.228655576000000e-05 1.970693485932279e+14 0.000000000000000e+00 0.000000000000000e+00 -6.209311306548477e-06 
4.228660900000000e-05 1.971463661008181e+14 0.000000000000000e+00 0.000000000000000e+00 7.726804465174305e-07 
4.228666223999999e-05 1.972228083632498e+14 0.000000000000000e+00 0.000000000000000e+00 -2.472699668924645e-06 
4.228671548000000e-05 1.972986809767858e+14 0.000000000000000e+00 0.000000000000000e+00 -4.917107244796271e-06 
4.228676871000000e-05 1.973739753788496e+14 0.000000000000000e+00 0.000000000000000e+00 -5.324399356328796e-07 
4.228682195000000e-05 1.974487253233945e+14 0.000000000000000e+00 0.000000000000000e+00 1.813621305368878e-06 
4.228687519000000e-05 1.975229220126448e+14 0.000000000000000e+00 0.000000000000000e+00 4.282162406473544e-06 
4.228692843000000e-05 1.975965707831466e+14 0.000000000000000e+00 0.000000000000000e+00 -1.747984067378210e-06 
4.228698166000000e-05 1.976696632279695e+14 0.000000000000000e+00 0.000000000000000e+00 4.172337477608830e-06 
4.228703490000000e-05 1.977422320211934e+14 0.000000000000000e+00 0.000000000000000e+00 -4.027201223180508e-06 
4.228708814000000e-05 1.978142685316473e+14 0.000000000000000e+00 0.000000000000000e+00 -1.880583301429840e-06 
4.228714138000000e-05 1.978857778503045e+14 0.000000000000000e+00 0.000000000000000e+00 6.974978675525168e-06 
4.228719461000000e-05 1.979567517239653e+14 0.000000000000000e+00 0.000000000000000e+00 -4.315075283207438e-06 
4.228724785000000e-05 1.980272217918811e+14 0.000000000000000e+00 0.000000000000000e+00 -3.761935876863504e-06 
4.228730109000000e-05 1.980971795870997e+14 0.000000000000000e+00 0.000000000000000e+00 -4.572851157003892e-06 
4.228735433000000e-05 1.981666299680358e+14 0.000000000000000e+00 0.000000000000000e+00 -2.727951595722076e-06 
4.228740757000000e-05 1.982355777370369e+14 0.000000000000000e+00 0.000000000000000e+00 -2.324273751215059e-06 
4.228746080000000e-05 1.983040148305594e+14 0.000000000000000e+00 0.000000000000000e+00 1.240293919573107e-06 
4.228751404000000e-05 1.983719716538604e+14 0.000000000000000e+00 0.000000000000000e+00 -2.164793702702108e-06 
4.228756728000000e-05 1.984394399418284e+14 0.000000000000000e+00 0.000000000000000e+00 1.592229436602359e-06 
4.228762052000000e-05 1.985064242795978e+14 0.000000000000000e+00 0.000000000000000e+00 1.761774750583823e-06 
4.228767375000000e-05 1.985729167530691e+14 0.000000000000000e+00 0.000000000000000e+00 -1.745244065028811e-06 
4.228772699000000e-05 1.986389468255551e+14 0.000000000000000e+00 0.000000000000000e+00 -6.575187788643175e-06 
4.228778023000000e-05 1.987045063904634e+14 0.000000000000000e+00 0.000000000000000e+00 3.017761302856441e-07 
4.228783347000000e-05 1.987695998272985e+14 0.000000000000000e+00 0.000000000000000e+00 9.227809165261853e-08 
4.228788670000000e-05 1.988342193691856e+14 0.000000000000000e+00 0.000000000000000e+00 -6.631926661681282e-07 
4.228793994000000e-05 1.988983935755184e+14 0.000000000000000e+00 0.000000000000000e+00 -5.628434173855713e-06 
4.228799318000000e-05 1.989621144956764e+14 0.000000000000000e+00 0.000000000000000e+00 -4.272827745997414e-06 
4.228804642000000e-05 1.990253863141437e+14 0.000000000000000e+00 0.000000000000000e+00 9.123234787636501e-07 
4.228809966000000e-05 1.990882131683190e+14 0.000000000000000e+00 0.000000000000000e+00 8.749100859452341e-06 
4.228815289000000e-05 1.991505874723598e+14 0.000000000000000e+00 0.000000000000000e+00 1.607022644668695e-06 
4.228820613000000e-05 1.992125367063369e+14 0.000000000000000e+00 0.000000000000000e+00 3.183440312125648e-06 
4.228825937000000e-05 1.992740531107845e+14 0.000000000000000e+00 0.000000000000000e+00 4.705022395303394e-06 
4.228831261000001e-05 1.993351406406989e+14 0.000000000000000e+00 0.000000000000000e+00 6.558396648625985e-06 
4.228836584000000e-05 1.993957918524029e+14 0.000000000000000e+00 0.000000000000000e+00 1.928811050814807e-06 
4.228841908000000e-05 1.994560334010063e+14 0.000000000000000e+00 0.000000000000000e+00 2.688531583329918e-06 
4.228847232000000e-05 1.995158576768892e+14 0.000000000000000e+00 0.000000000000000e+00 2.083965430456064e-06 
4.228852556000000e-05 1.995752684620023e+14 0.000000000000000e+00 0.000000000000000e+00 -1.217426278997288e-06 
4.228857880000000e-05 1.996342694964376e+14 0.000000000000000e+00 0.000000000000000e+00 -1.288377749324261e-06 
4.228863203000000e-05 1.996928535110480e+14 0.000000000000000e+00 0.000000000000000e+00 -5.738767225258963e-06 
4.228868527000000e-05 1.997510461749175e+14 0.000000000000000e+00 0.000000000000000e+00 3.046168513420657e-06 
4.228873851000001e-05 1.998088400619415e+14 0.000000000000000e+00 0.000000000000000e+00 4.340375082764065e-07 
4.228879175000000e-05 1.998662387501247e+14 0.000000000000000e+00 0.000000000000000e+00 8.231474213352175e-06 
4.228884498000000e-05 1.999232351072882e+14 0.000000000000000e+00 0.000000000000000e+00 -8.246232208394852e-06 
4.228889822000001e-05 1.999798540480464e+14 0.000000000000000e+00 0.000000000000000e+00 2.791151562186254e-06 
4.228895146000000e-05 2.000360882900362e+14 0.000000000000000e+00 0.000000000000000e+00 -9.630879642708938e-06 
4.228900470000000e-05 2.000919412573848e+14 0.000000000000000e+00 0.000000000000000e+00 2.450362667501789e-06 
4.228905793000000e-05 2.001474059524349e+14 0.000000000000000e+00 0.000000000000000e+00 -5.437170311339273e-06 
4.228911117000000e-05 2.002025065644104e+14 0.000000000000000e+00 0.000000000000000e+00 3.715147759340916e-07 
4.228916441000001e-05 2.002572359518914e+14 0.000000000000000e+00 0.000000000000000e+00 -2.594173535177140e-06 
4.228921765000000e-05 2.003115973928381e+14 0.000000000000000e+00 0.000000000000000e+00 -5.251783605393239e-07 
4.228927089000000e-05 2.003655941298401e+14 0.000000000000000e+00 0.000000000000000e+00 -1.208529748824652e-06 
4.228932412000000e-05 2.004192193300070e+14 0.000000000000000e+00 0.000000000000000e+00 -2.771201264606386e-06 
4.228937736000000e-05 2.004724963144967e+14 0.000000000000000e+00 0.000000000000000e+00 -1.258553674666429e-06 
4.228943059999999e-05 2.005254181142486e+14 0.000000000000000e+00 0.000000000000000e+00 1.222113209145858e-06 
4.228948384000000e-05 2.005779878347482e+14 0.000000000000000e+00 0.000000000000000e+00 1.189927558072710e-06 
4.228953707000000e-05 2.006301987722165e+14 0.000000000000000e+00 0.000000000000000e+00 -3.112258110334184e-06 
4.228959031000001e-05 2.006820735827420e+14 0.000000000000000e+00 0.000000000000000e+00 1.364959621528237e-06 
4.228964355000000e-05 2.007336054321267e+14 0.000000000000000e+00 0.000000000000000e+00 -4.575951229013064e-06 
4.228969679000000e-05 2.007847972954748e+14 0.000000000000000e+00 0.000000000000000e+00 1.375922824509714e-06 
4.228975002000000e-05 2.008356425957492e+14 0.000000000000000e+00 0.000000000000000e+00 5.556364633504932e-06 
4.228980326000000e-05 2.008861633487982e+14 0.000000000000000e+00 0.000000000000000e+00 3.860515790766348e-06 
4.228985649999999e-05 2.009363528525896e+14 0.000000000000000e+00 0.000000000000000e+00 -1.113472109413285e-06 
4.228990974000000e-05 2.009862139582428e+14 0.000000000000000e+00 0.000000000000000e+00 -2.326941830448334e-06 
4.228996298000000e-05 2.010357494868088e+14 0.000000000000000e+00 0.000000000000000e+00 2.304785135763571e-06 
4.229001621000001e-05 2.010849530162735e+14 0.000000000000000e+00 0.000000000000000e+00 -7.994683614559013e-07 
4.229006945000000e-05 2.011338457954404e+14 0.000000000000000e+00 0.000000000000000e+00 -4.389549909971705e-06 
4.229012269000000e-05 2.011824212836937e+14 0.000000000000000e+00 0.000000000000000e+00 1.096054325065457e-06 
4.229017593000000e-05 2.012306821856104e+14 0.000000000000000e+00 0.000000000000000e+00 3.230297364573603e-06 
4.229022916000000e-05 2.012786222004845e+14 0.000000000000000e+00 0.000000000000000e+00 3.707252128351144e-06 
4.229028239999999e-05 2.013262619887736e+14 0.000000000000000e+00 0.000000000000000e+00 -4.044577085882271e-06 
4.229033564000000e-05 2.013735951360143e+14 0.000000000000000e+00 0.000000000000000e+00 -1.666467998604970e-06 
4.229038888000000e-05 2.014206242359143e+14 0.000000000000000e+00 0.000000000000000e+00 9.055175410039122e-07 
4.229044211000001e-05 2.014673431067008e+14 0.000000000000000e+00 0.000000000000000e+00 -1.873544893524953e-06 
4.229049535000000e-05 2.015137718418560e+14 0.000000000000000e+00 0.000000000000000e+00 4.147967895708289e-06 
4.229054859000000e-05 2.015599041504451e+14 0.000000000000000e+00 0.000000000000000e+00 -3.443165716425389e-06 
4.229060183000000e-05 2.016057425206465e+14 0.000000000000000e+00 0.000000000000000e+00 -3.772999859656906e-06 
4.229065507000000e-05 2.016512894150576e+14 0.000000000000000e+00 0.000000000000000e+00 1.386377069014481e-07 
4.229070829999999e-05 2.016965387972275e+14 0.000000000000000e+00 0.000000000000000e+00 5.685564011375518e-07 
4.229076154000000e-05 2.017415100805689e+14 0.000000000000000e+00 0.000000000000000e+00 2.004164593894222e-07 
4.229081478000000e-05 2.017861971249513e+14 0.000000000000000e+00 0.000000000000000e+00 2.269394876834091e-06 
4.229086802000000e-05 2.018306022936086e+14 0.000000000000000e+00 0.000000000000000e+00 1.590139490216319e-06 
4.229092125000000e-05 2.018747196638004e+14 0.000000000000000e+00 0.000000000000000e+00 -3.436966258648392e-06 
4.229097449000000e-05 2.019185681266803e+14 0.000000000000000e+00 0.000000000000000e+00 -9.352783822652852e-07 
4.229102773000000e-05 2.019621416598521e+14 0.000000000000000e+00 0.000000000000000e+00 -9.659898795848553e-07 
4.229108097000000e-05 2.020054425319914e+14 0.000000000000000e+00 0.000000000000000e+00 2.117021700568777e-06 
4.229113420000000e-05 2.020484649316552e+14 0.000000000000000e+00 0.000000000000000e+00 5.208245405124275e-07 
4.229118744000000e-05 2.020912272462423e+14 0.000000000000000e+00 0.000000000000000e+00 -1.375407314829268e-06 
4.229124068000000e-05 2.021337235686490e+14 0.000000000000000e+00 0.000000000000000e+00 -6.876306295733438e-07 
4.229129392000000e-05 2.021759560773207e+14 0.000000000000000e+00 0.000000000000000e+00 -5.194397631339478e-07 
4.229134716000000e-05 2.022179269288347e+14 0.000000000000000e+00 0.000000000000000e+00 3.636008012675808e-06 
4.229140039000000e-05 2.022596304477624e+14 0.000000000000000e+00 0.000000000000000e+00 -1.027589682800688e-06 
4.229145363000000e-05 2.023010844165196e+14 0.000000000000000e+00 0.000000000000000e+00 3.064178446878034e-07 
4.229150687000000e-05 2.023422830686860e+14 0.000000000000000e+00 0.000000000000000e+00 -1.949156109917176e-06 
4.229156011000000e-05 2.023832284758105e+14 0.000000000000000e+00 0.000000000000000e+00 3.972885409530485e-06 
4.229161334000000e-05 2.024239150687757e+14 0.000000000000000e+00 0.000000000000000e+00 9.536132257208650e-07 
4.229166658000000e-05 2.024643601649298e+14 0.000000000000000e+00 0.000000000000000e+00 7.440568140519201e-07 
4.229171982000000e-05 2.025045581076133e+14 0.000000000000000e+00 0.000000000000000e+00 -2.690974384581596e-06 
4.229177306000000e-05 2.025445108873657e+14 0.000000000000000e+00 0.000000000000000e+00 -1.484996171471329e-07 
4.229182630000001e-05 2.025842204750252e+14 0.000000000000000e+00 0.000000000000000e+00 -1.577474642857526e-06 
4.229187953000000e-05 2.026236814312005e+14 0.000000000000000e+00 0.000000000000000e+00 -3.318114353643109e-06 
4.229193277000001e-05 2.026629105143684e+14 0.000000000000000e+00 0.000000000000000e+00 -1.710871718866833e-06 
4.229198601000000e-05 2.027019022017978e+14 0.000000000000000e+00 0.000000000000000e+00 4.286725615419797e-06 
4.229203925000000e-05 2.027406583878917e+14 0.000000000000000e+00 0.000000000000000e+00 -1.299069135850493e-06 
4.229209248000000e-05 2.027791737346567e+14 0.000000000000000e+00 0.000000000000000e+00 3.084608238267903e-06 
4.229214572000000e-05 2.028174645705614e+14 0.000000000000000e+00 0.000000000000000e+00 2.772443742362590e-06 
4.229219896000000e-05 2.028555254774502e+14 0.000000000000000e+00 0.000000000000000e+00 2.902073679604201e-06 
4.229225220000000e-05 2.028933582767217e+14 0.000000000000000e+00 0.000000000000000e+00 -1.363193804540293e-06 
4.229230543000000e-05 2.029309577296319e+14 0.000000000000000e+00 0.000000000000000e+00 -5.052747671921326e-06 
4.229235867000001e-05 2.029683397492638e+14 0.000000000000000e+00 0.000000000000000e+00 -1.901579561101065e-06 
4.229241191000000e-05 2.030054990196709e+14 0.000000000000000e+00 0.000000000000000e+00 9.154352956861341e-07 
4.229246515000000e-05 2.030424372926244e+14 0.000000000000000e+00 0.000000000000000e+00 5.818307130694120e-07 
4.229251838999999e-05 2.030791563029141e+14 0.000000000000000e+00 0.000000000000000e+00 2.006655240614240e-06 
4.229257162000000e-05 2.031156509329407e+14 0.000000000000000e+00 0.000000000000000e+00 4.151045368377511e-06 
4.229262486000000e-05 2.031519365960219e+14 0.000000000000000e+00 0.000000000000000e+00 2.217261657240484e-06 
4.229267810000000e-05 2.031880081009436e+14 0.000000000000000e+00 0.000000000000000e+00 3.666888506021602e-06 
4.229273134000000e-05 2.032238671167299e+14 0.000000000000000e+00 0.000000000000000e+00 1.383730691922915e-06 
4.229278457000001e-05 2.032595086203476e+14 0.000000000000000e+00 0.000000000000000e+00 -2.307122022735308e-06 
4.229283781000000e-05 2.032949476402815e+14 0.000000000000000e+00 0.000000000000000e+00 2.011144684761081e-06 
4.229289105000000e-05 2.033301790826308e+14 0.000000000000000e+00 0.000000000000000e+00 9.287350144297621e-07 
4.229294428999999e-05 2.033652045535499e+14 0.000000000000000e+00 0.000000000000000e+00 -2.525760308450656e-06 
4.229299752000000e-05 2.034000191225988e+14 0.000000000000000e+00 0.000000000000000e+00 8.830642407563750e-06 
4.229305076000000e-05 2.034346374461032e+14 0.000000000000000e+00 0.000000000000000e+00 -4.183450730499317e-06 
4.229310400000000e-05 2.034690545253500e+14 0.000000000000000e+00 0.000000000000000e+00 1.872435951627235e-06 
4.229315724000000e-05 2.035032719063984e+14 0.000000000000000e+00 0.000000000000000e+00 -2.384816262785472e-07 
4.229321048000000e-05 2.035372911206903e+14 0.000000000000000e+00 0.000000000000000e+00 -2.441148428693286e-06 
4.229326371000000e-05 2.035711073507720e+14 0.000000000000000e+00 0.000000000000000e+00 3.689340589920279e-06 
4.229331695000000e-05 2.036047348048403e+14 0.000000000000000e+00 0.000000000000000e+00 1.649048086176981e-06 
4.229337019000000e-05 2.036381686002227e+14 0.000000000000000e+00 0.000000000000000e+00 -1.431336031145985e-06 
4.229342343000000e-05 2.036714102115771e+14 0.000000000000000e+00 0.000000000000000e+00 3.820510404187398e-08 
4.229347666000000e-05 2.037044549096197e+14 0.000000000000000e+00 0.000000000000000e+00 -1.000391423593147e-06 
4.229352990000000e-05 2.037373165571268e+14 0.000000000000000e+00 0.000000000000000e+00 -7.640671651514110e-07 
4.229358314000000e-05 2.037699903619864e+14 0.000000000000000e+00 0.000000000000000e+00 2.556919454969431e-06 
4.229363638000000e-05 2.038024777444927e+14 0.000000000000000e+00 0.000000000000000e+00 -3.315976080770372e-06 
4.229368961000000e-05 2.038347740617215e+14 0.000000000000000e+00 0.000000000000000e+00 8.934452177561840e-07 
4.229374285000000e-05 2.038668928421009e+14 0.000000000000000e+00 0.000000000000000e+00 -7.431326626348640e-07 
4.229379609000000e-05 2.038988293820637e+14 0.000000000000000e+00 0.000000000000000e+00 3.680335680896281e-06 
4.229384933000000e-05 2.039305850499578e+14 0.000000000000000e+00 0.000000000000000e+00 -1.288194414080677e-06 
4.229390257000000e-05 2.039621612014382e+14 0.000000000000000e+00 0.000000000000000e+00 1.727572329562813e-06 
4.229395580000000e-05 2.039935532988734e+14 0.000000000000000e+00 0.000000000000000e+00 2.372490488793057e-06 
4.229400904000000e-05 2.040247744677441e+14 0.000000000000000e+00 0.000000000000000e+00 -1.938247513464522e-06 
4.229406228000000e-05 2.040558201124797e+14 0.000000000000000e+00 0.000000000000000e+00 -3.188968613306874e-06 
4.229411552000000e-05 2.040866915395453e+14 0.000000000000000e+00 0.000000000000000e+00 4.025028644245013e-06 
4.229416875000000e-05 2.041173842935287e+14 0.000000000000000e+00 0.000000000000000e+00 1.866949791644248e-06 
4.229422199000000e-05 2.041479111889936e+14 0.000000000000000e+00 0.000000000000000e+00 4.185408807058179e-06 
4.229427523000000e-05 2.041782677146388e+14 0.000000000000000e+00 0.000000000000000e+00 4.965604101936938e-07 
4.229432847000000e-05 2.042084551297915e+14 0.000000000000000e+00 0.000000000000000e+00 4.828490404827157e-08 
4.229438170000000e-05 2.042384690594963e+14 0.000000000000000e+00 0.000000000000000e+00 4.759897427222394e-06 
4.229443494000000e-05 2.042683220171892e+14 0.000000000000000e+00 0.000000000000000e+00 1.389271157185187e-06 
4.229448818000000e-05 2.042980095739425e+14 0.000000000000000e+00 0.000000000000000e+00 2.785213166105111e-06 
4.229454142000000e-05 2.043275329439860e+14 0.000000000000000e+00 0.000000000000000e+00 -3.012456117926158e-06 
4.229459466000001e-05 2.043568933305886e+14 0.000000000000000e+00 0.000000000000000e+00 -2.129410158958031e-06 
4.229464789000000e-05 2.043860864569179e+14 0.000000000000000e+00 0.000000000000000e+00 -2.457726641298956e-06 
4.229470113000000e-05 2.044151244731324e+14 0.000000000000000e+00 0.000000000000000e+00 -1.575441921247694e-06 
4.229475437000000e-05 2.044440030507438e+14 0.000000000000000e+00 0.000000000000000e+00 -2.333046309830436e-06 
4.229480761000000e-05 2.044727233502725e+14 0.000000000000000e+00 0.000000000000000e+00 1.951662834435922e-06 
4.229486084000000e-05 2.045012811715048e+14 0.000000000000000e+00 0.000000000000000e+00 2.773944189996302e-06 
4.229491408000000e-05 2.045296883840388e+14 0.000000000000000e+00 0.000000000000000e+00 -3.532088957282600e-06 
4.229496732000000e-05 2.045579407377979e+14 0.000000000000000e+00 0.000000000000000e+00 -1.197645358566446e-06 
4.229502056000001e-05 2.045860393523152e+14 0.000000000000000e+00 0.000000000000000e+00 4.206425680863512e-07 
4.229507380000000e-05 2.046139853371508e+14 0.000000000000000e+00 0.000000000000000e+00 1.252197270464464e-06 
4.229512703000000e-05 2.046417745855739e+14 0.000000000000000e+00 0.000000000000000e+00 -1.824920590156078e-07 
4.229518027000000e-05 2.046694186285383e+14 0.000000000000000e+00 0.000000000000000e+00 -5.306691791129638e-07 
4.229523351000000e-05 2.046969133115251e+14 0.000000000000000e+00 0.000000000000000e+00 -1.165188939270899e-06 
4.229528674999999e-05 2.047242597052482e+14 0.000000000000000e+00 0.000000000000000e+00 -8.405820987215300e-07 
4.229533998000000e-05 2.047514537759418e+14 0.000000000000000e+00 0.000000000000000e+00 7.038086193657036e-07 
4.229539322000000e-05 2.047785067928990e+14 0.000000000000000e+00 0.000000000000000e+00 3.445107725656534e-06 
4.229544646000001e-05 2.048054146761690e+14 0.000000000000000e+00 0.000000000000000e+00 -2.284442050501888e-06 
4.229549970000000e-05 2.048321784592128e+14 0.000000000000000e+00 0.000000000000000e+00 -7.361963955126497e-07 
4.229555293000000e-05 2.048587941796572e+14 0.000000000000000e+00 0.000000000000000e+00 -3.029020783849444e-06 
4.229560617000000e-05 2.048852728530311e+14 0.000000000000000e+00 0.000000000000000e+00 3.007466036327723e-06 
4.229565941000000e-05 2.049116104723117e+14 0.000000000000000e+00 0.000000000000000e+00 -4.288989107607712e-07 
4.229571264999999e-05 2.049378080352475e+14 0.000000000000000e+00 0.000000000000000e+00 -1.884241111782956e-06 
4.229576589000000e-05 2.049638665308721e+14 0.000000000000000e+00 0.000000000000000e+00 2.130003756225465e-06 
4.229581912000000e-05 2.049897820838989e+14 0.000000000000000e+00 0.000000000000000e+00 -4.545809893847646e-07 
4.229587236000001e-05 2.050155654032906e+14 0.000000000000000e+00 0.000000000000000e+00 -2.426761174831015e-06 
4.229592560000000e-05 2.050412125709594e+14 0.000000000000000e+00 0.000000000000000e+00 -3.704031367375548e-07 
4.229597884000000e-05 2.050667245420251e+14 0.000000000000000e+00 0.000000000000000e+00 1.958194984391502e-06 
4.229603207000000e-05 2.050920975092248e+14 0.000000000000000e+00 0.000000000000000e+00 -2.817835586829135e-06 
4.229608531000000e-05 2.051173419444180e+14 0.000000000000000e+00 0.000000000000000e+00 8.056926377920380e-07 
4.229613854999999e-05 2.051424539989276e+14 0.000000000000000e+00 0.000000000000000e+00 1.258453627974063e-06 
4.229619179000000e-05 2.051674345953260e+14 0.000000000000000e+00 0.000000000000000e+00 -2.904404047220287e-06 
4.229624502000000e-05 2.051922799928931e+14 0.000000000000000e+00 0.000000000000000e+00 3.346754921767618e-06 
4.229629826000001e-05 2.052170004333865e+14 0.000000000000000e+00 0.000000000000000e+00 1.435223265276727e-06 
4.229635150000000e-05 2.052415921360196e+14 0.000000000000000e+00 0.000000000000000e+00 -2.438485093192396e-06 
4.229640474000000e-05 2.052660559921292e+14 0.000000000000000e+00 0.000000000000000e+00 -4.056613395418590e-07 
4.229645798000000e-05 2.052903928854174e+14 0.000000000000000e+00 0.000000000000000e+00 1.667692489714013e-06 
4.229651121000000e-05 2.053145991563582e+14 0.000000000000000e+00 0.000000000000000e+00 -4.743814218887059e-07 
4.229656444999999e-05 2.053386847684973e+14 0.000000000000000e+00 0.000000000000000e+00 -1.147508107420246e-06 
4.229661769000000e-05 2.053626460238682e+14 0.000000000000000e+00 0.000000000000000e+00 -1.108634783111867e-06 
4.229667093000000e-05 2.053864837764761e+14 0.000000000000000e+00 0.000000000000000e+00 -3.782278846399856e-06 
4.229672416000001e-05 2.054101944301941e+14 0.000000000000000e+00 0.000000000000000e+00 -1.237509176934868e-06 
4.229677740000000e-05 2.054337877332490e+14 0.000000000000000e+00 0.000000000000000e+00 9.105598951200463e-07 
4.229683064000000e-05 2.054572600523003e+14 0.000000000000000e+00 0.000000000000000e+00 1.112055983747296e-06 
4.229688388000000e-05 2.054806122128452e+14 0.000000000000000e+00 0.000000000000000e+00 3.779360233803835e-06 
4.229693711000000e-05 2.055038406807936e+14 0.000000000000000e+00 0.000000000000000e+00 2.511251770576279e-06 
4.229699034999999e-05 2.055269549952598e+14 0.000000000000000e+00 0.000000000000000e+00 1.799813013436204e-07 
4.229704359000000e-05 2.055499515861251e+14 0.000000000000000e+00 0.000000000000000e+00 5.243704262786802e-07 
4.229709683000000e-05 2.055728312514895e+14 0.000000000000000e+00 0.000000000000000e+00 1.572714216170694e-06 
4.229715007000000e-05 2.055955947827752e+14 0.000000000000000e+00 0.000000000000000e+00 1.099387144078324e-06 
4.229720330000000e-05 2.056182387215993e+14 0.000000000000000e+00 0.000000000000000e+00 2.740875688303252e-06 
4.229725654000000e-05 2.056407723540531e+14 0.000000000000000e+00 0.000000000000000e+00 2.172998168134729e-06 
4.229730978000000e-05 2.056631921871404e+14 0.000000000000000e+00 0.000000000000000e+00 1.834302250214450e-06 
4.229736302000000e-05 2.056854989862185e+14 0.000000000000000e+00 0.000000000000000e+00 -1.396520674392646e-06 
4.229741625000000e-05 2.057076893520059e+14 0.000000000000000e+00 0.000000000000000e+00 2.590980705489012e-06 
4.229746949000000e-05 2.057297723746584e+14 0.000000000000000e+00 0.000000000000000e+00 -1.982589798046291e-06 
4.229752273000000e-05 2.057517446213504e+14 0.000000000000000e+00 0.000000000000000e+00 -1.017080139543070e-06 
4.229757597000000e-05 2.057736068323919e+14 0.000000000000000e+00 0.000000000000000e+00 -1.216509662698301e-06 
4.229762920000000e-05 2.057953556663885e+14 0.000000000000000e+00 0.000000000000000e+00 -1.101812244987517e-06 
4.229768244000000e-05 2.058170000230069e+14 0.000000000000000e+00 0.000000000000000e+00 1.038030560171898e-06 
4.229773568000000e-05 2.058385365283595e+14 0.000000000000000e+00 0.000000000000000e+00 2.534600154888098e-06 
4.229778892000000e-05 2.058599658986677e+14 0.000000000000000e+00 0.000000000000000e+00 -3.397981782394747e-07 
4.229784216000000e-05 2.058812888442695e+14 0.000000000000000e+00 0.000000000000000e+00 4.827515125453028e-07 
4.229789539000000e-05 2.059025020943986e+14 0.000000000000000e+00 0.000000000000000e+00 4.600083263137608e-07 
4.229794863000000e-05 2.059236143181152e+14 0.000000000000000e+00 0.000000000000000e+00 5.303050972334481e-07 
4.229800187000000e-05 2.059446222133757e+14 0.000000000000000e+00 0.000000000000000e+00 1.289455797823394e-06 
4.229805511000000e-05 2.059655264675991e+14 0.000000000000000e+00 0.000000000000000e+00 1.215815570427288e-06 
4.229810834000000e-05 2.059863238651553e+14 0.000000000000000e+00 0.000000000000000e+00 -8.985849032190627e-07 
4.229816158000000e-05 2.060070228963821e+14 0.000000000000000e+00 0.000000000000000e+00 3.443401742266041e-06 
4.229821482000001e-05 2.060276203153419e+14 0.000000000000000e+00 0.000000000000000e+00 7.949221196346804e-07 
4.229826806000000e-05 2.060481167873832e+14 0.000000000000000e+00 0.000000000000000e+00 2.309806697569591e-06 
4.229832130000000e-05 2.060685129724860e+14 0.000000000000000e+00 0.000000000000000e+00 1.960872420479480e-06 
4.229837453000000e-05 2.060888057223380e+14 0.000000000000000e+00 0.000000000000000e+00 1.356002485209377e-06 
4.229842777000000e-05 2.061090033107370e+14 0.000000000000000e+00 0.000000000000000e+00 2.979180645381488e-07 
4.229848101000000e-05 2.061291025602145e+14 0.000000000000000e+00 0.000000000000000e+00 -1.792724618756717e-07 
4.229853425000000e-05 2.061491041097179e+14 0.000000000000000e+00 0.000000000000000e+00 -1.196637552980512e-06 
4.229858748000000e-05 2.061690048635099e+14 0.000000000000000e+00 0.000000000000000e+00 -3.540165432866191e-07 
4.229864072000001e-05 2.061888129275012e+14 0.000000000000000e+00 0.000000000000000e+00 9.752703099799796e-07 
4.229869396000000e-05 2.062085251776640e+14 0.000000000000000e+00 0.000000000000000e+00 -1.015172445703053e-06 
4.229874720000000e-05 2.062281422327242e+14 0.000000000000000e+00 0.000000000000000e+00 -4.901176120918531e-07 
4.229880043000000e-05 2.062476610484251e+14 0.000000000000000e+00 0.000000000000000e+00 -5.879715526024538e-07 
4.229885367000000e-05 2.062670895673209e+14 0.000000000000000e+00 0.000000000000000e+00 1.196404642114703e-06 
4.229890691000000e-05 2.062864247177177e+14 0.000000000000000e+00 0.000000000000000e+00 -5.818526430413851e-07 
4.229896015000000e-05 2.063056670988583e+14 0.000000000000000e+00 0.000000000000000e+00 7.662179480267142e-07 
4.229901339000000e-05 2.063248173052318e+14 0.000000000000000e+00 0.000000000000000e+00 -1.546297883187231e-06 
