4.223518138000001e-05 2.061003761457853e+14 0.000000000000000e+00 0.000000000000000e+00 1.126234401899372e-06 
4.223523461000000e-05 2.060824054602066e+14 0.000000000000000e+00 0.000000000000000e+00 1.617322893830706e-06 
4.223528785000001e-05 2.060643425916995e+14 0.000000000000000e+00 0.000000000000000e+00 1.323086365866788e-06 
4.223534109000000e-05 2.060461903307491e+14 0.000000000000000e+00 0.000000000000000e+00 1.655872926447528e-06 
4.223539433000000e-05 2.060279480953611e+14 0.000000000000000e+00 0.000000000000000e+00 2.291382119927445e-06 
4.223544756999999e-05 2.060096152987971e+14 0.000000000000000e+00 0.000000000000000e+00 8.487994257045349e-08 
4.223550080000000e-05 2.059911948186427e+14 0.000000000000000e+00 0.000000000000000e+00 4.852509825171700e-07 
4.223555404000000e-05 2.059726791375055e+14 0.000000000000000e+00 0.000000000000000e+00 1.197635333360131e-06 
4.223560728000001e-05 2.059540711060462e+14 0.000000000000000e+00 0.000000000000000e+00 -8.272591779569778e-07 
4.223566052000000e-05 2.059353701180086e+14 0.000000000000000e+00 0.000000000000000e+00 -1.106153912749792e-07 
4.223571375000001e-05 2.059165791011129e+14 0.000000000000000e+00 0.000000000000000e+00 -4.578630337811286e-06 
4.223576699000000e-05 2.058976903788376e+14 0.000000000000000e+00 0.000000000000000e+00 1.573943583280105e-06 
4.223582023000000e-05 2.058787068511217e+14 0.000000000000000e+00 0.000000000000000e+00 1.429911834345536e-06 
4.223587346999999e-05 2.058596278914024e+14 0.000000000000000e+00 0.000000000000000e+00 8.719150009848425e-07 
4.223592670000000e-05 2.058404564785766e+14 0.000000000000000e+00 0.000000000000000e+00 2.283446296424652e-06 
4.223597994000000e-05 2.058211847724974e+14 0.000000000000000e+00 0.000000000000000e+00 2.526642503474252e-07 
4.223603318000001e-05 2.058018157233872e+14 0.000000000000000e+00 0.000000000000000e+00 1.878276515999041e-06 
4.223608642000000e-05 2.057823486835545e+14 0.000000000000000e+00 0.000000000000000e+00 -1.871788587784359e-06 
4.223613966000000e-05 2.057627829998591e+14 0.000000000000000e+00 0.000000000000000e+00 1.493301280859968e-07 
4.223619289000000e-05 2.057431217167284e+14 0.000000000000000e+00 0.000000000000000e+00 -7.909278122490945e-07 
4.223624613000000e-05 2.057233567828316e+14 0.000000000000000e+00 0.000000000000000e+00 -5.659273829635275e-07 
4.223629936999999e-05 2.057034912127474e+14 0.000000000000000e+00 0.000000000000000e+00 1.135640852955932e-06 
4.223635261000000e-05 2.056835243311072e+14 0.000000000000000e+00 0.000000000000000e+00 -5.265297937355735e-07 
4.223640584000000e-05 2.056634592359793e+14 0.000000000000000e+00 0.000000000000000e+00 -2.677308942218425e-06 
4.223645908000001e-05 2.056432877016138e+14 0.000000000000000e+00 0.000000000000000e+00 3.215903784944143e-06 
4.223651232000000e-05 2.056230127952737e+14 0.000000000000000e+00 0.000000000000000e+00 -1.167144116381786e-06 
4.223656556000000e-05 2.056026338184148e+14 0.000000000000000e+00 0.000000000000000e+00 -1.972416055786740e-06 
4.223661880000000e-05 2.055821500665604e+14 0.000000000000000e+00 0.000000000000000e+00 8.522810880795574e-07 
4.223667203000000e-05 2.055615647064225e+14 0.000000000000000e+00 0.000000000000000e+00 3.364410813859820e-06 
4.223672527000000e-05 2.055408692870602e+14 0.000000000000000e+00 0.000000000000000e+00 -1.025232883707741e-06 
4.223677851000000e-05 2.055200669431155e+14 0.000000000000000e+00 0.000000000000000e+00 1.238521172278488e-06 
4.223683175000000e-05 2.054991569457048e+14 0.000000000000000e+00 0.000000000000000e+00 -5.791368900348050e-07 
4.223688498000001e-05 2.054781425177705e+14 0.000000000000000e+00 0.000000000000000e+00 2.069091133789956e-07 
4.223693822000000e-05 2.054570150222556e+14 0.000000000000000e+00 0.000000000000000e+00 -1.557050228267810e-06 
4.223699146000000e-05 2.054357776489463e+14 0.000000000000000e+00 0.000000000000000e+00 1.171646075191099e-06 
4.223704470000000e-05 2.054144296435313e+14 0.000000000000000e+00 0.000000000000000e+00 -1.690539077889983e-06 
4.223709793000000e-05 2.053929742863558e+14 0.000000000000000e+00 0.000000000000000e+00 2.982420473188005e-06 
4.223715117000000e-05 2.053714027487185e+14 0.000000000000000e+00 0.000000000000000e+00 -3.680820758658550e-07 
4.223720441000000e-05 2.053497182767106e+14 0.000000000000000e+00 0.000000000000000e+00 -1.162296524927036e-06 
4.223725765000000e-05 2.053279200894766e+14 0.000000000000000e+00 0.000000000000000e+00 4.774233527991384e-06 
4.223731089000000e-05 2.053060073993556e+14 0.000000000000000e+00 0.000000000000000e+00 -9.781394148977792e-07 
4.223736412000000e-05 2.052839835601594e+14 0.000000000000000e+00 0.000000000000000e+00 3.978806405287380e-06 
4.223741736000000e-05 2.052618394955434e+14 0.000000000000000e+00 0.000000000000000e+00 -5.107985438069687e-06 
4.223747060000000e-05 2.052395785236007e+14 0.000000000000000e+00 0.000000000000000e+00 3.355111155545033e-06 
4.223752384000001e-05 2.052171998286772e+14 0.000000000000000e+00 0.000000000000000e+00 1.541600051734946e-06 
4.223757707000000e-05 2.051947068247583e+14 0.000000000000000e+00 0.000000000000000e+00 1.485167646777252e-07 
4.223763031000000e-05 2.051720902306200e+14 0.000000000000000e+00 0.000000000000000e+00 -3.846545092966256e-07 
4.223768355000000e-05 2.051493534232947e+14 0.000000000000000e+00 0.000000000000000e+00 2.974571971266086e-06 
4.223773679000000e-05 2.051264955579380e+14 0.000000000000000e+00 0.000000000000000e+00 -1.054099176300351e-06 
4.223779002000000e-05 2.051035201099230e+14 0.000000000000000e+00 0.000000000000000e+00 -1.090940307178877e-06 
4.223784326000000e-05 2.050804175869407e+14 0.000000000000000e+00 0.000000000000000e+00 1.055697517223455e-06 
4.223789650000000e-05 2.050571914261577e+14 0.000000000000000e+00 0.000000000000000e+00 1.036247033493629e-06 
4.223794974000001e-05 2.050338407521962e+14 0.000000000000000e+00 0.000000000000000e+00 1.806083747078149e-06 
4.223800298000000e-05 2.050103646818634e+14 0.000000000000000e+00 0.000000000000000e+00 2.363615090857426e-06 
4.223805621000000e-05 2.049867667691323e+14 0.000000000000000e+00 0.000000000000000e+00 -2.045290571420734e-06 
4.223810945000000e-05 2.049630372486163e+14 0.000000000000000e+00 0.000000000000000e+00 2.877271951221960e-06 
4.223816269000000e-05 2.049391796343881e+14 0.000000000000000e+00 0.000000000000000e+00 1.537470402262130e-06 
4.223821593000000e-05 2.049151930110038e+14 0.000000000000000e+00 0.000000000000000e+00 1.096949610957489e-06 
4.223826916000000e-05 2.048910809967941e+14 0.000000000000000e+00 0.000000000000000e+00 2.520700045457842e-06 
4.223832240000000e-05 2.048668336002568e+14 0.000000000000000e+00 0.000000000000000e+00 2.237155419818527e-07 
4.223837564000001e-05 2.048424543983799e+14 0.000000000000000e+00 0.000000000000000e+00 2.684067642012850e-07 
4.223842888000000e-05 2.048179424420464e+14 0.000000000000000e+00 0.000000000000000e+00 1.229458899436733e-06 
4.223848211000000e-05 2.047933014152472e+14 0.000000000000000e+00 0.000000000000000e+00 -4.356180582081568e-07 
4.223853535000001e-05 2.047685210932679e+14 0.000000000000000e+00 0.000000000000000e+00 1.531016211642601e-06 
4.223858859000000e-05 2.047436051172962e+14 0.000000000000000e+00 0.000000000000000e+00 -4.026277568579866e-06 
4.223864183000000e-05 2.047185525029609e+14 0.000000000000000e+00 0.000000000000000e+00 -8.611482821938988e-08 
4.223869507000000e-05 2.046933622568556e+14 0.000000000000000e+00 0.000000000000000e+00 4.015123025653321e-06 
4.223874830000000e-05 2.046680381469600e+14 0.000000000000000e+00 0.000000000000000e+00 -7.592810759682500e-07 
4.223880154000001e-05 2.046425696466088e+14 0.000000000000000e+00 0.000000000000000e+00 3.946294656324136e-06 
4.223885478000000e-05 2.046169604790300e+14 0.000000000000000e+00 0.000000000000000e+00 1.560119510670020e-06 
4.223890802000000e-05 2.045912096135017e+14 0.000000000000000e+00 0.000000000000000e+00 -1.417330815068355e-06 
4.223896125000001e-05 2.045653208867502e+14 0.000000000000000e+00 0.000000000000000e+00 -1.522576841892961e-06 
4.223901449000000e-05 2.045392835218286e+14 0.000000000000000e+00 0.000000000000000e+00 -1.465566097645701e-06 
4.223906773000000e-05 2.045131013090387e+14 0.000000000000000e+00 0.000000000000000e+00 -2.434841600533894e-06 
4.223912097000000e-05 2.044867731786168e+14 0.000000000000000e+00 0.000000000000000e+00 1.231176265997182e-06 
4.223917420000000e-05 2.044603030374431e+14 0.000000000000000e+00 0.000000000000000e+00 -8.887887503697796e-07 
4.223922744000001e-05 2.044336798501373e+14 0.000000000000000e+00 0.000000000000000e+00 -6.958519150653300e-07 
4.223928068000000e-05 2.044069074754279e+14 0.000000000000000e+00 0.000000000000000e+00 -4.391496736041956e-07 
4.223933392000000e-05 2.043799848026406e+14 0.000000000000000e+00 0.000000000000000e+00 -6.349732413919648e-07 
4.223938716000000e-05 2.043529107106102e+14 0.000000000000000e+00 0.000000000000000e+00 1.419014642080236e-06 
4.223944039000000e-05 2.043256891958474e+14 0.000000000000000e+00 0.000000000000000e+00 2.574619715696595e-07 
4.223949363000000e-05 2.042983088880381e+14 0.000000000000000e+00 0.000000000000000e+00 -4.933916597320042e-06 
4.223954687000000e-05 2.042707737332445e+14 0.000000000000000e+00 0.000000000000000e+00 3.279028973286621e-06 
4.223960011000000e-05 2.042430825669209e+14 0.000000000000000e+00 0.000000000000000e+00 3.190460003231723e-06 
4.223965334000001e-05 2.042152394588860e+14 0.000000000000000e+00 0.000000000000000e+00 -1.924990686037073e-06 
4.223970658000000e-05 2.041872327608772e+14 0.000000000000000e+00 0.000000000000000e+00 1.065036010852298e-06 
4.223975982000000e-05 2.041590664903318e+14 0.000000000000000e+00 0.000000000000000e+00 5.374095314025087e-07 
4.223981306000000e-05 2.041307394372108e+14 0.000000000000000e+00 0.000000000000000e+00 -1.961227031532865e-06 
4.223986630000000e-05 2.041022503797351e+14 0.000000000000000e+00 0.000000000000000e+00 -9.594948199639938e-07 
4.223991953000000e-05 2.040736034814153e+14 0.000000000000000e+00 0.000000000000000e+00 -7.951522318697129e-07 
4.223997277000000e-05 2.040447867333552e+14 0.000000000000000e+00 0.000000000000000e+00 -2.192635562964696e-06 
4.224002601000000e-05 2.040158042441123e+14 0.000000000000000e+00 0.000000000000000e+00 2.562575897695921e-06 
4.224007925000000e-05 2.039866547435950e+14 0.000000000000000e+00 0.000000000000000e+00 9.604410172400805e-07 
4.224013248000000e-05 2.039573424718407e+14 0.000000000000000e+00 0.000000000000000e+00 -5.334689252961699e-08 
4.224018572000000e-05 2.039278551204576e+14 0.000000000000000e+00 0.000000000000000e+00 1.016998849983684e-06 
4.224023896000000e-05 2.038981968723853e+14 0.000000000000000e+00 0.000000000000000e+00 -2.160153574885069e-06 
4.224029220000000e-05 2.038683664067500e+14 0.000000000000000e+00 0.000000000000000e+00 -2.473197171905971e-06 
4.224034543000000e-05 2.038383680416114e+14 0.000000000000000e+00 0.000000000000000e+00 -4.292719662034988e-06 
4.224039867000000e-05 2.038081891587465e+14 0.000000000000000e+00 0.000000000000000e+00 -6.458113795001044e-07 
4.224045191000000e-05 2.037778340168142e+14 0.000000000000000e+00 0.000000000000000e+00 -1.882986133487098e-06 
4.224050515000000e-05 2.037473012415992e+14 0.000000000000000e+00 0.000000000000000e+00 6.255040475931792e-08 
4.224055839000000e-05 2.037165894451242e+14 0.000000000000000e+00 0.000000000000000e+00 -2.415249437427159e-06 
4.224061162000000e-05 2.036857030449580e+14 0.000000000000000e+00 0.000000000000000e+00 1.896619972997629e-06 
4.224066486000000e-05 2.036546290204175e+14 0.000000000000000e+00 0.000000000000000e+00 -1.761523501050472e-06 
4.224071810000000e-05 2.036233717266166e+14 0.000000000000000e+00 0.000000000000000e+00 2.478888323843110e-06 
4.224077134000001e-05 2.035919297187765e+14 0.000000000000000e+00 0.000000000000000e+00 3.037994310792902e-06 
4.224082457000000e-05 2.035603074956800e+14 0.000000000000000e+00 0.000000000000000e+00 -1.406086553544039e-08 
4.224087781000000e-05 2.035284917018688e+14 0.000000000000000e+00 0.000000000000000e+00 -6.936623648012331e-06 
4.224093105000000e-05 2.034964867711198e+14 0.000000000000000e+00 0.000000000000000e+00 1.394685874425709e-06 
4.224098429000000e-05 2.034642911988062e+14 0.000000000000000e+00 0.000000000000000e+00 -3.614085832223407e-07 
4.224103752000000e-05 2.034319095663435e+14 0.000000000000000e+00 0.000000000000000e+00 4.815973384948095e-06 
4.224109076000000e-05 2.033993281715709e+14 0.000000000000000e+00 0.000000000000000e+00 -5.780136644727650e-06 
4.224114400000000e-05 2.033665515281460e+14 0.000000000000000e+00 0.000000000000000e+00 -1.946066294126149e-06 
4.224119724000000e-05 2.033335780684295e+14 0.000000000000000e+00 0.000000000000000e+00 -1.818377906298554e-07 
4.224125048000000e-05 2.033004062084903e+14 0.000000000000000e+00 0.000000000000000e+00 4.139507025245298e-06 
4.224130371000000e-05 2.032670406349704e+14 0.000000000000000e+00 0.000000000000000e+00 -6.083209948976909e-06 
4.224135695000000e-05 2.032334671945909e+14 0.000000000000000e+00 0.000000000000000e+00 1.684659770055807e-06 
4.224141019000000e-05 2.031996905026043e+14 0.000000000000000e+00 0.000000000000000e+00 -2.512624809714554e-06 
4.224146343000001e-05 2.031657089077389e+14 0.000000000000000e+00 0.000000000000000e+00 1.582571372644919e-06 
4.224151666000000e-05 2.031315271823283e+14 0.000000000000000e+00 0.000000000000000e+00 6.177205605256662e-06 
4.224156990000001e-05 2.030971307972577e+14 0.000000000000000e+00 0.000000000000000e+00 -1.067671729341186e-07 
4.224162314000000e-05 2.030625244503752e+14 0.000000000000000e+00 0.000000000000000e+00 1.555343755688049e-06 
4.224167638000000e-05 2.030277064193115e+14 0.000000000000000e+00 0.000000000000000e+00 1.595886661349611e-06 
4.224172961000000e-05 2.029926815633641e+14 0.000000000000000e+00 0.000000000000000e+00 4.183006333217738e-07 
4.224178285000000e-05 2.029574349636113e+14 0.000000000000000e+00 0.000000000000000e+00 -3.555838973375194e-06 
4.224183609000000e-05 2.029219714015425e+14 0.000000000000000e+00 0.000000000000000e+00 8.778519108386447e-06 
4.224188933000001e-05 2.028862890796905e+14 0.000000000000000e+00 0.000000000000000e+00 7.420761095528557e-07 
4.224194257000000e-05 2.028503861811532e+14 0.000000000000000e+00 0.000000000000000e+00 -3.237099556182489e-06 
4.224199580000001e-05 2.028142676756521e+14 0.000000000000000e+00 0.000000000000000e+00 -6.364404065047070e-07 
4.224204904000000e-05 2.027779181361384e+14 0.000000000000000e+00 0.000000000000000e+00 -4.431529411909867e-06 
4.224210228000000e-05 2.027413424501122e+14 0.000000000000000e+00 0.000000000000000e+00 -5.475569106733027e-06 
4.224215551999999e-05 2.027045387200979e+14 0.000000000000000e+00 0.000000000000000e+00 6.366687026482293e-06 
4.224220875000000e-05 2.026675120054359e+14 0.000000000000000e+00 0.000000000000000e+00 4.841176621327748e-06 
4.224226199000000e-05 2.026302464549488e+14 0.000000000000000e+00 0.000000000000000e+00 -3.849961975293984e-06 
4.224231523000001e-05 2.025927470419476e+14 0.000000000000000e+00 0.000000000000000e+00 6.803165778082975e-06 
4.224236847000000e-05 2.025550117836474e+14 0.000000000000000e+00 0.000000000000000e+00 1.613126232534813e-06 
4.224242170000001e-05 2.025170458300079e+14 0.000000000000000e+00 0.000000000000000e+00 3.250524526335380e-06 
4.224247494000000e-05 2.024788328891376e+14 0.000000000000000e+00 0.000000000000000e+00 8.634446328768404e-06 
4.224252818000000e-05 2.024403780208992e+14 0.000000000000000e+00 0.000000000000000e+00 7.625642119256587e-06 
4.224258142000000e-05 2.024016791520542e+14 0.000000000000000e+00 0.000000000000000e+00 -2.565225389578505e-06 
4.224263466000000e-05 2.023627341858441e+14 0.000000000000000e+00 0.000000000000000e+00 -5.451553277404741e-06 
4.224268789000000e-05 2.023235483867888e+14 0.000000000000000e+00 0.000000000000000e+00 2.259575050205180e-06 
4.224274113000001e-05 2.022841048872738e+14 0.000000000000000e+00 0.000000000000000e+00 -2.499120211694501e-06 
4.224279437000000e-05 2.022444088562473e+14 0.000000000000000e+00 0.000000000000000e+00 2.847448589544678e-06 
4.224284761000000e-05 2.022044580994687e+14 0.000000000000000e+00 0.000000000000000e+00 -9.246920956674933e-07 
4.224290084000000e-05 2.021642579738378e+14 0.000000000000000e+00 0.000000000000000e+00 1.432504193730173e-06 
4.224295408000000e-05 2.021237911301472e+14 0.000000000000000e+00 0.000000000000000e+00 4.180983263497446e-06 
4.224300732000000e-05 2.020830628249959e+14 0.000000000000000e+00 0.000000000000000e+00 1.077412704956522e-06 
4.224306056000000e-05 2.020420707604935e+14 0.000000000000000e+00 0.000000000000000e+00 -2.013169399876039e-06 
4.224311380000000e-05 2.020008126118322e+14 0.000000000000000e+00 0.000000000000000e+00 7.836074770451094e-06 
4.224316703000001e-05 2.019592938520429e+14 0.000000000000000e+00 0.000000000000000e+00 1.129404323169635e-06 
4.224322027000000e-05 2.019174965017561e+14 0.000000000000000e+00 0.000000000000000e+00 -1.753787113411972e-07 
4.224327351000000e-05 2.018754259272911e+14 0.000000000000000e+00 0.000000000000000e+00 -1.170163264532476e-07 
4.224332675000000e-05 2.018330796916802e+14 0.000000000000000e+00 0.000000000000000e+00 7.479507698285399e-07 
4.224337998000000e-05 2.017904633611065e+14 0.000000000000000e+00 0.000000000000000e+00 -1.762914939733183e-06 
4.224343322000000e-05 2.017475584280159e+14 0.000000000000000e+00 0.000000000000000e+00 -4.315732957529790e-06 
4.224348646000000e-05 2.017043703462840e+14 0.000000000000000e+00 0.000000000000000e+00 -6.626425909440900e-06 
4.224353970000000e-05 2.016608965593343e+14 0.000000000000000e+00 0.000000000000000e+00 7.018981129596694e-06 
4.224359293000000e-05 2.016171427263441e+14 0.000000000000000e+00 0.000000000000000e+00 8.977404175780168e-06 
4.224364617000000e-05 2.015730897887310e+14 0.000000000000000e+00 0.000000000000000e+00 -4.684119135917789e-07 
4.224369941000000e-05 2.015287432874033e+14 0.000000000000000e+00 0.000000000000000e+00 3.945268562428273e-06 
4.224375265000000e-05 2.014841005378661e+14 0.000000000000000e+00 0.000000000000000e+00 3.050578684040365e-06 
4.224380589000001e-05 2.014391588222783e+14 0.000000000000000e+00 0.000000000000000e+00 1.823684500436591e-06 
4.224385912000000e-05 2.013939239154465e+14 0.000000000000000e+00 0.000000000000000e+00 -3.120189084975802e-06 
4.224391236000000e-05 2.013483760354985e+14 0.000000000000000e+00 0.000000000000000e+00 8.247075760266845e-06 
4.224396560000000e-05 2.013025208306783e+14 0.000000000000000e+00 0.000000000000000e+00 -1.489659277762695e-06 
4.224401884000000e-05 2.012563554438712e+14 0.000000000000000e+00 0.000000000000000e+00 6.873792846379421e-06 
4.224407207000000e-05 2.012098857411322e+14 0.000000000000000e+00 0.000000000000000e+00 -1.595829368862125e-07 
4.224412531000000e-05 2.011630913324862e+14 0.000000000000000e+00 0.000000000000000e+00 -4.956479608876849e-07 
4.224417855000000e-05 2.011159779501986e+14 0.000000000000000e+00 0.000000000000000e+00 1.271672739661820e-06 
4.224423179000001e-05 2.010685425876752e+14 0.000000000000000e+00 0.000000000000000e+00 8.915306682992710e-06 
4.224428502000000e-05 2.010207912007570e+14 0.000000000000000e+00 0.000000000000000e+00 -5.689602115814467e-06 
4.224433826000000e-05 2.009727027628627e+14 0.000000000000000e+00 0.000000000000000e+00 7.004035781286808e-07 
4.224439150000001e-05 2.009242830881640e+14 0.000000000000000e+00 0.000000000000000e+00 6.397065005209261e-06 
4.224444474000000e-05 2.008755290092820e+14 0.000000000000000e+00 0.000000000000000e+00 3.435795448779510e-07 
4.224449798000000e-05 2.008264373167666e+14 0.000000000000000e+00 0.000000000000000e+00 1.086579238740339e-05 
4.224455121000000e-05 2.007770140753620e+14 0.000000000000000e+00 0.000000000000000e+00 1.087920390536472e-05 
4.224460445000000e-05 2.007272374197954e+14 0.000000000000000e+00 0.000000000000000e+00 -3.066237914721784e-06 
4.224465769000001e-05 2.006771132621654e+14 0.000000000000000e+00 0.000000000000000e+00 -2.482048353790804e-07 
4.224471093000000e-05 2.006266382164014e+14 0.000000000000000e+00 0.000000000000000e+00 -9.582839979217739e-07 
4.224476416000000e-05 2.005758184307496e+14 0.000000000000000e+00 0.000000000000000e+00 5.550569104338045e-06 
4.224481740000001e-05 2.005246313316494e+14 0.000000000000000e+00 0.000000000000000e+00 9.247251072136199e-07 
4.224487064000000e-05 2.004730829050059e+14 0.000000000000000e+00 0.000000000000000e+00 6.886365342157361e-06 
4.224492388000000e-05 2.004211695737272e+14 0.000000000000000e+00 0.000000000000000e+00 3.465693646623661e-06 
4.224497711000000e-05 2.003688975653714e+14 0.000000000000000e+00 0.000000000000000e+00 4.486564995845005e-06 
4.224503035000000e-05 2.003162435619205e+14 0.000000000000000e+00 0.000000000000000e+00 -3.743503310712297e-06 
4.224508359000001e-05 2.002632136178344e+14 0.000000000000000e+00 0.000000000000000e+00 9.035835238467943e-06 
4.224513683000000e-05 2.002098039489296e+14 0.000000000000000e+00 0.000000000000000e+00 1.834077643223666e-06 
4.224519007000000e-05 2.001560107164285e+14 0.000000000000000e+00 0.000000000000000e+00 6.098427157019450e-06 
4.224524330000001e-05 2.001018402391849e+14 0.000000000000000e+00 0.000000000000000e+00 2.249094506092587e-06 
4.224529654000000e-05 2.000472682131357e+14 0.000000000000000e+00 0.000000000000000e+00 4.736305980701300e-06 
4.224534978000000e-05 1.999923007689559e+14 0.000000000000000e+00 0.000000000000000e+00 -2.612251010452915e-06 
4.224540302000000e-05 1.999369338377491e+14 0.000000000000000e+00 0.000000000000000e+00 6.057944256486263e-06 
4.224545625000000e-05 1.998811738033576e+14 0.000000000000000e+00 0.000000000000000e+00 -1.114722964410800e-06 
4.224550949000001e-05 1.998249955240938e+14 0.000000000000000e+00 0.000000000000000e+00 9.287926377422193e-06 
4.224556273000000e-05 1.997684051820258e+14 0.000000000000000e+00 0.000000000000000e+00 8.052302328566895e-06 
4.224561597000000e-05 1.997113984569242e+14 0.000000000000000e+00 0.000000000000000e+00 8.129343285699898e-06 
4.224566920000001e-05 1.996539817884571e+14 0.000000000000000e+00 0.000000000000000e+00 -3.367793022483771e-06 
4.224572244000000e-05 1.995961291496253e+14 0.000000000000000e+00 0.000000000000000e+00 -8.842987907550178e-08 
4.224577568000000e-05 1.995378467629918e+14 0.000000000000000e+00 0.000000000000000e+00 1.229868012462140e-06 
4.224582892000000e-05 1.994791300329788e+14 0.000000000000000e+00 0.000000000000000e+00 8.741915027997561e-07 
4.224588216000000e-05 1.994199742910393e+14 0.000000000000000e+00 0.000000000000000e+00 1.692163655034243e-05 
4.224593539000001e-05 1.993603860302804e+14 0.000000000000000e+00 0.000000000000000e+00 -4.154810628189375e-08 
4.224598863000000e-05 1.993003380425250e+14 0.000000000000000e+00 0.000000000000000e+00 7.215035777152745e-06 
4.224604187000000e-05 1.992398365819320e+14 0.000000000000000e+00 0.000000000000000e+00 -6.455244929177920e-06 
4.224609511000000e-05 1.991788766695396e+14 0.000000000000000e+00 0.000000000000000e+00 1.591758525931419e-05 
4.224614834000000e-05 1.991174648247134e+14 0.000000000000000e+00 0.000000000000000e+00 -7.060672259540344e-06 
4.224620157999999e-05 1.990555728279452e+14 0.000000000000000e+00 0.000000000000000e+00 -2.747885459034378e-06 
4.224625482000000e-05 1.989932069395109e+14 0.000000000000000e+00 0.000000000000000e+00 2.528953199549126e-08 
4.224630806000000e-05 1.989303618372143e+14 0.000000000000000e+00 0.000000000000000e+00 -1.217576353875229e-05 
4.224636130000000e-05 1.988670321072992e+14 0.000000000000000e+00 0.000000000000000e+00 3.005034836038586e-06 
4.224641453000000e-05 1.988032242755671e+14 0.000000000000000e+00 0.000000000000000e+00 1.217876284815272e-05 
4.224646777000000e-05 1.987389087642139e+14 0.000000000000000e+00 0.000000000000000e+00 1.375782368527231e-05 
4.224652101000000e-05 1.986740918107457e+14 0.000000000000000e+00 0.000000000000000e+00 -2.666566722919441e-06 
4.224657425000000e-05 1.986087676096626e+14 0.000000000000000e+00 0.000000000000000e+00 6.391974017380397e-06 
4.224662748000000e-05 1.985429426653872e+14 0.000000000000000e+00 0.000000000000000e+00 6.563370021237588e-06 
4.224668072000000e-05 1.984765862283783e+14 0.000000000000000e+00 0.000000000000000e+00 7.151980067357478e-07 
4.224673396000000e-05 1.984097044873354e+14 0.000000000000000e+00 0.000000000000000e+00 9.833514441888411e-06 
4.224678720000000e-05 1.983422911989745e+14 0.000000000000000e+00 0.000000000000000e+00 -4.092090638273450e-06 
4.224684043000000e-05 1.982743528164856e+14 0.000000000000000e+00 0.000000000000000e+00 -8.612174805895079e-06 
4.224689367000000e-05 1.982058573326225e+14 0.000000000000000e+00 0.000000000000000e+00 -1.664915233007091e-05 
4.224694691000000e-05 1.981368108531342e+14 0.000000000000000e+00 0.000000000000000e+00 5.526457655422389e-06 
4.224700015000000e-05 1.980672066427316e+14 0.000000000000000e+00 0.000000000000000e+00 5.195730077876818e-06 
4.224705339000000e-05 1.979970378335501e+14 0.000000000000000e+00 0.000000000000000e+00 2.231823161439766e-05 
4.224710662000000e-05 1.979263107621657e+14 0.000000000000000e+00 0.000000000000000e+00 -2.434243225645793e-06 
4.224715986000000e-05 1.978549917098177e+14 0.000000000000000e+00 0.000000000000000e+00 -4.971806906804513e-06 
4.224721310000000e-05 1.977830866183413e+14 0.000000000000000e+00 0.000000000000000e+00 -5.749259644103715e-06 
4.224726634000000e-05 1.977105880459271e+14 0.000000000000000e+00 0.000000000000000e+00 5.170711086049361e-06 
4.224731957000000e-05 1.976375021825040e+14 0.000000000000000e+00 0.000000000000000e+00 -2.795659289737093e-06 
4.224737281000000e-05 1.975637938111422e+14 0.000000000000000e+00 0.000000000000000e+00 2.713522463134987e-06 
4.224742605000001e-05 1.974894686814850e+14 0.000000000000000e+00 0.000000000000000e+00 1.573153192736662e-05 
4.224747929000000e-05 1.974145186979881e+14 0.000000000000000e+00 0.000000000000000e+00 6.017135041301055e-06 
4.224753252000000e-05 1.973389498439179e+14 0.000000000000000e+00 0.000000000000000e+00 -2.364022432421106e-06 
4.224758576000000e-05 1.972627252699397e+14 0.000000000000000e+00 0.000000000000000e+00 4.026080092555104e-06 
4.224763900000000e-05 1.971858504650439e+14 0.000000000000000e+00 0.000000000000000e+00 1.700171064029786e-05 
4.224769224000000e-05 1.971083165837281e+14 0.000000000000000e+00 0.000000000000000e+00 -2.570670515320010e-06 
4.224774548000001e-05 1.970301145757568e+14 0.000000000000000e+00 0.000000000000000e+00 5.322798936641354e-06 
4.224779871000000e-05 1.969512500585374e+14 0.000000000000000e+00 0.000000000000000e+00 1.019416450182706e-05 
4.224785195000001e-05 1.968716839188542e+14 0.000000000000000e+00 0.000000000000000e+00 1.274449227118336e-05 
4.224790519000000e-05 1.967914211968258e+14 0.000000000000000e+00 0.000000000000000e+00 -1.623745230335952e-06 
4.224795843000000e-05 1.967104519428958e+14 0.000000000000000e+00 0.000000000000000e+00 -2.508986002490028e-06 
4.224801166000000e-05 1.966287813714284e+14 0.000000000000000e+00 0.000000000000000e+00 1.086038830593433e-05 
4.224806490000000e-05 1.965463683447893e+14 0.000000000000000e+00 0.000000000000000e+00 1.001155090247162e-06 
4.224811814000000e-05 1.964632174176785e+14 0.000000000000000e+00 0.000000000000000e+00 6.824017611252095e-06 
4.224817138000001e-05 1.963793175913816e+14 0.000000000000000e+00 0.000000000000000e+00 -5.424660682222095e-06 
4.224822461000000e-05 1.962946735512182e+14 0.000000000000000e+00 0.000000000000000e+00 -4.621475768779861e-06 
4.224827785000001e-05 1.962092419055852e+14 0.000000000000000e+00 0.000000000000000e+00 -3.417247655555963e-07 
4.224833109000000e-05 1.961230265794421e+14 0.000000000000000e+00 0.000000000000000e+00 2.252964135449358e-05 
4.224838433000000e-05 1.960360153395721e+14 0.000000000000000e+00 0.000000000000000e+00 1.081652296297849e-05 
4.224843756999999e-05 1.959481956101240e+14 0.000000000000000e+00 0.000000000000000e+00 1.388868830664287e-05 
4.224849080000000e-05 1.958595711846121e+14 0.000000000000000e+00 0.000000000000000e+00 -9.850322122714157e-06 
4.224854404000000e-05 1.957700954587560e+14 0.000000000000000e+00 0.000000000000000e+00 1.799985297298485e-05 
4.224859728000001e-05 1.956797713055502e+14 0.000000000000000e+00 0.000000000000000e+00 2.121941205466302e-05 
4.224865052000000e-05 1.955885846171342e+14 0.000000000000000e+00 0.000000000000000e+00 5.791213950723024e-06 
4.224870375000001e-05 1.954965382326425e+14 0.000000000000000e+00 0.000000000000000e+00 -8.339444265050144e-06 
4.224875699000000e-05 1.954035825850982e+14 0.000000000000000e+00 0.000000000000000e+00 -1.793567232708708e-05 
4.224881023000000e-05 1.953097194284979e+14 0.000000000000000e+00 0.000000000000000e+00 -3.192603384220932e-05 
4.224886347000000e-05 1.952149328140712e+14 0.000000000000000e+00 0.000000000000000e+00 2.478631633253041e-05 
4.224891670000000e-05 1.951192243446314e+14 0.000000000000000e+00 0.000000000000000e+00 6.456536884217842e-06 
4.224896994000000e-05 1.950225410518982e+14 0.000000000000000e+00 0.000000000000000e+00 3.236245853244404e-05 
4.224902318000000e-05 1.949248832450229e+14 0.000000000000000e+00 0.000000000000000e+00 1.538529492392853e-05 
4.224907642000000e-05 1.948262327403478e+14 0.000000000000000e+00 0.000000000000000e+00 2.102652551732085e-05 
4.224912966000000e-05 1.947265707214648e+14 0.000000000000000e+00 0.000000000000000e+00 1.214556775315607e-05 
4.224918289000000e-05 1.946258967163121e+14 0.000000000000000e+00 0.000000000000000e+00 4.008529535744198e-05 
4.224923613000000e-05 1.945241527171118e+14 0.000000000000000e+00 0.000000000000000e+00 3.480171639155130e-06 
4.224928937000000e-05 1.944213366116123e+14 0.000000000000000e+00 0.000000000000000e+00 2.928375455998708e-05 
4.224934261000000e-05 1.943174266527844e+14 0.000000000000000e+00 0.000000000000000e+00 -3.353198554712614e-05 
4.224939584000000e-05 1.942124197820512e+14 0.000000000000000e+00 0.000000000000000e+00 -4.319779278834634e-06 
4.224944908000000e-05 1.941062471162017e+14 0.000000000000000e+00 0.000000000000000e+00 3.471763893999473e-05 
4.224950232000000e-05 1.939989167500123e+14 0.000000000000000e+00 0.000000000000000e+00 1.886278782012669e-05 
4.224955556000000e-05 1.938903969502463e+14 0.000000000000000e+00 0.000000000000000e+00 2.413945174556671e-05 
4.224960880000000e-05 1.937806479305829e+14 0.000000000000000e+00 0.000000000000000e+00 9.554665279401108e-06 
4.224966203000000e-05 1.936696891816656e+14 0.000000000000000e+00 0.000000000000000e+00 3.378801066028121e-05 
4.224971527000000e-05 1.935574377844408e+14 0.000000000000000e+00 0.000000000000000e+00 7.287035198657672e-07 
4.224976851000000e-05 1.934438846002426e+14 0.000000000000000e+00 0.000000000000000e+00 -1.650524912239761e-05 
4.224982175000000e-05 1.933289984432617e+14 0.000000000000000e+00 0.000000000000000e+00 9.206622017284637e-06 
4.224987498000000e-05 1.932127686889053e+14 0.000000000000000e+00 0.000000000000000e+00 -2.531038562957899e-05 
4.224992822000000e-05 1.930951175855293e+14 0.000000000000000e+00 0.000000000000000e+00 3.177105669973230e-05 
4.224998146000000e-05 1.929760311581983e+14 0.000000000000000e+00 0.000000000000000e+00 4.458032802134724e-06 
4.225003470000000e-05 1.928554606510618e+14 0.000000000000000e+00 0.000000000000000e+00 3.832178586668629e-05 
4.225008793000000e-05 1.927334118482308e+14 0.000000000000000e+00 0.000000000000000e+00 2.683650555319936e-06 
4.225014117000000e-05 1.926097871425624e+14 0.000000000000000e+00 0.000000000000000e+00 -1.923416117996855e-05 
4.225019441000000e-05 1.924845660871372e+14 0.000000000000000e+00 0.000000000000000e+00 -5.357491855035541e-06 
4.225024765000000e-05 1.923577032204679e+14 0.000000000000000e+00 0.000000000000000e+00 -7.172992424869654e-07 
4.225030089000000e-05 1.922291506900779e+14 0.000000000000000e+00 0.000000000000000e+00 1.074464251721651e-05 
4.225035412000000e-05 1.920988827162213e+14 0.000000000000000e+00 0.000000000000000e+00 -4.315026799072542e-05 
4.225040736000000e-05 1.919667971847903e+14 0.000000000000000e+00 0.000000000000000e+00 -1.532534088981446e-05 
4.225046060000000e-05 1.918328622591248e+14 0.000000000000000e+00 0.000000000000000e+00 -9.032707728819171e-06 
4.225051384000001e-05 1.916970119011998e+14 0.000000000000000e+00 0.000000000000000e+00 2.984003258456597e-05 
4.225056707000000e-05 1.915592222412613e+14 0.000000000000000e+00 0.000000000000000e+00 4.980348314589365e-05 
4.225062031000000e-05 1.914193688142609e+14 0.000000000000000e+00 0.000000000000000e+00 -2.359643596900113e-05 
4.225067355000001e-05 1.912774067866828e+14 0.000000000000000e+00 0.000000000000000e+00 1.429271541106408e-05 
4.225072679000000e-05 1.911332612751707e+14 0.000000000000000e+00 0.000000000000000e+00 1.427293015024059e-05 
4.225078002000000e-05 1.909868803997123e+14 0.000000000000000e+00 0.000000000000000e+00 -3.771927539082033e-05 
4.225083326000000e-05 1.908381244629834e+14 0.000000000000000e+00 0.000000000000000e+00 1.524629067415070e-05 
4.225088650000000e-05 1.906869304839075e+14 0.000000000000000e+00 0.000000000000000e+00 4.667480854662334e-05 
4.225093974000001e-05 1.905332021546969e+14 0.000000000000000e+00 0.000000000000000e+00 -2.841838390944876e-05 
4.225099298000000e-05 1.903768332779738e+14 0.000000000000000e+00 0.000000000000000e+00 -8.121278778775871e-05 
4.225104621000000e-05 1.902177502422531e+14 0.000000000000000e+00 0.000000000000000e+00 3.577167147496754e-05 
4.225109945000001e-05 1.900557723570044e+14 0.000000000000000e+00 0.000000000000000e+00 -2.810158377401406e-05 
4.225115269000000e-05 1.898908027596009e+14 0.000000000000000e+00 0.000000000000000e+00 1.879334465179602e-05 
4.225120593000000e-05 1.897227055653869e+14 0.000000000000000e+00 0.000000000000000e+00 -8.996060299726075e-06 
4.225125916000000e-05 1.895513670834109e+14 0.000000000000000e+00 0.000000000000000e+00 6.524928751711347e-05 
4.225131240000000e-05 1.893765654317354e+14 0.000000000000000e+00 0.000000000000000e+00 -4.455420289530268e-05 
4.225136564000001e-05 1.891981624792755e+14 0.000000000000000e+00 0.000000000000000e+00 8.576306897385146e-05 
4.225141888000000e-05 1.890159729948553e+14 0.000000000000000e+00 0.000000000000000e+00 7.029417003129577e-05 
4.225147211000001e-05 1.888298361249588e+14 0.000000000000000e+00 0.000000000000000e+00 7.960983264292236e-06 
4.225152535000000e-05 1.886394648404818e+14 0.000000000000000e+00 0.000000000000000e+00 -4.131212991101484e-06 
4.225157859000000e-05 1.884446592606074e+14 0.000000000000000e+00 0.000000000000000e+00 -5.469367480439627e-05 
4.225163182999999e-05 1.882451641772085e+14 0.000000000000000e+00 0.000000000000000e+00 7.885702608168992e-06 
4.225168507000000e-05 1.880407012882702e+14 0.000000000000000e+00 0.000000000000000e+00 -3.484804383304973e-05 
4.225173830000000e-05 1.878310058577868e+14 0.000000000000000e+00 0.000000000000000e+00 6.898952600109358e-05 
4.225179154000001e-05 1.876156673487452e+14 0.000000000000000e+00 0.000000000000000e+00 -1.663359897203927e-06 
4.225184478000000e-05 1.873943587858398e+14 0.000000000000000e+00 0.000000000000000e+00 3.738421361158755e-05 
4.225189802000000e-05 1.871666789539134e+14 0.000000000000000e+00 0.000000000000000e+00 5.792080483442011e-05 
4.225195125000000e-05 1.869322301866684e+14 0.000000000000000e+00 0.000000000000000e+00 1.410319486207814e-04 
4.225200449000000e-05 1.866904358227853e+14 0.000000000000000e+00 0.000000000000000e+00 -5.367397758637505e-05 
4.225205772999999e-05 1.864407973030460e+14 0.000000000000000e+00 0.000000000000000e+00 1.792021301309965e-05 
4.225211097000000e-05 1.861827171880431e+14 0.000000000000000e+00 0.000000000000000e+00 -5.197455875601054e-05 
4.225216420000000e-05 1.859155775537375e+14 0.000000000000000e+00 0.000000000000000e+00 3.194752937037093e-05 
4.225221744000001e-05 1.856385310168087e+14 0.000000000000000e+00 0.000000000000000e+00 1.646238204210865e-05 
4.225227068000000e-05 1.853507979331983e+14 0.000000000000000e+00 0.000000000000000e+00 -4.346771833651865e-06 
4.225232392000000e-05 1.850514410777900e+14 0.000000000000000e+00 0.000000000000000e+00 4.915318363163326e-06 
4.225237716000000e-05 1.847394079073235e+14 0.000000000000000e+00 0.000000000000000e+00 1.158368664304037e-04 
4.225243039000000e-05 1.844135723988330e+14 0.000000000000000e+00 0.000000000000000e+00 -3.493055205089476e-05 
4.225248362999999e-05 1.840724654395848e+14 0.000000000000000e+00 0.000000000000000e+00 2.936815247406778e-05 
4.225253687000000e-05 1.837146150921583e+14 0.000000000000000e+00 0.000000000000000e+00 9.190602333871393e-05 
4.225259011000000e-05 1.833382725194225e+14 0.000000000000000e+00 0.000000000000000e+00 1.966491734788793e-04 
4.225264334000001e-05 1.829415078471624e+14 0.000000000000000e+00 0.000000000000000e+00 -1.862347901381500e-04 
4.225269658000000e-05 1.825218405833809e+14 0.000000000000000e+00 0.000000000000000e+00 -2.355228332950528e-04 
4.225274982000000e-05 1.820766616802728e+14 0.000000000000000e+00 0.000000000000000e+00 -4.831614138640302e-05 
4.225280306000000e-05 1.816029244637741e+14 0.000000000000000e+00 0.000000000000000e+00 2.656180771732725e-04 
4.225285630000000e-05 1.810969641476128e+14 0.000000000000000e+00 0.000000000000000e+00 7.909461700934799e-05 
4.225290953000000e-05 1.805545682716221e+14 0.000000000000000e+00 0.000000000000000e+00 7.344853732180949e-05 
4.225296277000000e-05 1.799705453025031e+14 0.000000000000000e+00 0.000000000000000e+00 5.706403151601834e-05 
4.225301601000000e-05 1.793389322370278e+14 0.000000000000000e+00 0.000000000000000e+00 -1.643611568616673e-05 
4.225306925000000e-05 1.786524488694121e+14 0.000000000000000e+00 0.000000000000000e+00 1.460639981754746e-04 
4.225312248000000e-05 1.779024594554177e+14 0.000000000000000e+00 0.000000000000000e+00 -3.215444179666974e-05 
4.225317572000000e-05 1.770778285474086e+14 0.000000000000000e+00 0.000000000000000e+00 4.845525384513123e-04 
4.225322896000000e-05 1.761651486856411e+14 0.000000000000000e+00 0.000000000000000e+00 -2.571174222441041e-04 
4.225328220000000e-05 1.751471516813552e+14 0.000000000000000e+00 0.000000000000000e+00 8.042943360683976e-05 
4.225333543000000e-05 1.740015308280769e+14 0.000000000000000e+00 0.000000000000000e+00 3.385599614424303e-04 
4.225338867000000e-05 1.726973380497602e+14 0.000000000000000e+00 0.000000000000000e+00 1.660787632471534e-04 
4.225344191000000e-05 1.711917804810086e+14 0.000000000000000e+00 0.000000000000000e+00 -3.078419313639089e-04 
4.225349515000000e-05 1.694216239446369e+14 0.000000000000000e+00 0.000000000000000e+00 3.790513634105128e-04 
4.225354839000000e-05 1.672903035881696e+14 0.000000000000000e+00 0.000000000000000e+00 3.672261576692568e-04 
4.225360162000000e-05 1.646480678353247e+14 0.000000000000000e+00 0.000000000000000e+00 -1.085137003617283e-04 
4.225365486000000e-05 1.612619619006494e+14 0.000000000000000e+00 0.000000000000000e+00 1.786746240193849e-04 
4.225370810000001e-05 1.567906368582156e+14 0.000000000000000e+00 0.000000000000000e+00 6.845042822395686e-04 
4.225376134000000e-05 1.507784538758702e+14 0.000000000000000e+00 0.000000000000000e+00 -1.370918900794367e-03 
4.225381457000000e-05 1.427257104961978e+14 0.000000000000000e+00 0.000000000000000e+00 6.198828952319245e-04 
4.225386781000000e-05 1.322720543043254e+14 0.000000000000000e+00 0.000000000000000e+00 -3.168098323927778e-04 
4.225392105000000e-05 1.194844253200375e+14 0.000000000000000e+00 0.000000000000000e+00 3.803102432734591e-04 
4.225397429000000e-05 1.050189495503877e+14 0.000000000000000e+00 0.000000000000000e+00 9.583970730340989e-05 
4.225402752000000e-05 8.994433111185895e+13 0.000000000000000e+00 0.000000000000000e+00 3.628347888278225e-04 
4.225408076000000e-05 7.527861814189509e+13 0.000000000000000e+00 0.000000000000000e+00 -1.645949114248890e-05 
4.225413400000001e-05 6.168810893833203e+13 0.000000000000000e+00 0.000000000000000e+00 2.584873840640884e-04 
4.225418724000000e-05 4.953184000099766e+13 0.000000000000000e+00 0.000000000000000e+00 -1.661461046824843e-03 
4.225424048000000e-05 3.910411613739845e+13 0.000000000000000e+00 0.000000000000000e+00 -5.723816859289213e-04 
4.225429371000000e-05 3.072239770560789e+13 0.000000000000000e+00 0.000000000000000e+00 -4.077215567510726e-04 
4.225434695000000e-05 2.456890601398247e+13 0.000000000000000e+00 0.000000000000000e+00 -2.737806331874856e-04 
4.225440019000000e-05 2.052063400824099e+13 0.000000000000000e+00 0.000000000000000e+00 1.076841913883550e-04 
4.225445343000000e-05 1.818049287144311e+13 0.000000000000000e+00 0.000000000000000e+00 1.240362009327091e-04 
4.225450666000000e-05 1.711402089390666e+13 0.000000000000000e+00 0.000000000000000e+00 3.652386398482730e-05 
4.225455990000001e-05 1.705781508615915e+13 0.000000000000000e+00 0.000000000000000e+00 2.272770452592305e-04 
4.225461314000000e-05 1.799754243756627e+13 0.000000000000000e+00 0.000000000000000e+00 3.175473323028292e-04 
4.225466638000000e-05 2.017016301467059e+13 0.000000000000000e+00 0.000000000000000e+00 -2.590756938684476e-04 
4.225471961000001e-05 2.400000948205479e+13 0.000000000000000e+00 0.000000000000000e+00 -3.847803352255418e-04 
4.225477285000000e-05 2.990679693108438e+13 0.000000000000000e+00 0.000000000000000e+00 5.252960532610273e-04 
4.225482609000000e-05 3.805380927832340e+13 0.000000000000000e+00 0.000000000000000e+00 -9.696151888458949e-05 
4.225487933000000e-05 4.827325535748577e+13 0.000000000000000e+00 0.000000000000000e+00 -4.727963067276082e-04 
4.225493257000000e-05 6.022330014831203e+13 0.000000000000000e+00 0.000000000000000e+00 -1.516198167760098e-04 
4.225498580000001e-05 7.355312706034327e+13 0.000000000000000e+00 0.000000000000000e+00 1.113575743397861e-03 
4.225503904000000e-05 8.786426766351873e+13 0.000000000000000e+00 0.000000000000000e+00 -2.354354802596843e-04 
4.225509228000000e-05 1.024814634873748e+14 0.000000000000000e+00 0.000000000000000e+00 4.319909523241681e-04 
4.225514552000000e-05 1.164059574025862e+14 0.000000000000000e+00 0.000000000000000e+00 -3.320058619687379e-06 
4.225519875000000e-05 1.286059554150180e+14 0.000000000000000e+00 0.000000000000000e+00 2.965321751402854e-04 
4.225525199000000e-05 1.384565683016144e+14 0.000000000000000e+00 0.000000000000000e+00 -6.440889997387293e-04 
4.225530523000000e-05 1.459028188289799e+14 0.000000000000000e+00 0.000000000000000e+00 3.671224152590688e-04 
4.225535847000000e-05 1.513078606418080e+14 0.000000000000000e+00 0.000000000000000e+00 3.119311480761928e-04 
4.225541170000001e-05 1.551749790300852e+14 0.000000000000000e+00 0.000000000000000e+00 -3.484360501729016e-05 
4.225546494000000e-05 1.579615096797497e+14 0.000000000000000e+00 0.000000000000000e+00 2.357868665405439e-04 
4.225551818000000e-05 1.600072013152912e+14 0.000000000000000e+00 0.000000000000000e+00 -1.495771527557099e-04 
4.225557142000000e-05 1.615420350521431e+14 0.000000000000000e+00 0.000000000000000e+00 7.094669527020341e-04 
4.225562466000000e-05 1.627139531596661e+14 0.000000000000000e+00 0.000000000000000e+00 2.939750331571442e-04 
4.225567789000000e-05 1.636168889170314e+14 0.000000000000000e+00 0.000000000000000e+00 -5.480935573396148e-04 
4.225573113000000e-05 1.643118575584440e+14 0.000000000000000e+00 0.000000000000000e+00 -7.265880844995188e-05 
4.225578437000000e-05 1.648388604045647e+14 0.000000000000000e+00 0.000000000000000e+00 -1.219112382464339e-04 
4.225583761000000e-05 1.652252284447534e+14 0.000000000000000e+00 0.000000000000000e+00 -1.464308795309626e-04 
4.225589084000000e-05 1.654895935422317e+14 0.000000000000000e+00 0.000000000000000e+00 4.227049227892461e-05 
4.225594408000000e-05 1.656444291941348e+14 0.000000000000000e+00 0.000000000000000e+00 1.500513356125008e-06 
4.225599732000000e-05 1.656967163099662e+14 0.000000000000000e+00 0.000000000000000e+00 2.158012579869494e-04 
4.225605056000000e-05 1.656482869306145e+14 0.000000000000000e+00 0.000000000000000e+00 -1.119782299328769e-04 
4.225610380000000e-05 1.654948087025003e+14 0.000000000000000e+00 0.000000000000000e+00 1.987202941323661e-04 
4.225615703000000e-05 1.652237922533832e+14 0.000000000000000e+00 0.000000000000000e+00 -1.688282480822233e-05 
4.225621027000000e-05 1.648103168676178e+14 0.000000000000000e+00 0.000000000000000e+00 1.588248331663190e-04 
4.225626351000000e-05 1.642106481508328e+14 0.000000000000000e+00 0.000000000000000e+00 2.024748322077268e-04 
4.225631675000000e-05 1.633523191219070e+14 0.000000000000000e+00 0.000000000000000e+00 5.965876343531058e-05 
4.225636998000000e-05 1.621209127502318e+14 0.000000000000000e+00 0.000000000000000e+00 -1.134040897035989e-04 
4.225642322000000e-05 1.603437678769102e+14 0.000000000000000e+00 0.000000000000000e+00 -5.474620268607897e-06 
4.225647646000000e-05 1.577799090359508e+14 0.000000000000000e+00 0.000000000000000e+00 4.694972885274369e-05 
4.225652970000001e-05 1.541214401473525e+14 0.000000000000000e+00 0.000000000000000e+00 1.712924700176332e-04 
4.225658293000000e-05 1.490283907155734e+14 0.000000000000000e+00 0.000000000000000e+00 1.144111100459140e-05 
4.225663617000000e-05 1.421982374134577e+14 0.000000000000000e+00 0.000000000000000e+00 -1.311428650746853e-05 
4.225668941000000e-05 1.334813408611250e+14 0.000000000000000e+00 0.000000000000000e+00 5.198830250614852e-06 
4.225674265000000e-05 1.229902524937284e+14 0.000000000000000e+00 0.000000000000000e+00 5.391744657937441e-06 
4.225679589000001e-05 1.111635851095529e+14 0.000000000000000e+00 0.000000000000000e+00 3.025171547345798e-05 
4.225684912000000e-05 9.876190810050447e+13 0.000000000000000e+00 0.000000000000000e+00 3.721499139171710e-05 
4.225690236000000e-05 8.676354941733333e+13 0.000000000000000e+00 0.000000000000000e+00 -4.484651818508902e-06 
4.225695560000000e-05 7.620044189294022e+13 0.000000000000000e+00 0.000000000000000e+00 -4.005966374506275e-06 
4.225700884000000e-05 6.791491521106277e+13 0.000000000000000e+00 0.000000000000000e+00 2.988928410322655e-06 
4.225706207000000e-05 6.239971389977754e+13 0.000000000000000e+00 0.000000000000000e+00 6.375932615974114e-06 
4.225711531000000e-05 5.981936961164864e+13 0.000000000000000e+00 0.000000000000000e+00 4.303583794516753e-06 
4.225716855000000e-05 6.018889637186453e+13 0.000000000000000e+00 0.000000000000000e+00 -5.611043430649360e-06 
4.225722179000001e-05 6.350117763409977e+13 0.000000000000000e+00 0.000000000000000e+00 1.656023754839125e-06 
4.225727502000000e-05 6.970057955844898e+13 0.000000000000000e+00 0.000000000000000e+00 -3.464493679795553e-06 
4.225732826000000e-05 7.852185516125619e+13 0.000000000000000e+00 0.000000000000000e+00 -3.223373360070718e-06 
4.225738150000000e-05 8.933280231948238e+13 0.000000000000000e+00 0.000000000000000e+00 -5.582931186215729e-06 
4.225743474000000e-05 1.011769745797115e+14 0.000000000000000e+00 0.000000000000000e+00 1.545730697276466e-05 
4.225748797999999e-05 1.129888738387905e+14 0.000000000000000e+00 0.000000000000000e+00 -7.538915014575347e-06 
4.225754121000000e-05 1.238353380348540e+14 0.000000000000000e+00 0.000000000000000e+00 7.263776228685144e-06 
4.225759445000000e-05 1.330801559371624e+14 0.000000000000000e+00 0.000000000000000e+00 -2.378046935712652e-05 
4.225764769000001e-05 1.404297510302502e+14 0.000000000000000e+00 0.000000000000000e+00 3.639703115354757e-06 
4.225770093000000e-05 1.459070293025616e+14 0.000000000000000e+00 0.000000000000000e+00 -1.078079372122308e-05 
4.225775416000001e-05 1.497539672739057e+14 0.000000000000000e+00 0.000000000000000e+00 -7.536437946762105e-06 
4.225780740000000e-05 1.523138382717746e+14 0.000000000000000e+00 0.000000000000000e+00 2.809486853026008e-06 
4.225786064000000e-05 1.539281922292614e+14 0.000000000000000e+00 0.000000000000000e+00 3.693213220433063e-05 
4.225791387999999e-05 1.548839103014076e+14 0.000000000000000e+00 0.000000000000000e+00 2.587201606378798e-05 
4.225796711000000e-05 1.553953895490990e+14 0.000000000000000e+00 0.000000000000000e+00 -2.179892853872371e-07 
4.225802035000000e-05 1.556108228707987e+14 0.000000000000000e+00 0.000000000000000e+00 -1.619614573968635e-05 
4.225807359000001e-05 1.556267462521754e+14 0.000000000000000e+00 0.000000000000000e+00 2.097380100317758e-05 
4.225812683000000e-05 1.555039293921810e+14 0.000000000000000e+00 0.000000000000000e+00 2.101439195740054e-05 
4.225818007000000e-05 1.552795287473826e+14 0.000000000000000e+00 0.000000000000000e+00 3.160357518474962e-06 
4.225823330000000e-05 1.549757711537835e+14 0.000000000000000e+00 0.000000000000000e+00 2.023731359688848e-05 
4.225828654000000e-05 1.546051504894683e+14 0.000000000000000e+00 0.000000000000000e+00 -3.040652293993549e-05 
4.225833977999999e-05 1.541739109195016e+14 0.000000000000000e+00 0.000000000000000e+00 6.318617164950968e-06 
4.225839302000000e-05 1.536832488675251e+14 0.000000000000000e+00 0.000000000000000e+00 -1.587202676894337e-05 
4.225844625000000e-05 1.531294874760339e+14 0.000000000000000e+00 0.000000000000000e+00 9.446638936269582e-06 
4.225849949000001e-05 1.525020453417776e+14 0.000000000000000e+00 0.000000000000000e+00 9.988673180684949e-06 
4.225855273000000e-05 1.517800354014792e+14 0.000000000000000e+00 0.000000000000000e+00 1.980067634036485e-06 
4.225860597000000e-05 1.509238130547386e+14 0.000000000000000e+00 0.000000000000000e+00 -1.393109870459249e-05 
4.225865920000000e-05 1.498606778741570e+14 0.000000000000000e+00 0.000000000000000e+00 -3.429722286237356e-06 
4.225871244000000e-05 1.484600543426788e+14 0.000000000000000e+00 0.000000000000000e+00 -2.551862972965424e-06 
4.225876568000000e-05 1.465000837961325e+14 0.000000000000000e+00 0.000000000000000e+00 2.354120864880532e-05 
4.225881892000000e-05 1.436287112381092e+14 0.000000000000000e+00 0.000000000000000e+00 2.176255954011639e-05 
4.225887216000000e-05 1.393475936448816e+14 0.000000000000000e+00 0.000000000000000e+00 -6.871175081816226e-06 
4.225892539000001e-05 1.330713489673206e+14 0.000000000000000e+00 0.000000000000000e+00 -5.812138839404698e-07 
4.225897863000000e-05 1.243099895614188e+14 0.000000000000000e+00 0.000000000000000e+00 -1.332557060647774e-05 
4.225903187000000e-05 1.129681613668082e+14 0.000000000000000e+00 0.000000000000000e+00 6.916523660812784e-06 
4.225908511000000e-05 9.955151828558478e+13 0.000000000000000e+00 0.000000000000000e+00 1.493201955323556e-06 
4.225913834000000e-05 8.507381627016548e+13 0.000000000000000e+00 0.000000000000000e+00 -1.998113412638934e-06 
4.225919158000000e-05 7.069092742565688e+13 0.000000000000000e+00 0.000000000000000e+00 5.641420269949033e-07 
4.225924482000000e-05 5.743257824926053e+13 0.000000000000000e+00 0.000000000000000e+00 -1.896621391826257e-07 
4.225929806000000e-05 4.611772195822458e+13 0.000000000000000e+00 0.000000000000000e+00 3.612009467523616e-07 
4.225935130000000e-05 3.728796674224722e+13 0.000000000000000e+00 0.000000000000000e+00 1.248758352543231e-07 
4.225940453000000e-05 3.107797780487198e+13 0.000000000000000e+00 0.000000000000000e+00 3.750126151931906e-08 
4.225945777000000e-05 2.722375659605748e+13 0.000000000000000e+00 0.000000000000000e+00 4.380274248581916e-08 
4.225951101000000e-05 2.529014754271812e+13 0.000000000000000e+00 0.000000000000000e+00 4.336745602936740e-09 
4.225956425000001e-05 2.494429263853037e+13 0.000000000000000e+00 0.000000000000000e+00 1.394164023143421e-08 
4.225961748000000e-05 2.611902112778729e+13 0.000000000000000e+00 0.000000000000000e+00 2.120883622272764e-08 
4.225967072000000e-05 2.904052811631555e+13 0.000000000000000e+00 0.000000000000000e+00 2.752909000009456e-08 
4.225972396000000e-05 3.413247860310985e+13 0.000000000000000e+00 0.000000000000000e+00 -6.077410826577179e-08 
4.225977720000000e-05 4.176530727543905e+13 0.000000000000000e+00 0.000000000000000e+00 1.397189316701883e-08 
4.225983043000000e-05 5.195121093313105e+13 0.000000000000000e+00 0.000000000000000e+00 2.944104033299235e-07 
4.225988367000000e-05 6.420413724013516e+13 0.000000000000000e+00 0.000000000000000e+00 1.198054696810534e-07 
4.225993691000000e-05 7.762984070944392e+13 0.000000000000000e+00 0.000000000000000e+00 2.140330581917602e-06 
4.225999015000001e-05 9.111975410093741e+13 0.000000000000000e+00 0.000000000000000e+00 1.088105623397139e-06 
4.226004339000000e-05 1.035030525991950e+14 0.000000000000000e+00 0.000000000000000e+00 1.676275196692251e-06 
4.226009662000000e-05 1.137885519367525e+14 0.000000000000000e+00 0.000000000000000e+00 6.554336407236110e-06 
4.226014986000000e-05 1.214765880503037e+14 0.000000000000000e+00 0.000000000000000e+00 -2.796309624465650e-06 
4.226020310000000e-05 1.266498313425836e+14 0.000000000000000e+00 0.000000000000000e+00 4.103672519677614e-07 
4.226025634000000e-05 1.297949096246033e+14 0.000000000000000e+00 0.000000000000000e+00 2.404709920930573e-06 
4.226030957000000e-05 1.315107638999165e+14 0.000000000000000e+00 0.000000000000000e+00 2.430524524768297e-06 
4.226036281000000e-05 1.323117147804568e+14 0.000000000000000e+00 0.000000000000000e+00 -1.078632287285910e-05 
4.226041605000001e-05 1.325604606200888e+14 0.000000000000000e+00 0.000000000000000e+00 -9.413042685525833e-07 
4.226046929000000e-05 1.324847948950860e+14 0.000000000000000e+00 0.000000000000000e+00 7.340513767282713e-06 
4.226052252000000e-05 1.322174072852509e+14 0.000000000000000e+00 0.000000000000000e+00 8.422128657181295e-07 
4.226057576000001e-05 1.318322650384736e+14 0.000000000000000e+00 0.000000000000000e+00 5.112937652225780e-06 
4.226062900000000e-05 1.313702682410603e+14 0.000000000000000e+00 0.000000000000000e+00 3.971537376851823e-06 
4.226068224000000e-05 1.308543238101255e+14 0.000000000000000e+00 0.000000000000000e+00 8.751878439813609e-06 
4.226073548000000e-05 1.302978382105684e+14 0.000000000000000e+00 0.000000000000000e+00 4.138953687166204e-06 
4.226078871000000e-05 1.297092689189925e+14 0.000000000000000e+00 0.000000000000000e+00 3.219811601336052e-06 
4.226084195000001e-05 1.290939582890402e+14 0.000000000000000e+00 0.000000000000000e+00 1.759404170846630e-07 
4.226089519000000e-05 1.284559570066300e+14 0.000000000000000e+00 0.000000000000000e+00 5.676104445132875e-07 
4.226094843000000e-05 1.277981934405687e+14 0.000000000000000e+00 0.000000000000000e+00 1.049158939068477e-05 
4.226100166000001e-05 1.271230556752902e+14 0.000000000000000e+00 0.000000000000000e+00 -1.602876664005457e-06 
4.226105490000000e-05 1.264320768916636e+14 0.000000000000000e+00 0.000000000000000e+00 4.919147664183689e-06 
4.226110814000000e-05 1.257268152138323e+14 0.000000000000000e+00 0.000000000000000e+00 4.030241091668169e-06 
4.226116138000000e-05 1.250084537855630e+14 0.000000000000000e+00 0.000000000000000e+00 2.666877772910807e-06 
4.226121461000000e-05 1.242781138101051e+14 0.000000000000000e+00 0.000000000000000e+00 2.573455767008239e-08 
4.226126785000001e-05 1.235363351838993e+14 0.000000000000000e+00 0.000000000000000e+00 -3.103819789874818e-06 
4.226132109000000e-05 1.227839614277630e+14 0.000000000000000e+00 0.000000000000000e+00 1.579489626182908e-06 
4.226137433000000e-05 1.220215989616446e+14 0.000000000000000e+00 0.000000000000000e+00 4.614414173692501e-06 
4.226142757000000e-05 1.212497690026265e+14 0.000000000000000e+00 0.000000000000000e+00 -5.203548442368270e-07 
4.226148080000000e-05 1.204690848909204e+14 0.000000000000000e+00 0.000000000000000e+00 1.711429193985655e-07 
4.226153404000000e-05 1.196796671981540e+14 0.000000000000000e+00 0.000000000000000e+00 5.907336449983354e-06 
4.226158728000000e-05 1.188820337878391e+14 0.000000000000000e+00 0.000000000000000e+00 -4.045704387971572e-07 
4.226164052000000e-05 1.180765233102540e+14 0.000000000000000e+00 0.000000000000000e+00 -7.969525360616255e-07 
4.226169375000001e-05 1.172636012546928e+14 0.000000000000000e+00 0.000000000000000e+00 3.653476646304123e-06 
4.226174699000000e-05 1.164432520296470e+14 0.000000000000000e+00 0.000000000000000e+00 -1.486720521438546e-06 
4.226180023000000e-05 1.156158966266894e+14 0.000000000000000e+00 0.000000000000000e+00 -1.484188720610811e-06 
4.226185347000000e-05 1.147817590458479e+14 0.000000000000000e+00 0.000000000000000e+00 4.679980406899326e-06 
4.226190670000000e-05 1.139413110806349e+14 0.000000000000000e+00 0.000000000000000e+00 -4.581222131839015e-07 
4.226195994000000e-05 1.130944379705828e+14 0.000000000000000e+00 0.000000000000000e+00 4.979038643993804e-07 
4.226201318000000e-05 1.122412974668345e+14 0.000000000000000e+00 0.000000000000000e+00 -2.126753462322424e-06 
4.226206642000000e-05 1.113825597577974e+14 0.000000000000000e+00 0.000000000000000e+00 1.465826986322985e-06 
4.226211966000000e-05 1.105182176119685e+14 0.000000000000000e+00 0.000000000000000e+00 -1.508246492005386e-06 
4.226217289000000e-05 1.096486447046103e+14 0.000000000000000e+00 0.000000000000000e+00 -5.422605508069410e-07 
4.226222613000000e-05 1.087737210427567e+14 0.000000000000000e+00 0.000000000000000e+00 6.387745031269342e-07 
4.226227937000000e-05 1.078938114955595e+14 0.000000000000000e+00 0.000000000000000e+00 1.481710338167268e-06 
4.226233261000000e-05 1.070091148209347e+14 0.000000000000000e+00 0.000000000000000e+00 1.497579309637941e-06 
4.226238583999999e-05 1.061199923564814e+14 0.000000000000000e+00 0.000000000000000e+00 3.361898084372288e-07 
4.226243908000000e-05 1.052258588659744e+14 0.000000000000000e+00 0.000000000000000e+00 3.410900235486458e-07 
4.226249232000000e-05 1.043279346233354e+14 0.000000000000000e+00 0.000000000000000e+00 -1.692618631788718e-06 
4.226254556000000e-05 1.034259673783017e+14 0.000000000000000e+00 0.000000000000000e+00 1.276803869979461e-08 
4.226259880000000e-05 1.025201239679908e+14 0.000000000000000e+00 0.000000000000000e+00 2.382267882529059e-07 
4.226265203000000e-05 1.016107358515810e+14 0.000000000000000e+00 0.000000000000000e+00 -6.676727330096346e-08 
4.226270527000000e-05 1.006976045954440e+14 0.000000000000000e+00 0.000000000000000e+00 -2.057766740950958e-06 
4.226275851000000e-05 9.978102554308433e+13 0.000000000000000e+00 0.000000000000000e+00 -8.413296084521016e-08 
4.226281175000000e-05 9.886110521216209e+13 0.000000000000000e+00 0.000000000000000e+00 -7.552453642316990e-07 
4.226286498000000e-05 9.793809074053214e+13 0.000000000000000e+00 0.000000000000000e+00 -1.238928430826180e-06 
4.226291822000000e-05 9.701118540566839e+13 0.000000000000000e+00 0.000000000000000e+00 1.406228703646278e-06 
4.226297146000000e-05 9.608149162889941e+13 0.000000000000000e+00 0.000000000000000e+00 5.675755428497734e-07 
4.226302470000000e-05 9.514844354595531e+13 0.000000000000000e+00 0.000000000000000e+00 4.904906512262678e-07 
4.226307793000000e-05 9.421199392901556e+13 0.000000000000000e+00 0.000000000000000e+00 5.999803486938819e-07 
4.226313117000000e-05 9.327136657978361e+13 0.000000000000000e+00 0.000000000000000e+00 -1.413165824331433e-06 
4.226318441000000e-05 9.232596251525895e+13 0.000000000000000e+00 0.000000000000000e+00 -1.864366530027587e-06 
4.226323765000000e-05 9.137435865811136e+13 0.000000000000000e+00 0.000000000000000e+00 -1.156594525885966e-06 
4.226329089000000e-05 9.041390599960792e+13 0.000000000000000e+00 0.000000000000000e+00 2.972924169957793e-07 
4.226334412000000e-05 8.943979300518603e+13 0.000000000000000e+00 0.000000000000000e+00 3.135231977555006e-07 
4.226339736000000e-05 8.844180955914966e+13 0.000000000000000e+00 0.000000000000000e+00 -6.506640344659409e-07 
4.226345060000000e-05 8.740319357388936e+13 0.000000000000000e+00 0.000000000000000e+00 1.331331779515223e-07 
4.226350384000001e-05 8.629103993601486e+13 0.000000000000000e+00 0.000000000000000e+00 9.863237136633455e-07 
4.226355707000000e-05 8.504780261053766e+13 0.000000000000000e+00 0.000000000000000e+00 6.849762146206793e-07 
4.226361031000001e-05 8.357489319522042e+13 0.000000000000000e+00 0.000000000000000e+00 8.042484297156582e-07 
4.226366355000000e-05 8.171557265097828e+13 0.000000000000000e+00 0.000000000000000e+00 -1.805036613188347e-07 
4.226371679000000e-05 7.923768615767362e+13 0.000000000000000e+00 0.000000000000000e+00 -2.846898705134330e-07 
4.226377002000000e-05 7.583303019697777e+13 0.000000000000000e+00 0.000000000000000e+00 5.057806582201780e-07 
4.226382326000000e-05 7.115318246269147e+13 0.000000000000000e+00 0.000000000000000e+00 -1.375990173808855e-07 
4.226387650000000e-05 6.492751991954988e+13 0.000000000000000e+00 0.000000000000000e+00 6.749457709874998e-08 
4.226392974000001e-05 5.719130766026258e+13 0.000000000000000e+00 0.000000000000000e+00 2.479196306695952e-07 
4.226398298000000e-05 4.855770194026180e+13 0.000000000000000e+00 0.000000000000000e+00 1.204736790752307e-07 
4.226403621000001e-05 4.021842270062803e+13 0.000000000000000e+00 0.000000000000000e+00 3.434516243481732e-08 
4.226408945000000e-05 3.340666404902586e+13 0.000000000000000e+00 0.000000000000000e+00 1.680524702359048e-08 
4.226414269000000e-05 2.878463175700047e+13 0.000000000000000e+00 0.000000000000000e+00 2.325966794870456e-08 
4.226419592999999e-05 2.637117443688455e+13 0.000000000000000e+00 0.000000000000000e+00 -2.354886753700350e-08 
4.226424916000000e-05 2.596262191277060e+13 0.000000000000000e+00 0.000000000000000e+00 -1.804398991310531e-08 
4.226430240000000e-05 2.750553431070507e+13 0.000000000000000e+00 0.000000000000000e+00 -6.296385848616830e-10 
4.226435564000001e-05 3.114730275052229e+13 0.000000000000000e+00 0.000000000000000e+00 -1.408765867122178e-09 
4.226440888000000e-05 3.692643871364780e+13 0.000000000000000e+00 0.000000000000000e+00 1.679723226488136e-08 
4.226446211000001e-05 4.423414653740733e+13 0.000000000000000e+00 0.000000000000000e+00 5.955426147479891e-09 
4.226451535000000e-05 5.167292326586647e+13 0.000000000000000e+00 0.000000000000000e+00 2.328594216884304e-08 
4.226456859000000e-05 5.774483985730241e+13 0.000000000000000e+00 0.000000000000000e+00 -2.862572599221147e-08 
4.226462182999999e-05 6.172875506784956e+13 0.000000000000000e+00 0.000000000000000e+00 1.102003992292349e-08 
4.226467507000000e-05 6.378587853260434e+13 0.000000000000000e+00 0.000000000000000e+00 1.853400346571402e-07 
4.226472830000000e-05 6.448477212882777e+13 0.000000000000000e+00 0.000000000000000e+00 -3.579830658664870e-08 
4.226478154000001e-05 6.437958074836475e+13 0.000000000000000e+00 0.000000000000000e+00 5.303709480340371e-08 
4.226483478000000e-05 6.385194071971123e+13 0.000000000000000e+00 0.000000000000000e+00 -2.139972399561373e-07 
4.226488802000000e-05 6.311989629194081e+13 0.000000000000000e+00 0.000000000000000e+00 -9.789330612835689e-09 
4.226494125000000e-05 6.229363538927661e+13 0.000000000000000e+00 0.000000000000000e+00 -6.134214839437365e-08 
4.226499449000000e-05 6.142368530693121e+13 0.000000000000000e+00 0.000000000000000e+00 1.527177179325013e-07 
4.226504773000000e-05 6.053223546070378e+13 0.000000000000000e+00 0.000000000000000e+00 4.176888397565617e-08 
4.226510097000000e-05 5.962841682254150e+13 0.000000000000000e+00 0.000000000000000e+00 9.971670134561504e-08 
4.226515420000000e-05 5.871605085009880e+13 0.000000000000000e+00 0.000000000000000e+00 8.337351915588416e-08 
4.226520744000000e-05 5.779615959123828e+13 0.000000000000000e+00 0.000000000000000e+00 -1.204709188434911e-07 
4.226526068000000e-05 5.686929050803616e+13 0.000000000000000e+00 0.000000000000000e+00 1.486437566983038e-08 
4.226531392000000e-05 5.593534001714863e+13 0.000000000000000e+00 0.000000000000000e+00 1.461800057416085e-07 
4.226536716000000e-05 5.499392421421646e+13 0.000000000000000e+00 0.000000000000000e+00 1.482243841227666e-07 
4.226542039000000e-05 5.404462861916272e+13 0.000000000000000e+00 0.000000000000000e+00 -4.514269849832919e-08 
4.226547363000000e-05 5.308631340498409e+13 0.000000000000000e+00 0.000000000000000e+00 7.178135380475112e-08 
4.226552687000000e-05 5.211819974065216e+13 0.000000000000000e+00 0.000000000000000e+00 1.706389575138783e-08 
4.226558011000000e-05 5.113911916241152e+13 0.000000000000000e+00 0.000000000000000e+00 9.186548171459038e-09 
4.226563334000000e-05 5.014783956361133e+13 0.000000000000000e+00 0.000000000000000e+00 -4.381220073088355e-08 
4.226568658000000e-05 4.914226760201298e+13 0.000000000000000e+00 0.000000000000000e+00 -4.108878806595445e-10 
4.226573982000000e-05 4.812046087763352e+13 0.000000000000000e+00 0.000000000000000e+00 -3.120124925326544e-08 
4.226579306000000e-05 4.707977877846476e+13 0.000000000000000e+00 0.000000000000000e+00 2.998895711278146e-09 
4.226584630000001e-05 4.601679679730345e+13 0.000000000000000e+00 0.000000000000000e+00 -1.107549331077162e-07 
4.226589953000000e-05 4.492728632676484e+13 0.000000000000000e+00 0.000000000000000e+00 -1.664967177832654e-08 
4.226595277000000e-05 4.380496612058730e+13 0.000000000000000e+00 0.000000000000000e+00 1.242964886995050e-09 
4.226600601000000e-05 4.264229622905534e+13 0.000000000000000e+00 0.000000000000000e+00 -4.755989893920484e-08 
4.226605925000000e-05 4.142892139698953e+13 0.000000000000000e+00 0.000000000000000e+00 1.945660212171062e-08 
4.226611248000000e-05 4.015094002676515e+13 0.000000000000000e+00 0.000000000000000e+00 -3.985605226745904e-09 
4.226616572000000e-05 3.878790244406862e+13 0.000000000000000e+00 0.000000000000000e+00 3.661759717103934e-08 
4.226621896000000e-05 3.731378520603148e+13 0.000000000000000e+00 0.000000000000000e+00 6.859123664389241e-09 
4.226627220000001e-05 3.568979730515632e+13 0.000000000000000e+00 0.000000000000000e+00 1.130022478321329e-08 
4.226632543000000e-05 3.386703043776354e+13 0.000000000000000e+00 0.000000000000000e+00 -4.278545216774130e-10 
4.226637867000000e-05 3.178144550514289e+13 0.000000000000000e+00 0.000000000000000e+00 -2.237952896519344e-09 
4.226643191000000e-05 2.935926548145547e+13 0.000000000000000e+00 0.000000000000000e+00 -5.513628370216342e-09 
4.226648515000000e-05 2.651515750439084e+13 0.000000000000000e+00 0.000000000000000e+00 -1.177167768912591e-10 
4.226653839000000e-05 2.317912982307458e+13 0.000000000000000e+00 0.000000000000000e+00 7.061836397735062e-10 
4.226659162000000e-05 1.934180279798505e+13 0.000000000000000e+00 0.000000000000000e+00 7.385553324756854e-11 
4.226664486000000e-05 1.519767158419257e+13 0.000000000000000e+00 0.000000000000000e+00 -8.930634439857424e-10 
4.226669810000001e-05 1.139001322207261e+13 0.000000000000000e+00 0.000000000000000e+00 -1.415350956709995e-10 
4.226675134000000e-05 8.865855975571557e+12 0.000000000000000e+00 0.000000000000000e+00 3.729111480833365e-13 
4.226680457000000e-05 7.682313593538840e+12 0.000000000000000e+00 0.000000000000000e+00 -7.354271586042741e-13 
4.226685781000001e-05 7.142468333288693e+12 0.000000000000000e+00 0.000000000000000e+00 -2.234376032219130e-14 
4.226691105000000e-05 6.836522962782885e+12 0.000000000000000e+00 0.000000000000000e+00 1.667985275926033e-14 
4.226696429000000e-05 6.637841626789154e+12 0.000000000000000e+00 0.000000000000000e+00 2.644953625194199e-13 
4.226701752000000e-05 6.502938616450745e+12 0.000000000000000e+00 0.000000000000000e+00 -4.007893819256416e-13 
4.226707076000000e-05 6.410499869089938e+12 0.000000000000000e+00 0.000000000000000e+00 -1.616465677949529e-13 
4.226712400000001e-05 6.348338330177859e+12 0.000000000000000e+00 0.000000000000000e+00 -3.103109426153977e-13 
4.226717724000000e-05 6.309134352365632e+12 0.000000000000000e+00 0.000000000000000e+00 4.473674593627633e-13 
4.226723048000000e-05 6.288630652191966e+12 0.000000000000000e+00 0.000000000000000e+00 -1.536475410676482e-13 
4.226728371000001e-05 6.284710733179192e+12 0.000000000000000e+00 0.000000000000000e+00 -4.022032102764472e-15 
4.226733695000000e-05 6.296977354989858e+12 0.000000000000000e+00 0.000000000000000e+00 9.518524973775807e-14 
4.226739019000000e-05 6.326680567522660e+12 0.000000000000000e+00 0.000000000000000e+00 5.390551543547028e-13 
4.226744343000000e-05 6.376955159425689e+12 0.000000000000000e+00 0.000000000000000e+00 -4.936744573174864e-13 
4.226749666000000e-05 6.453452593926266e+12 0.000000000000000e+00 0.000000000000000e+00 -6.123379260705102e-14 
4.226754990000001e-05 6.565711723920201e+12 0.000000000000000e+00 0.000000000000000e+00 1.567635626754626e-13 
4.226760314000000e-05 6.729762493516792e+12 0.000000000000000e+00 0.000000000000000e+00 5.949856139803401e-14 
4.226765638000000e-05 6.975382856261239e+12 0.000000000000000e+00 0.000000000000000e+00 7.533060656906446e-13 
4.226770961000000e-05 7.374204963008428e+12 0.000000000000000e+00 0.000000000000000e+00 7.144590784655676e-13 
4.226776285000000e-05 8.164150696641582e+12 0.000000000000000e+00 0.000000000000000e+00 -4.156793659654418e-12 
4.226781608999999e-05 9.962872350786777e+12 0.000000000000000e+00 0.000000000000000e+00 5.015081292116683e-11 
4.226786933000000e-05 1.323626012139801e+13 0.000000000000000e+00 0.000000000000000e+00 1.643740877706362e-10 
4.226792257000000e-05 1.733485481724334e+13 0.000000000000000e+00 0.000000000000000e+00 4.734310754215542e-10 
4.226797580000001e-05 2.136638017493446e+13 0.000000000000000e+00 0.000000000000000e+00 -4.709150163609072e-10 
4.226802904000000e-05 2.495385862020057e+13 0.000000000000000e+00 0.000000000000000e+00 -6.796979885725449e-10 
4.226808228000000e-05 2.803035858460693e+13 0.000000000000000e+00 0.000000000000000e+00 -4.005165885258592e-10 
4.226813552000000e-05 3.064861371525028e+13 0.000000000000000e+00 0.000000000000000e+00 1.004544511432047e-08 
4.226818875000000e-05 3.288749536932556e+13 0.000000000000000e+00 0.000000000000000e+00 1.743936167779871e-08 
4.226824198999999e-05 3.482994516928518e+13 0.000000000000000e+00 0.000000000000000e+00 1.547807850427942e-08 
4.226829523000000e-05 3.654428473512375e+13 0.000000000000000e+00 0.000000000000000e+00 7.936812624572548e-09 
4.226834847000000e-05 3.808589372240461e+13 0.000000000000000e+00 0.000000000000000e+00 5.688858260140628e-08 
4.226840170000001e-05 3.949916564764555e+13 0.000000000000000e+00 0.000000000000000e+00 -8.945336590245237e-09 
4.226845494000000e-05 4.081605515611190e+13 0.000000000000000e+00 0.000000000000000e+00 4.067963782063092e-08 
4.226850818000000e-05 4.205934864807348e+13 0.000000000000000e+00 0.000000000000000e+00 -4.706323547731095e-09 
4.226856142000000e-05 4.324562553796948e+13 0.000000000000000e+00 0.000000000000000e+00 -4.662720199144156e-08 
4.226861466000000e-05 4.438688272535875e+13 0.000000000000000e+00 0.000000000000000e+00 2.132954578619894e-08 
4.226866788999999e-05 4.549199390693251e+13 0.000000000000000e+00 0.000000000000000e+00 -1.017641369857485e-07 
4.226872113000000e-05 4.656799052597252e+13 0.000000000000000e+00 0.000000000000000e+00 -3.069752473640641e-09 
4.226877437000000e-05 4.761980198170448e+13 0.000000000000000e+00 0.000000000000000e+00 -5.210268972772110e-09 
4.226882761000000e-05 4.865135165942703e+13 0.000000000000000e+00 0.000000000000000e+00 -3.433330563306349e-08 
4.226888084000000e-05 4.966546266166638e+13 0.000000000000000e+00 0.000000000000000e+00 1.271671503263116e-07 
4.226893408000000e-05 5.066491526221927e+13 0.000000000000000e+00 0.000000000000000e+00 -5.463979652305467e-11 
4.226898732000000e-05 5.165149028687330e+13 0.000000000000000e+00 0.000000000000000e+00 -2.668184920822405e-08 
4.226904056000000e-05 5.262681208270653e+13 0.000000000000000e+00 0.000000000000000e+00 -1.669916846369638e-07 
4.226909380000000e-05 5.359226559784374e+13 0.000000000000000e+00 0.000000000000000e+00 1.362803205084027e-07 
4.226914703000000e-05 5.454884949943134e+13 0.000000000000000e+00 0.000000000000000e+00 -6.456921643926084e-07 
4.226920027000000e-05 5.549795881784810e+13 0.000000000000000e+00 0.000000000000000e+00 1.690797028092519e-08 
4.226925351000000e-05 5.644032730002695e+13 0.000000000000000e+00 0.000000000000000e+00 3.212888524224884e-07 
4.226930675000000e-05 5.737676525162876e+13 0.000000000000000e+00 0.000000000000000e+00 2.058880286592447e-08 
4.226935998000000e-05 5.830782560051813e+13 0.000000000000000e+00 0.000000000000000e+00 -1.736053560178759e-08 
4.226941322000000e-05 5.923451572185291e+13 0.000000000000000e+00 0.000000000000000e+00 4.856388565093785e-07 
4.226946646000000e-05 6.015725582646191e+13 0.000000000000000e+00 0.000000000000000e+00 -6.240337749430172e-07 
4.226951970000000e-05 6.107658715098871e+13 0.000000000000000e+00 0.000000000000000e+00 -4.528686878564974e-08 
4.226957293000000e-05 6.199283148791788e+13 0.000000000000000e+00 0.000000000000000e+00 3.931736277943093e-07 
4.226962617000000e-05 6.290678369062134e+13 0.000000000000000e+00 0.000000000000000e+00 -5.919106311730313e-08 
4.226967941000000e-05 6.381868297079888e+13 0.000000000000000e+00 0.000000000000000e+00 8.479636435788087e-09 
4.226973265000000e-05 6.472890466739780e+13 0.000000000000000e+00 0.000000000000000e+00 3.843480861490125e-09 
4.226978589000001e-05 6.563779062486241e+13 0.000000000000000e+00 0.000000000000000e+00 -7.072512534669573e-08 
4.226983912000000e-05 6.654548099486461e+13 0.000000000000000e+00 0.000000000000000e+00 8.170516787525124e-08 
4.226989236000001e-05 6.745259747837874e+13 0.000000000000000e+00 0.000000000000000e+00 1.036445342542244e-06 
4.226994560000000e-05 6.835922222633553e+13 0.000000000000000e+00 0.000000000000000e+00 -1.610612344850102e-07 
4.226999884000000e-05 6.926558122515950e+13 0.000000000000000e+00 0.000000000000000e+00 4.284839924106963e-07 
4.227005207000000e-05 7.017170479915100e+13 0.000000000000000e+00 0.000000000000000e+00 1.114482144921256e-06 
4.227010531000000e-05 7.107810935808786e+13 0.000000000000000e+00 0.000000000000000e+00 -4.857170722953067e-07 
4.227015855000000e-05 7.198477693611097e+13 0.000000000000000e+00 0.000000000000000e+00 1.734599958395128e-06 
4.227021179000001e-05 7.289183674809459e+13 0.000000000000000e+00 0.000000000000000e+00 3.754864326509932e-07 
4.227026502000000e-05 7.379922426961273e+13 0.000000000000000e+00 0.000000000000000e+00 -1.992894103182642e-07 
4.227031826000001e-05 7.470736643472830e+13 0.000000000000000e+00 0.000000000000000e+00 1.374395560674036e-06 
4.227037150000000e-05 7.561621661308638e+13 0.000000000000000e+00 0.000000000000000e+00 -8.096461835227054e-07 
4.227042474000000e-05 7.652577650123136e+13 0.000000000000000e+00 0.000000000000000e+00 -1.652836463075067e-06 
4.227047797999999e-05 7.743595106355708e+13 0.000000000000000e+00 0.000000000000000e+00 1.691619597218098e-06 
4.227053121000000e-05 7.834683024064802e+13 0.000000000000000e+00 0.000000000000000e+00 -2.452896345393407e-06 
4.227058445000000e-05 7.925839122822352e+13 0.000000000000000e+00 0.000000000000000e+00 1.409272486717924e-07 
4.227063769000000e-05 8.017060057743617e+13 0.000000000000000e+00 0.000000000000000e+00 1.546421350184710e-06 
4.227069093000000e-05 8.108339680238983e+13 0.000000000000000e+00 0.000000000000000e+00 -7.509775617314282e-07 
4.227074416000001e-05 8.199652777380628e+13 0.000000000000000e+00 0.000000000000000e+00 5.876130044674697e-06 
4.227079740000000e-05 8.291050076350506e+13 0.000000000000000e+00 0.000000000000000e+00 3.697213476396398e-06 
4.227085064000000e-05 8.382447574283808e+13 0.000000000000000e+00 0.000000000000000e+00 1.131575161472621e-06 
4.227090388000000e-05 8.473859759985962e+13 0.000000000000000e+00 0.000000000000000e+00 -9.552212006368842e-06 
4.227095711000000e-05 8.565253700286645e+13 0.000000000000000e+00 0.000000000000000e+00 1.522762232935872e-06 
4.227101035000000e-05 8.656646185949420e+13 0.000000000000000e+00 0.000000000000000e+00 -3.161408535396464e-06 
4.227106359000000e-05 8.748000572607845e+13 0.000000000000000e+00 0.000000000000000e+00 3.678717738587595e-06 
4.227111683000000e-05 8.839295751822314e+13 0.000000000000000e+00 0.000000000000000e+00 -3.798470630749646e-06 
4.227117007000000e-05 8.930508819175269e+13 0.000000000000000e+00 0.000000000000000e+00 1.849951862454958e-06 
4.227122330000000e-05 9.021635223634836e+13 0.000000000000000e+00 0.000000000000000e+00 -2.443990369721964e-06 
4.227127654000000e-05 9.112606701224219e+13 0.000000000000000e+00 0.000000000000000e+00 5.069938830048218e-06 
4.227132978000000e-05 9.203417134978052e+13 0.000000000000000e+00 0.000000000000000e+00 -3.001707976436398e-06 
4.227138302000000e-05 9.294036740607384e+13 0.000000000000000e+00 0.000000000000000e+00 1.046787352007966e-05 
4.227143625000000e-05 9.384417059483583e+13 0.000000000000000e+00 0.000000000000000e+00 1.255404708258475e-05 
4.227148949000000e-05 9.474558661709600e+13 0.000000000000000e+00 0.000000000000000e+00 1.449478678336072e-05 
4.227154273000000e-05 9.564409501888952e+13 0.000000000000000e+00 0.000000000000000e+00 -4.570677060807872e-06 
4.227159597000000e-05 9.653932509838788e+13 0.000000000000000e+00 0.000000000000000e+00 -9.723459024755462e-06 
4.227164920000000e-05 9.743071928715798e+13 0.000000000000000e+00 0.000000000000000e+00 -2.021071996275841e-05 
4.227170244000000e-05 9.831865800141786e+13 0.000000000000000e+00 0.000000000000000e+00 -9.780512068092296e-06 
4.227175568000000e-05 9.920160955337808e+13 0.000000000000000e+00 0.000000000000000e+00 3.273069892442667e-06 
4.227180892000000e-05 1.000795903757021e+14 0.000000000000000e+00 0.000000000000000e+00 -1.299597022195071e-05 
4.227186216000000e-05 1.009521173315002e+14 0.000000000000000e+00 0.000000000000000e+00 -1.866519534791156e-05 
4.227191539000000e-05 1.018185166776596e+14 0.000000000000000e+00 0.000000000000000e+00 1.801207312887843e-05 
4.227196863000000e-05 1.026785728577865e+14 0.000000000000000e+00 0.000000000000000e+00 1.038093066341936e-05 
4.227202187000000e-05 1.035315479758672e+14 0.000000000000000e+00 0.000000000000000e+00 -7.964963911247450e-06 
4.227207511000000e-05 1.043768304371606e+14 0.000000000000000e+00 0.000000000000000e+00 -1.962876484860171e-06 
4.227212834000000e-05 1.052136074629301e+14 0.000000000000000e+00 0.000000000000000e+00 -1.352463631123146e-05 
4.227218158000000e-05 1.060418882978971e+14 0.000000000000000e+00 0.000000000000000e+00 -1.032383299754155e-05 
4.227223482000000e-05 1.068598668544394e+14 0.000000000000000e+00 0.000000000000000e+00 8.192985986400730e-06 
4.227228806000000e-05 1.076669661031396e+14 0.000000000000000e+00 0.000000000000000e+00 -2.280660647058838e-05 
4.227234130000000e-05 1.084617854793731e+14 0.000000000000000e+00 0.000000000000000e+00 7.144710056236762e-06 
4.227239453000000e-05 1.092418938042180e+14 0.000000000000000e+00 0.000000000000000e+00 -6.460388972924989e-05 
4.227244777000000e-05 1.100033520047190e+14 0.000000000000000e+00 0.000000000000000e+00 -3.551402514444187e-05 
4.227250101000000e-05 1.107376294001315e+14 0.000000000000000e+00 0.000000000000000e+00 3.514210219597657e-05 
4.227255425000001e-05 1.114279857851983e+14 0.000000000000000e+00 0.000000000000000e+00 5.426421332898080e-05 
4.227260748000000e-05 1.120417450930992e+14 0.000000000000000e+00 0.000000000000000e+00 1.236991911428285e-04 
4.227266072000000e-05 1.125174502198093e+14 0.000000000000000e+00 0.000000000000000e+00 -1.093420577907181e-04 
4.227271396000001e-05 1.127475386754532e+14 0.000000000000000e+00 0.000000000000000e+00 -1.901845566631542e-04 
4.227276720000000e-05 1.125570154428986e+14 0.000000000000000e+00 0.000000000000000e+00 6.259401449339271e-05 
4.227282043000000e-05 1.116863294254580e+14 0.000000000000000e+00 0.000000000000000e+00 -8.354277325505684e-05 
4.227287367000000e-05 1.097898871292443e+14 0.000000000000000e+00 0.000000000000000e+00 -8.873833521158469e-05 
4.227292691000000e-05 1.064726591695519e+14 0.000000000000000e+00 0.000000000000000e+00 2.052098800625188e-04 
4.227298015000001e-05 1.013979410903881e+14 0.000000000000000e+00 0.000000000000000e+00 1.381939485994175e-04 
4.227303339000000e-05 9.453047320184228e+13 0.000000000000000e+00 0.000000000000000e+00 -3.407955231577573e-04 
4.227308662000000e-05 8.647304897382048e+13 0.000000000000000e+00 0.000000000000000e+00 4.333069007462680e-04 
4.227313986000000e-05 7.848750699133291e+13 0.000000000000000e+00 0.000000000000000e+00 2.163313588548499e-04 
4.227319310000000e-05 7.190114344850948e+13 0.000000000000000e+00 0.000000000000000e+00 2.192777377716584e-05 
4.227324633999999e-05 6.742799534924579e+13 0.000000000000000e+00 0.000000000000000e+00 -2.097867333805609e-04 
4.227329957000000e-05 6.512525744672808e+13 0.000000000000000e+00 0.000000000000000e+00 -2.051661504676787e-04 
4.227335281000000e-05 6.482378118386804e+13 0.000000000000000e+00 0.000000000000000e+00 -4.096781147498656e-04 
4.227340605000001e-05 6.649284577526074e+13 0.000000000000000e+00 0.000000000000000e+00 -3.254577283140404e-04 
4.227345929000000e-05 7.028343803054187e+13 0.000000000000000e+00 0.000000000000000e+00 -1.588614020141868e-04 
4.227351252000000e-05 7.621388012586208e+13 0.000000000000000e+00 0.000000000000000e+00 -2.134538479559538e-04 
4.227356576000000e-05 8.353685683036798e+13 0.000000000000000e+00 0.000000000000000e+00 -5.506905857288712e-05 
4.227361900000000e-05 9.017367198657030e+13 0.000000000000000e+00 0.000000000000000e+00 -2.997301908833989e-04 
4.227367223999999e-05 9.298031989566062e+13 0.000000000000000e+00 0.000000000000000e+00 -2.617044718216037e-04 
4.227372548000000e-05 8.947297482899906e+13 0.000000000000000e+00 0.000000000000000e+00 -1.737319543071585e-04 
4.227377871000000e-05 7.999509988157134e+13 0.000000000000000e+00 0.000000000000000e+00 -3.483570606611171e-05 
4.227383195000001e-05 6.745461948359259e+13 0.000000000000000e+00 0.000000000000000e+00 3.900176668722316e-04 
4.227388519000000e-05 5.466958717335566e+13 0.000000000000000e+00 0.000000000000000e+00 -5.085476739503434e-04 
4.227393843000000e-05 4.290557887659657e+13 0.000000000000000e+00 0.000000000000000e+00 7.554250066814071e-04 
4.227399166000000e-05 3.260715740298968e+13 0.000000000000000e+00 0.000000000000000e+00 3.206183711743329e-04 
4.227404490000000e-05 2.422702944231627e+13 0.000000000000000e+00 0.000000000000000e+00 -4.544849200626972e-04 
4.227409813999999e-05 1.813334892751072e+13 0.000000000000000e+00 0.000000000000000e+00 1.078830149898533e-05 
4.227415138000000e-05 1.423521753665270e+13 0.000000000000000e+00 0.000000000000000e+00 -1.098870551312415e-04 
4.227420461000000e-05 1.201747958407430e+13 0.000000000000000e+00 0.000000000000000e+00 -4.146947273840105e-05 
4.227425785000001e-05 1.090896335238145e+13 0.000000000000000e+00 0.000000000000000e+00 1.601115627696922e-04 
4.227431109000000e-05 1.053447916579224e+13 0.000000000000000e+00 0.000000000000000e+00 -6.104634717588897e-05 
4.227436433000000e-05 1.075762230224529e+13 0.000000000000000e+00 0.000000000000000e+00 -1.068548235671002e-05 
4.227441757000000e-05 1.166323767738296e+13 0.000000000000000e+00 0.000000000000000e+00 -4.831959857101691e-05 
4.227447080000000e-05 1.356818372416324e+13 0.000000000000000e+00 0.000000000000000e+00 -1.058522844196069e-04 
4.227452403999999e-05 1.699972266478075e+13 0.000000000000000e+00 0.000000000000000e+00 -3.793798839917332e-04 
4.227457728000000e-05 2.248913402050554e+13 0.000000000000000e+00 0.000000000000000e+00 -2.259404912887408e-04 
4.227463052000000e-05 3.020336364011379e+13 0.000000000000000e+00 0.000000000000000e+00 -2.720918475682949e-04 
4.227468375000001e-05 3.980234214708036e+13 0.000000000000000e+00 0.000000000000000e+00 4.584370359756174e-04 
4.227473699000000e-05 5.071543110754343e+13 0.000000000000000e+00 0.000000000000000e+00 -8.977012957075827e-04 
4.227479023000000e-05 6.247433688730829e+13 0.000000000000000e+00 0.000000000000000e+00 -8.180211729775279e-04 
4.227484347000000e-05 7.474062344484545e+13 0.000000000000000e+00 0.000000000000000e+00 7.716545385017370e-04 
4.227489670000000e-05 8.708312051052427e+13 0.000000000000000e+00 0.000000000000000e+00 -1.594209131898506e-04 
4.227494994000000e-05 9.886308382907762e+13 0.000000000000000e+00 0.000000000000000e+00 3.642934962344802e-04 
4.227500318000000e-05 1.093126722534464e+14 0.000000000000000e+00 0.000000000000000e+00 3.526188921521693e-04 
4.227505642000000e-05 1.178628154474583e+14 0.000000000000000e+00 0.000000000000000e+00 9.382180099956809e-04 
4.227510966000000e-05 1.244037207183937e+14 0.000000000000000e+00 0.000000000000000e+00 1.556455554139112e-04 
4.227516289000000e-05 1.292323718119669e+14 0.000000000000000e+00 0.000000000000000e+00 -1.997188397978584e-04 
4.227521613000000e-05 1.328061934780012e+14 0.000000000000000e+00 0.000000000000000e+00 -3.036669105828065e-06 
4.227526937000000e-05 1.355365064613607e+14 0.000000000000000e+00 0.000000000000000e+00 -4.274539801590574e-04 
4.227532261000000e-05 1.377199536765576e+14 0.000000000000000e+00 0.000000000000000e+00 -3.118196706329529e-04 
4.227537584000000e-05 1.395455494255824e+14 0.000000000000000e+00 0.000000000000000e+00 5.144244154808936e-04 
4.227542908000000e-05 1.411283542646397e+14 0.000000000000000e+00 0.000000000000000e+00 -2.274153770749236e-04 
4.227548232000000e-05 1.425365935686729e+14 0.000000000000000e+00 0.000000000000000e+00 3.968758012571767e-04 
4.227553556000000e-05 1.438125921923318e+14 0.000000000000000e+00 0.000000000000000e+00 1.277167036416275e-04 
4.227558880000000e-05 1.449839121875897e+14 0.000000000000000e+00 0.000000000000000e+00 3.603868848947569e-05 
4.227564203000000e-05 1.460694374856831e+14 0.000000000000000e+00 0.000000000000000e+00 -2.546719633156624e-04 
4.227569527000000e-05 1.470835145658686e+14 0.000000000000000e+00 0.000000000000000e+00 -6.957654145097309e-05 
4.227574851000001e-05 1.480366210321141e+14 0.000000000000000e+00 0.000000000000000e+00 -3.274124528963884e-04 
4.227580175000000e-05 1.489371778478450e+14 0.000000000000000e+00 0.000000000000000e+00 7.102500628407976e-04 
4.227585498000000e-05 1.497918312211694e+14 0.000000000000000e+00 0.000000000000000e+00 2.934586443898898e-04 
4.227590822000000e-05 1.506064388509982e+14 0.000000000000000e+00 0.000000000000000e+00 -1.002875191753646e-04 
4.227596146000000e-05 1.513854719972859e+14 0.000000000000000e+00 0.000000000000000e+00 -6.056491945164903e-05 
4.227601470000000e-05 1.521328198543493e+14 0.000000000000000e+00 0.000000000000000e+00 -4.429645010015213e-05 
4.227606793000000e-05 1.528515635303746e+14 0.000000000000000e+00 0.000000000000000e+00 -6.669088758172819e-05 
4.227612117000000e-05 1.535447876119983e+14 0.000000000000000e+00 0.000000000000000e+00 2.875327460206613e-04 
4.227617441000001e-05 1.542147571877913e+14 0.000000000000000e+00 0.000000000000000e+00 -2.304823804040507e-04 
4.227622765000000e-05 1.548634815746964e+14 0.000000000000000e+00 0.000000000000000e+00 3.003863243597732e-04 
4.227628089000000e-05 1.554927495649836e+14 0.000000000000000e+00 0.000000000000000e+00 -1.382988570444530e-05 
4.227633412000000e-05 1.561040107064606e+14 0.000000000000000e+00 0.000000000000000e+00 7.492578814155073e-05 
4.227638736000000e-05 1.566988499137079e+14 0.000000000000000e+00 0.000000000000000e+00 -6.846492856529063e-05 
4.227644060000000e-05 1.572783428653676e+14 0.000000000000000e+00 0.000000000000000e+00 1.982520520397435e-04 
4.227649384000000e-05 1.578435427561610e+14 0.000000000000000e+00 0.000000000000000e+00 -8.547752028899737e-05 
4.227654707000000e-05 1.583952813742616e+14 0.000000000000000e+00 0.000000000000000e+00 1.068029215152956e-04 
4.227660031000001e-05 1.589345979328841e+14 0.000000000000000e+00 0.000000000000000e+00 5.148769398539065e-05 
4.227665355000000e-05 1.594621314309174e+14 0.000000000000000e+00 0.000000000000000e+00 -6.866217019623075e-05 
4.227670679000000e-05 1.599785492004585e+14 0.000000000000000e+00 0.000000000000000e+00 -4.381361675757162e-05 
4.227676002000001e-05 1.604843581489013e+14 0.000000000000000e+00 0.000000000000000e+00 -8.226346876108380e-05 
4.227681326000000e-05 1.609802911556919e+14 0.000000000000000e+00 0.000000000000000e+00 -4.746240571934861e-05 
4.227686650000000e-05 1.614667443192952e+14 0.000000000000000e+00 0.000000000000000e+00 -1.048400672975946e-06 
4.227691974000000e-05 1.619441650730105e+14 0.000000000000000e+00 0.000000000000000e+00 -6.129588171153067e-05 
4.227697298000000e-05 1.624129614729694e+14 0.000000000000000e+00 0.000000000000000e+00 -1.634585857511408e-04 
4.227702621000001e-05 1.628734212767769e+14 0.000000000000000e+00 0.000000000000000e+00 3.644633107649627e-05 
4.227707945000000e-05 1.633260593102260e+14 0.000000000000000e+00 0.000000000000000e+00 -6.045295123187211e-05 
4.227713269000000e-05 1.637711033900426e+14 0.000000000000000e+00 0.000000000000000e+00 -9.082917316652428e-06 
4.227718593000000e-05 1.642088446092577e+14 0.000000000000000e+00 0.000000000000000e+00 -8.526665338076439e-05 
4.227723916000000e-05 1.646394700293401e+14 0.000000000000000e+00 0.000000000000000e+00 2.604491042433906e-07 
4.227729240000000e-05 1.650633910006357e+14 0.000000000000000e+00 0.000000000000000e+00 -1.030087235812845e-04 
4.227734564000000e-05 1.654807572870945e+14 0.000000000000000e+00 0.000000000000000e+00 3.292892121363184e-06 
4.227739888000000e-05 1.658917843336634e+14 0.000000000000000e+00 0.000000000000000e+00 1.235927454349180e-05 
4.227745211000001e-05 1.662965977735758e+14 0.000000000000000e+00 0.000000000000000e+00 -1.820325295786975e-05 
4.227750535000000e-05 1.666955393323162e+14 0.000000000000000e+00 0.000000000000000e+00 -5.097769235102927e-05 
4.227755859000000e-05 1.670887057674827e+14 0.000000000000000e+00 0.000000000000000e+00 3.452696624051004e-05 
4.227761183000000e-05 1.674762642673050e+14 0.000000000000000e+00 0.000000000000000e+00 7.776992808593004e-05 
4.227766507000000e-05 1.678583709464121e+14 0.000000000000000e+00 0.000000000000000e+00 1.278262056509601e-05 
4.227771830000000e-05 1.682351026652804e+14 0.000000000000000e+00 0.000000000000000e+00 -4.064695615823113e-05 
4.227777154000000e-05 1.686067399905578e+14 0.000000000000000e+00 0.000000000000000e+00 2.460627069055568e-05 
4.227782478000000e-05 1.689733432699342e+14 0.000000000000000e+00 0.000000000000000e+00 -5.533066156512798e-05 
4.227787802000000e-05 1.693350373054489e+14 0.000000000000000e+00 0.000000000000000e+00 -1.425869475369936e-05 
4.227793125000000e-05 1.696918774285134e+14 0.000000000000000e+00 0.000000000000000e+00 7.901879557364778e-05 
4.227798449000000e-05 1.700441034104149e+14 0.000000000000000e+00 0.000000000000000e+00 1.875151023269528e-05 
4.227803773000000e-05 1.703917590188885e+14 0.000000000000000e+00 0.000000000000000e+00 -2.959914295873477e-05 
4.227809097000000e-05 1.707349465397362e+14 0.000000000000000e+00 0.000000000000000e+00 -4.725627083422872e-05 
4.227814420000000e-05 1.710737008234305e+14 0.000000000000000e+00 0.000000000000000e+00 -4.711548664325185e-05 
4.227819744000000e-05 1.714082428733179e+14 0.000000000000000e+00 0.000000000000000e+00 -3.635881548785934e-05 
4.227825068000000e-05 1.717385984532244e+14 0.000000000000000e+00 0.000000000000000e+00 -5.702812005069949e-05 
4.227830392000000e-05 1.720648537214367e+14 0.000000000000000e+00 0.000000000000000e+00 -1.486517954289988e-05 
4.227835716000000e-05 1.723870914296837e+14 0.000000000000000e+00 0.000000000000000e+00 -2.152250184911864e-06 
4.227841039000000e-05 1.727053385289280e+14 0.000000000000000e+00 0.000000000000000e+00 -3.557098586041616e-05 
4.227846363000000e-05 1.730197770852434e+14 0.000000000000000e+00 0.000000000000000e+00 1.261211047347796e-05 
4.227851687000000e-05 1.733304281732676e+14 0.000000000000000e+00 0.000000000000000e+00 -6.575397630840072e-05 
4.227857011000000e-05 1.736373628305184e+14 0.000000000000000e+00 0.000000000000000e+00 1.602926551728240e-06 
4.227862334000000e-05 1.739405932938501e+14 0.000000000000000e+00 0.000000000000000e+00 1.843004739672419e-05 
4.227867658000000e-05 1.742402998579911e+14 0.000000000000000e+00 0.000000000000000e+00 -2.912588658614982e-05 
4.227872982000000e-05 1.745364895196622e+14 0.000000000000000e+00 0.000000000000000e+00 -4.610596134328911e-05 
4.227878306000000e-05 1.748292245015377e+14 0.000000000000000e+00 0.000000000000000e+00 -1.708764210403999e-05 
4.227883630000001e-05 1.751185650872532e+14 0.000000000000000e+00 0.000000000000000e+00 -2.075923832485590e-05 
4.227888953000000e-05 1.754045275387785e+14 0.000000000000000e+00 0.000000000000000e+00 3.320846144389550e-05 
4.227894277000000e-05 1.756872528506974e+14 0.000000000000000e+00 0.000000000000000e+00 -1.628972638510197e-05 
4.227899601000000e-05 1.759667540649174e+14 0.000000000000000e+00 0.000000000000000e+00 4.335065624066509e-05 
4.227904925000000e-05 1.762430846956733e+14 0.000000000000000e+00 0.000000000000000e+00 -3.084712643964505e-05 
4.227910248000000e-05 1.765162457472649e+14 0.000000000000000e+00 0.000000000000000e+00 1.372286183081225e-05 
4.227915572000000e-05 1.767863904673526e+14 0.000000000000000e+00 0.000000000000000e+00 3.090855013772080e-06 
4.227920896000000e-05 1.770535165254881e+14 0.000000000000000e+00 0.000000000000000e+00 -1.434087938166501e-05 
4.227926220000001e-05 1.773176719178777e+14 0.000000000000000e+00 0.000000000000000e+00 -4.346135872909413e-05 
4.227931543000000e-05 1.775788670188031e+14 0.000000000000000e+00 0.000000000000000e+00 1.701247136350892e-05 
4.227936867000000e-05 1.778372200422836e+14 0.000000000000000e+00 0.000000000000000e+00 -3.694895814586332e-05 
4.227942191000000e-05 1.780927393001862e+14 0.000000000000000e+00 0.000000000000000e+00 7.831312989143641e-06 
4.227947515000000e-05 1.783454738412794e+14 0.000000000000000e+00 0.000000000000000e+00 -4.118272151832774e-06 
4.227952838999999e-05 1.785954547040189e+14 0.000000000000000e+00 0.000000000000000e+00 -2.023748179944009e-05 
4.227958162000000e-05 1.788426825745961e+14 0.000000000000000e+00 0.000000000000000e+00 -2.202739851320648e-05 
4.227963486000000e-05 1.790872910008433e+14 0.000000000000000e+00 0.000000000000000e+00 3.202900266101176e-05 
4.227968810000001e-05 1.793292728479457e+14 0.000000000000000e+00 0.000000000000000e+00 -8.414130061112824e-06 
4.227974134000000e-05 1.795686667796788e+14 0.000000000000000e+00 0.000000000000000e+00 1.599817558056990e-05 
4.227979457000001e-05 1.798054663666850e+14 0.000000000000000e+00 0.000000000000000e+00 4.589226700943249e-06 
4.227984781000000e-05 1.800397975830104e+14 0.000000000000000e+00 0.000000000000000e+00 3.531137584116720e-05 
4.227990105000000e-05 1.802716519285952e+14 0.000000000000000e+00 0.000000000000000e+00 7.573317334471749e-06 
4.227995428999999e-05 1.805010648714888e+14 0.000000000000000e+00 0.000000000000000e+00 1.722491325530834e-05 
4.228000752000000e-05 1.807280287347948e+14 0.000000000000000e+00 0.000000000000000e+00 2.052095794313816e-05 
4.228006076000000e-05 1.809526628215147e+14 0.000000000000000e+00 0.000000000000000e+00 1.397389385997306e-05 
4.228011400000001e-05 1.811749576171582e+14 0.000000000000000e+00 0.000000000000000e+00 1.143836609195144e-05 
4.228016724000000e-05 1.813949458094906e+14 0.000000000000000e+00 0.000000000000000e+00 2.071912353456881e-05 
4.228022048000000e-05 1.816126594461994e+14 0.000000000000000e+00 0.000000000000000e+00 9.739702449457427e-06 
4.228027371000000e-05 1.818280896918289e+14 0.000000000000000e+00 0.000000000000000e+00 -6.686048106246202e-06 
4.228032695000000e-05 1.820413483106065e+14 0.000000000000000e+00 0.000000000000000e+00 3.692639655085388e-05 
4.228038018999999e-05 1.822524248635636e+14 0.000000000000000e+00 0.000000000000000e+00 -5.348720418458166e-06 
4.228043343000000e-05 1.824613490266732e+14 0.000000000000000e+00 0.000000000000000e+00 -2.808966538919071e-06 
4.228048666000000e-05 1.826681112797891e+14 0.000000000000000e+00 0.000000000000000e+00 2.976768924045697e-05 
4.228053990000001e-05 1.828728178959488e+14 0.000000000000000e+00 0.000000000000000e+00 1.179903012865578e-05 
4.228059314000000e-05 1.830754579046321e+14 0.000000000000000e+00 0.000000000000000e+00 -9.938865214231097e-06 
4.228064638000000e-05 1.832760588715042e+14 0.000000000000000e+00 0.000000000000000e+00 -7.047534636144835e-06 
4.228069961000000e-05 1.834746107566976e+14 0.000000000000000e+00 0.000000000000000e+00 -1.506655606825390e-05 
4.228075285000000e-05 1.836712147521007e+14 0.000000000000000e+00 0.000000000000000e+00 -1.629374999381943e-05 
4.228080608999999e-05 1.838658594970730e+14 0.000000000000000e+00 0.000000000000000e+00 1.525167241263805e-05 
4.228085933000000e-05 1.840585706652403e+14 0.000000000000000e+00 0.000000000000000e+00 -5.142056816813452e-07 
4.228091257000000e-05 1.842493734869735e+14 0.000000000000000e+00 0.000000000000000e+00 -2.047604872168766e-05 
4.228096580000001e-05 1.844382574516639e+14 0.000000000000000e+00 0.000000000000000e+00 -6.123327155518879e-07 
4.228101904000000e-05 1.846253179014428e+14 0.000000000000000e+00 0.000000000000000e+00 2.550854310723939e-05 
4.228107228000000e-05 1.848105431416575e+14 0.000000000000000e+00 0.000000000000000e+00 -1.120308229264183e-05 
4.228112552000000e-05 1.849939567365835e+14 0.000000000000000e+00 0.000000000000000e+00 -5.901564995545585e-06 
4.228117875000000e-05 1.851755479109320e+14 0.000000000000000e+00 0.000000000000000e+00 -7.803782895069875e-06 
4.228123199000000e-05 1.853554076794977e+14 0.000000000000000e+00 0.000000000000000e+00 -1.728815499266879e-05 
4.228128523000000e-05 1.855335241763428e+14 0.000000000000000e+00 0.000000000000000e+00 1.199626729505817e-05 
4.228133847000000e-05 1.857099194515092e+14 0.000000000000000e+00 0.000000000000000e+00 -2.748690288967646e-06 
4.228139170000000e-05 1.858845825430074e+14 0.000000000000000e+00 0.000000000000000e+00 -8.710543666548388e-06 
4.228144494000000e-05 1.860576004165968e+14 0.000000000000000e+00 0.000000000000000e+00 1.454513463835627e-05 
4.228149818000000e-05 1.862289611019423e+14 0.000000000000000e+00 0.000000000000000e+00 -1.871975783442052e-05 
4.228155142000000e-05 1.863986852661730e+14 0.000000000000000e+00 0.000000000000000e+00 2.440376338930742e-05 
4.228160466000000e-05 1.865667932491646e+14 0.000000000000000e+00 0.000000000000000e+00 -8.014349237037233e-06 
4.228165789000000e-05 1.867332739433778e+14 0.000000000000000e+00 0.000000000000000e+00 -2.701140213860475e-05 
4.228171113000000e-05 1.868982096033221e+14 0.000000000000000e+00 0.000000000000000e+00 1.688130936942102e-05 
4.228176437000000e-05 1.870615882029236e+14 0.000000000000000e+00 0.000000000000000e+00 4.051093283469716e-07 
4.228181761000000e-05 1.872234288404568e+14 0.000000000000000e+00 0.000000000000000e+00 -2.805061451241780e-05 
4.228187084000000e-05 1.873837203481587e+14 0.000000000000000e+00 0.000000000000000e+00 2.161834245827955e-05 
4.228192408000000e-05 1.875425414640786e+14 0.000000000000000e+00 0.000000000000000e+00 -1.581154517722369e-05 
4.228197732000000e-05 1.876998801653861e+14 0.000000000000000e+00 0.000000000000000e+00 2.628254179093817e-05 
4.228203056000001e-05 1.878557544069614e+14 0.000000000000000e+00 0.000000000000000e+00 -1.932943953245467e-06 
4.228208380000000e-05 1.880101818718479e+14 0.000000000000000e+00 0.000000000000000e+00 2.755800216340465e-07 
4.228213703000000e-05 1.881631513723331e+14 0.000000000000000e+00 0.000000000000000e+00 6.890478659480451e-06 
4.228219027000000e-05 1.883147375358949e+14 0.000000000000000e+00 0.000000000000000e+00 -3.759327181259443e-06 
4.228224351000000e-05 1.884649283902534e+14 0.000000000000000e+00 0.000000000000000e+00 -7.234675188503474e-06 
4.228229675000000e-05 1.886137405829166e+14 0.000000000000000e+00 0.000000000000000e+00 5.756858654084259e-06 
4.228234998000000e-05 1.887611629461417e+14 0.000000000000000e+00 0.000000000000000e+00 2.923405624370331e-07 
4.228240322000000e-05 1.889072670268151e+14 0.000000000000000e+00 0.000000000000000e+00 -4.838585669346976e-06 
4.228245646000001e-05 1.890520409233322e+14 0.000000000000000e+00 0.000000000000000e+00 -6.541502777733278e-06 
4.228250970000000e-05 1.891955003236430e+14 0.000000000000000e+00 0.000000000000000e+00 8.783325889614967e-06 
4.228256293000000e-05 1.893376341061339e+14 0.000000000000000e+00 0.000000000000000e+00 -4.794326582438743e-07 
4.228261617000000e-05 1.894785109064494e+14 0.000000000000000e+00 0.000000000000000e+00 -3.576701630064724e-06 
4.228266941000000e-05 1.896181189150485e+14 0.000000000000000e+00 0.000000000000000e+00 1.276430951470930e-06 
4.228272265000000e-05 1.897564729292077e+14 0.000000000000000e+00 0.000000000000000e+00 2.373394510558914e-05 
4.228277589000000e-05 1.898935875333014e+14 0.000000000000000e+00 0.000000000000000e+00 1.329920379584478e-05 
4.228282912000000e-05 1.900294516929315e+14 0.000000000000000e+00 0.000000000000000e+00 -5.753439825202389e-06 
4.228288236000001e-05 1.901641306241588e+14 0.000000000000000e+00 0.000000000000000e+00 -3.215336654694710e-06 
4.228293560000000e-05 1.902976126568448e+14 0.000000000000000e+00 0.000000000000000e+00 1.000724636986959e-06 
4.228298884000000e-05 1.904299115615548e+14 0.000000000000000e+00 0.000000000000000e+00 -7.209603319229589e-06 
4.228304207000001e-05 1.905610163931900e+14 0.000000000000000e+00 0.000000000000000e+00 3.346337441222772e-06 
4.228309531000000e-05 1.906909897938939e+14 0.000000000000000e+00 0.000000000000000e+00 -1.313005728781422e-05 
4.228314855000000e-05 1.908198202209538e+14 0.000000000000000e+00 0.000000000000000e+00 -1.998816485700541e-05 
4.228320179000000e-05 1.909475206861304e+14 0.000000000000000e+00 0.000000000000000e+00 -7.269219997114019e-06 
4.228325502000000e-05 1.910740803476882e+14 0.000000000000000e+00 0.000000000000000e+00 1.643198196452880e-05 
4.228330826000001e-05 1.911995594073613e+14 0.000000000000000e+00 0.000000000000000e+00 2.315155187117522e-05 
4.228336150000000e-05 1.913239464607072e+14 0.000000000000000e+00 0.000000000000000e+00 -1.041442285880712e-05 
4.228341474000000e-05 1.914472538113723e+14 0.000000000000000e+00 0.000000000000000e+00 2.478746914310532e-06 
4.228346798000000e-05 1.915694935932560e+14 0.000000000000000e+00 0.000000000000000e+00 -1.751524457737101e-06 
4.228352121000000e-05 1.916906551100145e+14 0.000000000000000e+00 0.000000000000000e+00 -3.831291064593190e-06 
4.228357445000000e-05 1.918107956865836e+14 0.000000000000000e+00 0.000000000000000e+00 8.973238007004146e-06 
4.228362769000000e-05 1.919299041040277e+14 0.000000000000000e+00 0.000000000000000e+00 -3.465508459446360e-06 
4.228368093000000e-05 1.920479918453516e+14 0.000000000000000e+00 0.000000000000000e+00 2.771546461348738e-06 
4.228373416000001e-05 1.921650483409344e+14 0.000000000000000e+00 0.000000000000000e+00 -5.830481490975309e-06 
4.228378740000000e-05 1.922811287437364e+14 0.000000000000000e+00 0.000000000000000e+00 -9.711910401297656e-06 
4.228384064000000e-05 1.923962219910680e+14 0.000000000000000e+00 0.000000000000000e+00 -2.622427753043861e-06 
4.228389388000000e-05 1.925103389566798e+14 0.000000000000000e+00 0.000000000000000e+00 3.485977223545568e-06 
4.228394711000000e-05 1.926234692050747e+14 0.000000000000000e+00 0.000000000000000e+00 -1.743226742120131e-07 
4.228400034999999e-05 1.927356658245351e+14 0.000000000000000e+00 0.000000000000000e+00 -1.138958013725236e-06 
4.228405359000000e-05 1.928469179139239e+14 0.000000000000000e+00 0.000000000000000e+00 -4.511252397921943e-06 
4.228410683000000e-05 1.929572357761010e+14 0.000000000000000e+00 0.000000000000000e+00 -3.151734155626728e-06 
4.228416007000000e-05 1.930666295770245e+14 0.000000000000000e+00 0.000000000000000e+00 6.990492728594970e-06 
4.228421330000000e-05 1.931750890573001e+14 0.000000000000000e+00 0.000000000000000e+00 4.057215677177517e-06 
4.228426654000000e-05 1.932826648648848e+14 0.000000000000000e+00 0.000000000000000e+00 -7.918301386763595e-06 
4.228431978000000e-05 1.933893463062625e+14 0.000000000000000e+00 0.000000000000000e+00 2.952537532141632e-07 
4.228437302000000e-05 1.934951430204904e+14 0.000000000000000e+00 0.000000000000000e+00 1.895961846121052e-06 
4.228442624999999e-05 1.936000448942317e+14 0.000000000000000e+00 0.000000000000000e+00 -6.910534270321595e-06 
4.228447949000000e-05 1.937041007284604e+14 0.000000000000000e+00 0.000000000000000e+00 -1.214526746829119e-07 
4.228453273000000e-05 1.938072999991057e+14 0.000000000000000e+00 0.000000000000000e+00 3.939349010928342e-06 
4.228458597000000e-05 1.939096518505117e+14 0.000000000000000e+00 0.000000000000000e+00 4.164922789529383e-06 
4.228463920000000e-05 1.940111463191688e+14 0.000000000000000e+00 0.000000000000000e+00 -2.538565143150190e-06 
4.228469244000000e-05 1.941118304463482e+14 0.000000000000000e+00 0.000000000000000e+00 1.092413851722372e-05 
4.228474568000000e-05 1.942116938795472e+14 0.000000000000000e+00 0.000000000000000e+00 -2.108652835176325e-06 
4.228479892000000e-05 1.943107452983429e+14 0.000000000000000e+00 0.000000000000000e+00 -4.460620977417084e-06 
4.228485216000000e-05 1.944089932704905e+14 0.000000000000000e+00 0.000000000000000e+00 4.484246066252293e-07 
4.228490539000000e-05 1.945064280234077e+14 0.000000000000000e+00 0.000000000000000e+00 -1.589373069846245e-05 
4.228495863000000e-05 1.946030945140192e+14 0.000000000000000e+00 0.000000000000000e+00 1.028253009788539e-06 
4.228501187000000e-05 1.946989826060218e+14 0.000000000000000e+00 0.000000000000000e+00 1.131949530121772e-06 
4.228506511000000e-05 1.947941004367965e+14 0.000000000000000e+00 0.000000000000000e+00 5.677168552712671e-06 
4.228511834000000e-05 1.948884383885479e+14 0.000000000000000e+00 0.000000000000000e+00 -7.049691348953986e-06 
4.228517158000000e-05 1.949820398372482e+14 0.000000000000000e+00 0.000000000000000e+00 -3.788951531830734e-06 
4.228522482000000e-05 1.950748948202169e+14 0.000000000000000e+00 0.000000000000000e+00 -6.127226778771949e-06 
4.228527806000000e-05 1.951670110697356e+14 0.000000000000000e+00 0.000000000000000e+00 7.752031304427705e-06 
4.228533130000000e-05 1.952583962207145e+14 0.000000000000000e+00 0.000000000000000e+00 2.963253895527870e-06 
4.228538453000000e-05 1.953490408504578e+14 0.000000000000000e+00 0.000000000000000e+00 8.801143057393706e-07 
4.228543777000000e-05 1.954389864597104e+14 0.000000000000000e+00 0.000000000000000e+00 -3.778158227381465e-08 
4.228549101000000e-05 1.955282233027657e+14 0.000000000000000e+00 0.000000000000000e+00 -4.853923137753828e-06 
4.228554425000001e-05 1.956167586386644e+14 0.000000000000000e+00 0.000000000000000e+00 2.859184438413806e-06 
4.228559748000000e-05 1.957045832015797e+14 0.000000000000000e+00 0.000000000000000e+00 8.235113462422361e-06 
4.228565072000000e-05 1.957917370679344e+14 0.000000000000000e+00 0.000000000000000e+00 1.052696745246431e-05 
4.228570396000000e-05 1.958782106650756e+14 0.000000000000000e+00 0.000000000000000e+00 3.558306290125273e-06 
4.228575720000000e-05 1.959640108978868e+14 0.000000000000000e+00 0.000000000000000e+00 -2.993773685820287e-06 
4.228581043000000e-05 1.960491286575365e+14 0.000000000000000e+00 0.000000000000000e+00 1.114188879074158e-05 
4.228586367000000e-05 1.961336026594491e+14 0.000000000000000e+00 0.000000000000000e+00 -1.532035312416286e-05 
4.228591691000000e-05 1.962174235033135e+14 0.000000000000000e+00 0.000000000000000e+00 1.227055756459605e-06 
4.228597015000001e-05 1.963005977599987e+14 0.000000000000000e+00 0.000000000000000e+00 4.387705221010135e-07 
4.228602339000000e-05 1.963831319198315e+14 0.000000000000000e+00 0.000000000000000e+00 -1.028619516119679e-05 
4.228607662000001e-05 1.964650170697444e+14 0.000000000000000e+00 0.000000000000000e+00 2.450314178763295e-06 
4.228612986000000e-05 1.965462903080930e+14 0.000000000000000e+00 0.000000000000000e+00 -1.355313256955318e-06 
4.228618310000000e-05 1.966269424480684e+14 0.000000000000000e+00 0.000000000000000e+00 5.269563330212048e-06 
4.228623633999999e-05 1.967069796694618e+14 0.000000000000000e+00 0.000000000000000e+00 -5.876511616503901e-06 
4.228628957000000e-05 1.967863932150001e+14 0.000000000000000e+00 0.000000000000000e+00 5.521503374250179e-06 
4.228634281000000e-05 1.968652189527062e+14 0.000000000000000e+00 0.000000000000000e+00 -3.944389185388631e-06 
4.228639605000001e-05 1.969434478649101e+14 0.000000000000000e+00 0.000000000000000e+00 1.168390711077908e-06 
4.228644929000000e-05 1.970210858381123e+14 0.000000000000000e+00 0.000000000000000e+00 7.640238247878567e-06 
4.228650252000001e-05 1.970981242700061e+14 0.000000000000000e+00 0.000000000000000e+00 -3.593159160838713e-06 
4.228655576000000e-05 1.971745978511912e+14 0.000000000000000e+00 0.000000000000000e+00 -5.262410204250221e-06 
4.228660900000000e-05 1.972504977314929e+14 0.000000000000000e+00 0.000000000000000e+00 -2.854098270546018e-06 
4.228666223999999e-05 1.973258295203927e+14 0.000000000000000e+00 0.000000000000000e+00 3.745425168824895e-06 
4.228671548000000e-05 1.974005987605932e+14 0.000000000000000e+00 0.000000000000000e+00 -4.162289759952692e-06 
4.228676871000000e-05 1.974747970415974e+14 0.000000000000000e+00 0.000000000000000e+00 6.496013850053000e-07 
4.228682195000000e-05 1.975484576527174e+14 0.000000000000000e+00 0.000000000000000e+00 -5.111344736883149e-06 
4.228687519000000e-05 1.976215719503256e+14 0.000000000000000e+00 0.000000000000000e+00 5.198436386079380e-06 
4.228692843000000e-05 1.976941452189136e+14 0.000000000000000e+00 0.000000000000000e+00 5.948793217057876e-06 
4.228698166000000e-05 1.977661691999545e+14 0.000000000000000e+00 0.000000000000000e+00 -3.240198193599256e-06 
4.228703490000000e-05 1.978376761147768e+14 0.000000000000000e+00 0.000000000000000e+00 -4.676848179936370e-06 
4.228708814000000e-05 1.979086574826388e+14 0.000000000000000e+00 0.000000000000000e+00 6.068931855442707e-06 
4.228714138000000e-05 1.979791183439489e+14 0.000000000000000e+00 0.000000000000000e+00 -7.127378721098470e-06 
4.228719461000000e-05 1.980490505903785e+14 0.000000000000000e+00 0.000000000000000e+00 -7.939498922132326e-07 
4.228724785000000e-05 1.981184854199936e+14 0.000000000000000e+00 0.000000000000000e+00 -2.053269633113140e-06 
4.228730109000000e-05 1.981874145126913e+14 0.000000000000000e+00 0.000000000000000e+00 6.813821158481417e-08 
4.228735433000000e-05 1.982558426777986e+14 0.000000000000000e+00 0.000000000000000e+00 -8.109516517347683e-06 
4.228740757000000e-05 1.983237746689410e+14 0.000000000000000e+00 0.000000000000000e+00 5.020939150601804e-07 
4.228746080000000e-05 1.983912025632112e+14 0.000000000000000e+00 0.000000000000000e+00 -8.418902136390048e-08 
4.228751404000000e-05 1.984581563386942e+14 0.000000000000000e+00 0.000000000000000e+00 -4.286572159358107e-07 
4.228756728000000e-05 1.985246278728375e+14 0.000000000000000e+00 0.000000000000000e+00 4.757630840507348e-06 
4.228762052000000e-05 1.985906217035032e+14 0.000000000000000e+00 0.000000000000000e+00 1.064610551492678e-05 
4.228767375000000e-05 1.986561300539800e+14 0.000000000000000e+00 0.000000000000000e+00 -4.470511496736471e-06 
4.228772699000000e-05 1.987211819712695e+14 0.000000000000000e+00 0.000000000000000e+00 -1.560667597817410e-06 
4.228778023000000e-05 1.987857694880414e+14 0.000000000000000e+00 0.000000000000000e+00 5.559109503794104e-06 
4.228783347000000e-05 1.988498969379527e+14 0.000000000000000e+00 0.000000000000000e+00 -9.033069821498040e-06 
4.228788670000000e-05 1.989135566883835e+14 0.000000000000000e+00 0.000000000000000e+00 7.778127711993552e-06 
4.228793994000000e-05 1.989767768929702e+14 0.000000000000000e+00 0.000000000000000e+00 8.734863945447946e-07 
4.228799318000000e-05 1.990395497371716e+14 0.000000000000000e+00 0.000000000000000e+00 -7.737823039703018e-08 
4.228804642000000e-05 1.991018793610280e+14 0.000000000000000e+00 0.000000000000000e+00 -4.804746164172966e-06 
4.228809966000000e-05 1.991637698578319e+14 0.000000000000000e+00 0.000000000000000e+00 -4.998611699610303e-06 
4.228815289000000e-05 1.992252137722297e+14 0.000000000000000e+00 0.000000000000000e+00 -6.214015291934342e-07 
4.228820613000000e-05 1.992862381913103e+14 0.000000000000000e+00 0.000000000000000e+00 1.860192513757138e-06 
4.228825937000000e-05 1.993468354878582e+14 0.000000000000000e+00 0.000000000000000e+00 9.131547189575220e-07 
4.228831261000001e-05 1.994070095741332e+14 0.000000000000000e+00 0.000000000000000e+00 -1.272293314301824e-06 
4.228836584000000e-05 1.994667531340440e+14 0.000000000000000e+00 0.000000000000000e+00 -5.271861484314439e-06 
4.228841908000000e-05 1.995260924396083e+14 0.000000000000000e+00 0.000000000000000e+00 3.944794763311615e-06 
4.228847232000000e-05 1.995850200105109e+14 0.000000000000000e+00 0.000000000000000e+00 1.854050886414116e-07 
4.228852556000000e-05 1.996435395872950e+14 0.000000000000000e+00 0.000000000000000e+00 -2.390870119143348e-06 
4.228857880000000e-05 1.997016548689741e+14 0.000000000000000e+00 0.000000000000000e+00 3.048688885170963e-06 
4.228863203000000e-05 1.997593587104966e+14 0.000000000000000e+00 0.000000000000000e+00 -1.870218609184710e-06 
4.228868527000000e-05 1.998166764098169e+14 0.000000000000000e+00 0.000000000000000e+00 -7.281768459796860e-06 
4.228873851000001e-05 1.998736006665843e+14 0.000000000000000e+00 0.000000000000000e+00 1.363880581201818e-06 
4.228879175000000e-05 1.999301350190166e+14 0.000000000000000e+00 0.000000000000000e+00 7.244899495577230e-06 
4.228884498000000e-05 1.999862724563347e+14 0.000000000000000e+00 0.000000000000000e+00 2.565977630368454e-06 
4.228889822000001e-05 2.000420375312858e+14 0.000000000000000e+00 0.000000000000000e+00 -3.382517555144294e-07 
4.228895146000000e-05 2.000974230845212e+14 0.000000000000000e+00 0.000000000000000e+00 1.478196354114526e-06 
4.228900470000000e-05 2.001524325016366e+14 0.000000000000000e+00 0.000000000000000e+00 -3.129346081523464e-07 
4.228905793000000e-05 2.002070589037684e+14 0.000000000000000e+00 0.000000000000000e+00 -7.194643511911972e-07 
4.228911117000000e-05 2.002613261272632e+14 0.000000000000000e+00 0.000000000000000e+00 -4.819829392982095e-07 
4.228916441000001e-05 2.003152271510578e+14 0.000000000000000e+00 0.000000000000000e+00 -6.129599508120831e-07 
4.228921765000000e-05 2.003687652158111e+14 0.000000000000000e+00 0.000000000000000e+00 -4.710276249540112e-06 
4.228927089000000e-05 2.004219435271112e+14 0.000000000000000e+00 0.000000000000000e+00 -3.344485644744859e-06 
4.228932412000000e-05 2.004747553677058e+14 0.000000000000000e+00 0.000000000000000e+00 1.139470920246123e-06 
4.228937736000000e-05 2.005272237167509e+14 0.000000000000000e+00 0.000000000000000e+00 2.312864138090620e-06 
4.228943059999999e-05 2.005793417223373e+14 0.000000000000000e+00 0.000000000000000e+00 3.766674762126710e-07 
4.228948384000000e-05 2.006311124541317e+14 0.000000000000000e+00 0.000000000000000e+00 -1.366820060137733e-06 
4.228953707000000e-05 2.006825293215577e+14 0.000000000000000e+00 0.000000000000000e+00 4.180497184990829e-06 
4.228959031000001e-05 2.007336146471162e+14 0.000000000000000e+00 0.000000000000000e+00 -2.448216759603971e-06 
4.228964355000000e-05 2.007843617112799e+14 0.000000000000000e+00 0.000000000000000e+00 -1.989930074815294e-08 
4.228969679000000e-05 2.008347734544831e+14 0.000000000000000e+00 0.000000000000000e+00 1.640915365915036e-06 
4.228975002000000e-05 2.008848434105286e+14 0.000000000000000e+00 0.000000000000000e+00 2.865715840525754e-06 
4.228980326000000e-05 2.009345932698453e+14 0.000000000000000e+00 0.000000000000000e+00 5.862162782635588e-06 
4.228985649999999e-05 2.009840164426625e+14 0.000000000000000e+00 0.000000000000000e+00 4.501468324702502e-08 
4.228990974000000e-05 2.010331157465471e+14 0.000000000000000e+00 0.000000000000000e+00 1.255502804009130e-06 
4.228996298000000e-05 2.010818939692711e+14 0.000000000000000e+00 0.000000000000000e+00 2.447727981609881e-06 
4.229001621000001e-05 2.011303447967982e+14 0.000000000000000e+00 0.000000000000000e+00 3.166934066730780e-07 
4.229006945000000e-05 2.011784891623878e+14 0.000000000000000e+00 0.000000000000000e+00 3.286267591753842e-06 
4.229012269000000e-05 2.012263206347777e+14 0.000000000000000e+00 0.000000000000000e+00 1.171407110367319e-05 
4.229017593000000e-05 2.012738418863355e+14 0.000000000000000e+00 0.000000000000000e+00 -6.851533074669785e-07 
4.229022916000000e-05 2.013210467221234e+14 0.000000000000000e+00 0.000000000000000e+00 -1.995177061789906e-06 
4.229028239999999e-05 2.013679554946941e+14 0.000000000000000e+00 0.000000000000000e+00 9.218069217255912e-07 
4.229033564000000e-05 2.014145618966802e+14 0.000000000000000e+00 0.000000000000000e+00 6.549996498463404e-06 
4.229038888000000e-05 2.014608684906241e+14 0.000000000000000e+00 0.000000000000000e+00 4.418092253503417e-06 
4.229044211000001e-05 2.015068691983655e+14 0.000000000000000e+00 0.000000000000000e+00 -5.273692040473258e-06 
4.229049535000000e-05 2.015525838129012e+14 0.000000000000000e+00 0.000000000000000e+00 -2.269965735617938e-06 
4.229054859000000e-05 2.015980061482013e+14 0.000000000000000e+00 0.000000000000000e+00 1.054087716361191e-06 
4.229060183000000e-05 2.016431386622850e+14 0.000000000000000e+00 0.000000000000000e+00 1.590200093836069e-06 
4.229065507000000e-05 2.016879837878410e+14 0.000000000000000e+00 0.000000000000000e+00 7.832014097107714e-07 
4.229070829999999e-05 2.017325355894217e+14 0.000000000000000e+00 0.000000000000000e+00 2.949847125006222e-07 
4.229076154000000e-05 2.017768131889240e+14 0.000000000000000e+00 0.000000000000000e+00 -4.483719262230289e-06 
4.229081478000000e-05 2.018208105484652e+14 0.000000000000000e+00 0.000000000000000e+00 -1.043089795047275e-05 
4.229086802000000e-05 2.018645300023372e+14 0.000000000000000e+00 0.000000000000000e+00 -4.472581330148724e-06 
4.229092125000000e-05 2.019079657267817e+14 0.000000000000000e+00 0.000000000000000e+00 -7.219512824797196e-07 
4.229097449000000e-05 2.019511363283761e+14 0.000000000000000e+00 0.000000000000000e+00 5.109363565963830e-07 
4.229102773000000e-05 2.019940358849110e+14 0.000000000000000e+00 0.000000000000000e+00 -1.777408743468605e-06 
4.229108097000000e-05 2.020366666370594e+14 0.000000000000000e+00 0.000000000000000e+00 2.352246472045648e-06 
4.229113420000000e-05 2.020790228703918e+14 0.000000000000000e+00 0.000000000000000e+00 4.167507179866685e-07 
4.229118744000000e-05 2.021211226944658e+14 0.000000000000000e+00 0.000000000000000e+00 7.628027935499583e-06 
4.229124068000000e-05 2.021629603003640e+14 0.000000000000000e+00 0.000000000000000e+00 1.190460754196136e-06 
4.229129392000000e-05 2.022045378394318e+14 0.000000000000000e+00 0.000000000000000e+00 -2.476562136103192e-06 
4.229134716000000e-05 2.022458574413703e+14 0.000000000000000e+00 0.000000000000000e+00 8.425539284871483e-07 
4.229140039000000e-05 2.022869135253801e+14 0.000000000000000e+00 0.000000000000000e+00 1.686154279861345e-06 
4.229145363000000e-05 2.023277236041821e+14 0.000000000000000e+00 0.000000000000000e+00 1.167913926389405e-06 
4.229150687000000e-05 2.023682820071107e+14 0.000000000000000e+00 0.000000000000000e+00 -2.853533109884636e-06 
4.229156011000000e-05 2.024085907797075e+14 0.000000000000000e+00 0.000000000000000e+00 -3.126818420089912e-06 
4.229161334000000e-05 2.024486444456288e+14 0.000000000000000e+00 0.000000000000000e+00 9.633297412283865e-07 
4.229166658000000e-05 2.024884600588362e+14 0.000000000000000e+00 0.000000000000000e+00 -4.880978716426795e-06 
4.229171982000000e-05 2.025280320565376e+14 0.000000000000000e+00 0.000000000000000e+00 1.465349316241707e-07 
4.229177306000000e-05 2.025673624041020e+14 0.000000000000000e+00 0.000000000000000e+00 -6.598691376921522e-07 
4.229182630000001e-05 2.026064530474103e+14 0.000000000000000e+00 0.000000000000000e+00 -5.852307930570719e-07 
4.229187953000000e-05 2.026452986375956e+14 0.000000000000000e+00 0.000000000000000e+00 1.770485308431873e-06 
4.229193277000001e-05 2.026839156773718e+14 0.000000000000000e+00 0.000000000000000e+00 2.098582154479579e-06 
4.229198601000000e-05 2.027222987355847e+14 0.000000000000000e+00 0.000000000000000e+00 1.435605604536894e-06 
4.229203925000000e-05 2.027604496824808e+14 0.000000000000000e+00 0.000000000000000e+00 1.301239465986072e-06 
4.229209248000000e-05 2.027983632688428e+14 0.000000000000000e+00 0.000000000000000e+00 1.136795386344290e-06 
4.229214572000000e-05 2.028360555732841e+14 0.000000000000000e+00 0.000000000000000e+00 5.878651101183033e-07 
4.229219896000000e-05 2.028735212674427e+14 0.000000000000000e+00 0.000000000000000e+00 7.808800164719608e-07 
4.229225220000000e-05 2.029107621493404e+14 0.000000000000000e+00 0.000000000000000e+00 -1.845510130504834e-06 
4.229230543000000e-05 2.029477730673058e+14 0.000000000000000e+00 0.000000000000000e+00 4.549155322656238e-06 
4.229235867000001e-05 2.029845696902997e+14 0.000000000000000e+00 0.000000000000000e+00 -1.421695988056306e-07 
4.229241191000000e-05 2.030211467904350e+14 0.000000000000000e+00 0.000000000000000e+00 -7.007340044912053e-07 
4.229246515000000e-05 2.030575060968563e+14 0.000000000000000e+00 0.000000000000000e+00 5.978069523814836e-07 
4.229251838999999e-05 2.030936493219161e+14 0.000000000000000e+00 0.000000000000000e+00 3.122547073897469e-06 
4.229257162000000e-05 2.031295714330150e+14 0.000000000000000e+00 0.000000000000000e+00 2.189028848357173e-07 
4.229262486000000e-05 2.031652876062851e+14 0.000000000000000e+00 0.000000000000000e+00 -7.360163524024111e-07 
4.229267810000000e-05 2.032007927364648e+14 0.000000000000000e+00 0.000000000000000e+00 1.279918431255950e-06 
4.229273134000000e-05 2.032360884708588e+14 0.000000000000000e+00 0.000000000000000e+00 -1.384690687512974e-06 
4.229278457000001e-05 2.032711698698252e+14 0.000000000000000e+00 0.000000000000000e+00 1.255857091523133e-06 
4.229283781000000e-05 2.033060517300349e+14 0.000000000000000e+00 0.000000000000000e+00 2.719083334346338e-06 
4.229289105000000e-05 2.033407290419024e+14 0.000000000000000e+00 0.000000000000000e+00 -1.776067431768918e-06 
4.229294428999999e-05 2.033752033905556e+14 0.000000000000000e+00 0.000000000000000e+00 -1.700827117420313e-06 
4.229299752000000e-05 2.034094699273757e+14 0.000000000000000e+00 0.000000000000000e+00 -1.406339554073134e-06 
4.229305076000000e-05 2.034435430820953e+14 0.000000000000000e+00 0.000000000000000e+00 1.763390919004401e-06 
4.229310400000000e-05 2.034774179387170e+14 0.000000000000000e+00 0.000000000000000e+00 -2.132377962754872e-06 
4.229315724000000e-05 2.035110960229466e+14 0.000000000000000e+00 0.000000000000000e+00 6.306956930091328e-07 
4.229321048000000e-05 2.035445788460365e+14 0.000000000000000e+00 0.000000000000000e+00 -3.731343655590023e-06 
4.229326371000000e-05 2.035778616704452e+14 0.000000000000000e+00 0.000000000000000e+00 2.186404075479408e-06 
4.229331695000000e-05 2.036109584840914e+14 0.000000000000000e+00 0.000000000000000e+00 -4.940145683951923e-06 
4.229337019000000e-05 2.036438644850769e+14 0.000000000000000e+00 0.000000000000000e+00 5.635754530139410e-07 
4.229342343000000e-05 2.036765811285119e+14 0.000000000000000e+00 0.000000000000000e+00 -1.580604545531332e-06 
4.229347666000000e-05 2.037091037635388e+14 0.000000000000000e+00 0.000000000000000e+00 -1.171079645695464e-06 
4.229352990000000e-05 2.037414460375500e+14 0.000000000000000e+00 0.000000000000000e+00 7.696366485027402e-06 
4.229358314000000e-05 2.037736032376960e+14 0.000000000000000e+00 0.000000000000000e+00 7.253915574962288e-07 
4.229363638000000e-05 2.038055767653452e+14 0.000000000000000e+00 0.000000000000000e+00 1.770631563228230e-08 
4.229368961000000e-05 2.038373620545468e+14 0.000000000000000e+00 0.000000000000000e+00 7.933129867826270e-07 
4.229374285000000e-05 2.038689724231020e+14 0.000000000000000e+00 0.000000000000000e+00 -4.033350021511992e-06 
4.229379609000000e-05 2.039004032452300e+14 0.000000000000000e+00 0.000000000000000e+00 -3.506895734965972e-06 
4.229384933000000e-05 2.039316558709528e+14 0.000000000000000e+00 0.000000000000000e+00 -5.204801025136395e-07 
4.229390257000000e-05 2.039627316377448e+14 0.000000000000000e+00 0.000000000000000e+00 -2.575174746731294e-06 
4.229395580000000e-05 2.039936260831869e+14 0.000000000000000e+00 0.000000000000000e+00 3.247359582024320e-06 
4.229400904000000e-05 2.040243521278880e+14 0.000000000000000e+00 0.000000000000000e+00 -3.086753852857961e-06 
4.229406228000000e-05 2.040549052522702e+14 0.000000000000000e+00 0.000000000000000e+00 9.487481610448351e-08 
4.229411552000000e-05 2.040852867451927e+14 0.000000000000000e+00 0.000000000000000e+00 3.654766855108791e-06 
4.229416875000000e-05 2.041154922250783e+14 0.000000000000000e+00 0.000000000000000e+00 -7.393311691777123e-07 
4.229422199000000e-05 2.041455343060868e+14 0.000000000000000e+00 0.000000000000000e+00 1.234500227224939e-06 
4.229427523000000e-05 2.041754085515071e+14 0.000000000000000e+00 0.000000000000000e+00 -1.097754932097158e-06 
4.229432847000000e-05 2.042051162036177e+14 0.000000000000000e+00 0.000000000000000e+00 -2.402892981960603e-06 
4.229438170000000e-05 2.042346529599542e+14 0.000000000000000e+00 0.000000000000000e+00 -5.658919882503814e-06 
4.229443494000000e-05 2.042640311378875e+14 0.000000000000000e+00 0.000000000000000e+00 2.272862918892443e-06 
4.229448818000000e-05 2.042932463817185e+14 0.000000000000000e+00 0.000000000000000e+00 -2.928683783230313e-07 
4.229454142000000e-05 2.043222998891579e+14 0.000000000000000e+00 0.000000000000000e+00 1.032424121313372e-06 
4.229459466000001e-05 2.043511928470924e+14 0.000000000000000e+00 0.000000000000000e+00 -1.391177352170333e-06 
4.229464789000000e-05 2.043799210495453e+14 0.000000000000000e+00 0.000000000000000e+00 2.090452372638982e-06 
4.229470113000000e-05 2.044084964558665e+14 0.000000000000000e+00 0.000000000000000e+00 4.423022296477916e-06 
4.229475437000000e-05 2.044369148091355e+14 0.000000000000000e+00 0.000000000000000e+00 1.131296107218448e-06 
4.229480761000000e-05 2.044651772539970e+14 0.000000000000000e+00 0.000000000000000e+00 2.155122595906970e-06 
4.229486084000000e-05 2.044932796598262e+14 0.000000000000000e+00 0.000000000000000e+00 -1.525832874140759e-06 
4.229491408000000e-05 2.045212337094838e+14 0.000000000000000e+00 0.000000000000000e+00 -1.678682416856645e-06 
4.229496732000000e-05 2.045490352231674e+14 0.000000000000000e+00 0.000000000000000e+00 1.164624427710199e-06 
4.229502056000001e-05 2.045766853050316e+14 0.000000000000000e+00 0.000000000000000e+00 -1.032325454478939e-06 
4.229507380000000e-05 2.046041850493762e+14 0.000000000000000e+00 0.000000000000000e+00 8.428490566575543e-07 
4.229512703000000e-05 2.046315304175042e+14 0.000000000000000e+00 0.000000000000000e+00 1.923042462057162e-06 
4.229518027000000e-05 2.046587327585744e+14 0.000000000000000e+00 0.000000000000000e+00 2.447303625388128e-06 
4.229523351000000e-05 2.046857879867664e+14 0.000000000000000e+00 0.000000000000000e+00 4.268171320241423e-06 
4.229528674999999e-05 2.047126971580077e+14 0.000000000000000e+00 0.000000000000000e+00 2.035974485542147e-06 
4.229533998000000e-05 2.047394563053593e+14 0.000000000000000e+00 0.000000000000000e+00 -5.174647124940848e-07 
4.229539322000000e-05 2.047660765201480e+14 0.000000000000000e+00 0.000000000000000e+00 2.868120814537354e-06 
4.229544646000001e-05 2.047925537898931e+14 0.000000000000000e+00 0.000000000000000e+00 -3.417818891607708e-06 
4.229549970000000e-05 2.048188891337261e+14 0.000000000000000e+00 0.000000000000000e+00 -1.187329626989244e-06 
4.229555293000000e-05 2.048450786549215e+14 0.000000000000000e+00 0.000000000000000e+00 -7.931563005668620e-07 
4.229560617000000e-05 2.048711331947642e+14 0.000000000000000e+00 0.000000000000000e+00 -2.623363224871911e-06 
4.229565941000000e-05 2.048970488125057e+14 0.000000000000000e+00 0.000000000000000e+00 -1.181400556459787e-07 
4.229571264999999e-05 2.049228264920046e+14 0.000000000000000e+00 0.000000000000000e+00 3.294935561236607e-06 
4.229576589000000e-05 2.049484672085127e+14 0.000000000000000e+00 0.000000000000000e+00 -1.100095932241230e-06 
4.229581912000000e-05 2.049739671509502e+14 0.000000000000000e+00 0.000000000000000e+00 3.791106491733258e-06 
4.229587236000001e-05 2.049993368585587e+14 0.000000000000000e+00 0.000000000000000e+00 -7.589239537480246e-07 
4.229592560000000e-05 2.050245724780579e+14 0.000000000000000e+00 0.000000000000000e+00 2.820472485155450e-06 
4.229597884000000e-05 2.050496749512096e+14 0.000000000000000e+00 0.000000000000000e+00 3.636531031974052e-06 
4.229603207000000e-05 2.050746405338363e+14 0.000000000000000e+00 0.000000000000000e+00 2.287176223746887e-06 
4.229608531000000e-05 2.050994795315804e+14 0.000000000000000e+00 0.000000000000000e+00 1.761194328443307e-07 
4.229613854999999e-05 2.051241881594333e+14 0.000000000000000e+00 0.000000000000000e+00 1.531365199893980e-06 
4.229619179000000e-05 2.051487673270175e+14 0.000000000000000e+00 0.000000000000000e+00 -1.427757747930470e-06 
4.229624502000000e-05 2.051732133556001e+14 0.000000000000000e+00 0.000000000000000e+00 5.792911925587266e-08 
4.229629826000001e-05 2.051975363241341e+14 0.000000000000000e+00 0.000000000000000e+00 1.332390272291546e-06 
4.229635150000000e-05 2.052217325143889e+14 0.000000000000000e+00 0.000000000000000e+00 -2.094544162412208e-06 
4.229640474000000e-05 2.052458028051429e+14 0.000000000000000e+00 0.000000000000000e+00 2.243693448099211e-07 
4.229645798000000e-05 2.052697480676368e+14 0.000000000000000e+00 0.000000000000000e+00 1.964043842488310e-06 
4.229651121000000e-05 2.052935647029946e+14 0.000000000000000e+00 0.000000000000000e+00 5.234771017669553e-07 
4.229656444999999e-05 2.053172625160948e+14 0.000000000000000e+00 0.000000000000000e+00 9.307566693656105e-07 
4.229661769000000e-05 2.053408378701718e+14 0.000000000000000e+00 0.000000000000000e+00 -1.867892810939225e-07 
4.229667093000000e-05 2.053642916071444e+14 0.000000000000000e+00 0.000000000000000e+00 2.002739451740864e-06 
4.229672416000001e-05 2.053876201904940e+14 0.000000000000000e+00 0.000000000000000e+00 -6.738845338608678e-07 
4.229677740000000e-05 2.054108332129925e+14 0.000000000000000e+00 0.000000000000000e+00 1.123365633110223e-06 
4.229683064000000e-05 2.054339271014408e+14 0.000000000000000e+00 0.000000000000000e+00 -4.763553030511708e-07 
4.229688388000000e-05 2.054569026696142e+14 0.000000000000000e+00 0.000000000000000e+00 1.504468083363284e-06 
4.229693711000000e-05 2.054797564420105e+14 0.000000000000000e+00 0.000000000000000e+00 -7.727071290042455e-07 
4.229699034999999e-05 2.055024978054194e+14 0.000000000000000e+00 0.000000000000000e+00 -8.825774834575581e-07 
4.229704359000000e-05 2.055251232488260e+14 0.000000000000000e+00 0.000000000000000e+00 1.967033540510979e-06 
4.229709683000000e-05 2.055476335589612e+14 0.000000000000000e+00 0.000000000000000e+00 -4.069998622626711e-06 
4.229715007000000e-05 2.055700295159628e+14 0.000000000000000e+00 0.000000000000000e+00 -2.045694696321515e-06 
4.229720330000000e-05 2.055923077187915e+14 0.000000000000000e+00 0.000000000000000e+00 -1.156138881874683e-07 
4.229725654000000e-05 2.056144773050113e+14 0.000000000000000e+00 0.000000000000000e+00 3.878962808129125e-07 
4.229730978000000e-05 2.056365348394665e+14 0.000000000000000e+00 0.000000000000000e+00 6.441134589140867e-07 
4.229736302000000e-05 2.056584810765678e+14 0.000000000000000e+00 0.000000000000000e+00 2.106560646559765e-06 
4.229741625000000e-05 2.056803126734079e+14 0.000000000000000e+00 0.000000000000000e+00 -3.476663358307987e-07 
4.229746949000000e-05 2.057020385745592e+14 0.000000000000000e+00 0.000000000000000e+00 -1.545264813215834e-06 
4.229752273000000e-05 2.057236554040584e+14 0.000000000000000e+00 0.000000000000000e+00 2.267123092493635e-06 
4.229757597000000e-05 2.057451638915908e+14 0.000000000000000e+00 0.000000000000000e+00 3.420047291809880e-06 
4.229762920000000e-05 2.057665607511862e+14 0.000000000000000e+00 0.000000000000000e+00 1.873149274907531e-06 
4.229768244000000e-05 2.057878547398022e+14 0.000000000000000e+00 0.000000000000000e+00 2.722025101707922e-06 
4.229773568000000e-05 2.058090425394458e+14 0.000000000000000e+00 0.000000000000000e+00 3.694966889238618e-06 
4.229778892000000e-05 2.058301248560349e+14 0.000000000000000e+00 0.000000000000000e+00 -2.057057170884107e-07 
4.229784216000000e-05 2.058511023896724e+14 0.000000000000000e+00 0.000000000000000e+00 1.370698816135525e-08 
4.229789539000000e-05 2.058719719238562e+14 0.000000000000000e+00 0.000000000000000e+00 -7.468759643506496e-07 
4.229794863000000e-05 2.058927419884291e+14 0.000000000000000e+00 0.000000000000000e+00 -4.307202265593430e-07 
4.229800187000000e-05 2.059134093360648e+14 0.000000000000000e+00 0.000000000000000e+00 4.158933776489059e-07 
4.229805511000000e-05 2.059339746442543e+14 0.000000000000000e+00 0.000000000000000e+00 1.796643687853308e-06 
4.229810834000000e-05 2.059544347507267e+14 0.000000000000000e+00 0.000000000000000e+00 8.071435846253121e-07 
4.229816158000000e-05 2.059747980093095e+14 0.000000000000000e+00 0.000000000000000e+00 8.345536333065570e-08 
4.229821482000001e-05 2.059950612278669e+14 0.000000000000000e+00 0.000000000000000e+00 2.183740474576635e-06 
4.229826806000000e-05 2.060152250621122e+14 0.000000000000000e+00 0.000000000000000e+00 -9.911645493405214e-07 
4.229832130000000e-05 2.060352901624538e+14 0.000000000000000e+00 0.000000000000000e+00 -1.002607082903681e-06 
4.229837453000000e-05 2.060552534328379e+14 0.000000000000000e+00 0.000000000000000e+00 -8.473921193661186e-07 
4.229842777000000e-05 2.060751230138426e+14 0.000000000000000e+00 0.000000000000000e+00 3.593420847216510e-06 
4.229848101000000e-05 2.060948957806834e+14 0.000000000000000e+00 0.000000000000000e+00 2.316803851646112e-06 
4.229853425000000e-05 2.061145723630187e+14 0.000000000000000e+00 0.000000000000000e+00 3.410360740499837e-07 
4.229858748000000e-05 2.061341497165068e+14 0.000000000000000e+00 0.000000000000000e+00 -3.212340640035055e-06 
4.229864072000001e-05 2.061536358163969e+14 0.000000000000000e+00 0.000000000000000e+00 3.018489783512971e-08 
4.229869396000000e-05 2.061730275904725e+14 0.000000000000000e+00 0.000000000000000e+00 7.238455961869990e-07 
4.229874720000000e-05 2.061923256484378e+14 0.000000000000000e+00 0.000000000000000e+00 8.654562831044164e-07 
4.229880043000000e-05 2.062115269965902e+14 0.000000000000000e+00 0.000000000000000e+00 -4.297395964473461e-07 
4.229885367000000e-05 2.062306394493153e+14 0.000000000000000e+00 0.000000000000000e+00 1.857139422053979e-06 
4.229890691000000e-05 2.062496599858747e+14 0.000000000000000e+00 0.000000000000000e+00 1.225391248781795e-06 
4.229896015000000e-05 2.062685891967533e+14 0.000000000000000e+00 0.000000000000000e+00 1.915988171991029e-06 
4.229901339000000e-05 2.062874276677485e+14 0.000000000000000e+00 0.000000000000000e+00 -1.693349714164023e-06 
