4.223518138000001e-05 2.067296027491246e+14 0.000000000000000e+00 0.000000000000000e+00 1.857627307160007e-06 
4.223523461000000e-05 2.067113306797896e+14 0.000000000000000e+00 0.000000000000000e+00 1.788996387541627e-06 
4.223528785000001e-05 2.066929649161196e+14 0.000000000000000e+00 0.000000000000000e+00 -3.158206797487204e-07 
4.223534109000000e-05 2.066745082958538e+14 0.000000000000000e+00 0.000000000000000e+00 -8.952195742667164e-07 
4.223539433000000e-05 2.066559602276905e+14 0.000000000000000e+00 0.000000000000000e+00 9.606385857854836e-07 
4.223544756999999e-05 2.066373201155090e+14 0.000000000000000e+00 0.000000000000000e+00 1.999989497481537e-06 
4.223550080000000e-05 2.066185908855851e+14 0.000000000000000e+00 0.000000000000000e+00 1.402436750518425e-06 
4.223555404000000e-05 2.065997648949885e+14 0.000000000000000e+00 0.000000000000000e+00 -1.015493387687835e-07 
4.223560728000001e-05 2.065808450426341e+14 0.000000000000000e+00 0.000000000000000e+00 -1.971803407947261e-07 
4.223566052000000e-05 2.065618307125812e+14 0.000000000000000e+00 0.000000000000000e+00 2.175751698998038e-06 
4.223571375000001e-05 2.065427248820697e+14 0.000000000000000e+00 0.000000000000000e+00 2.186105126921220e-07 
4.223576699000000e-05 2.065235197464548e+14 0.000000000000000e+00 0.000000000000000e+00 9.719276242692305e-07 
4.223582023000000e-05 2.065042182547472e+14 0.000000000000000e+00 0.000000000000000e+00 -9.942260679095045e-07 
4.223587346999999e-05 2.064848197703836e+14 0.000000000000000e+00 0.000000000000000e+00 -1.121514284586753e-06 
4.223592670000000e-05 2.064653273226340e+14 0.000000000000000e+00 0.000000000000000e+00 -1.225645977394100e-06 
4.223597994000000e-05 2.064457329405635e+14 0.000000000000000e+00 0.000000000000000e+00 -5.181373135598904e-07 
4.223603318000001e-05 2.064260396243069e+14 0.000000000000000e+00 0.000000000000000e+00 2.189258245886695e-06 
4.223608642000000e-05 2.064062467158407e+14 0.000000000000000e+00 0.000000000000000e+00 4.723417648883544e-07 
4.223613966000000e-05 2.063863535516046e+14 0.000000000000000e+00 0.000000000000000e+00 -1.125922538690005e-06 
4.223619289000000e-05 2.063663632274879e+14 0.000000000000000e+00 0.000000000000000e+00 -9.998969065307635e-07 
4.223624613000000e-05 2.063462675579438e+14 0.000000000000000e+00 0.000000000000000e+00 -2.986932781638291e-07 
4.223629936999999e-05 2.063260696085320e+14 0.000000000000000e+00 0.000000000000000e+00 1.011497245404118e-06 
4.223635261000000e-05 2.063057686931194e+14 0.000000000000000e+00 0.000000000000000e+00 -2.774258859986930e-06 
4.223640584000000e-05 2.062853679621282e+14 0.000000000000000e+00 0.000000000000000e+00 2.185754595003242e-06 
4.223645908000001e-05 2.062648590527588e+14 0.000000000000000e+00 0.000000000000000e+00 8.119073335009985e-07 
4.223651232000000e-05 2.062442450841339e+14 0.000000000000000e+00 0.000000000000000e+00 2.110461770422415e-06 
4.223656556000000e-05 2.062235253465778e+14 0.000000000000000e+00 0.000000000000000e+00 7.244950679662631e-07 
4.223661880000000e-05 2.062026991243971e+14 0.000000000000000e+00 0.000000000000000e+00 1.048421620210638e-06 
4.223667203000000e-05 2.061817696377959e+14 0.000000000000000e+00 0.000000000000000e+00 2.428255481800990e-06 
4.223672527000000e-05 2.061607282951310e+14 0.000000000000000e+00 0.000000000000000e+00 2.536279116977678e-06 
4.223677851000000e-05 2.061395782840209e+14 0.000000000000000e+00 0.000000000000000e+00 3.919318255428223e-06 
4.223683175000000e-05 2.061183188639845e+14 0.000000000000000e+00 0.000000000000000e+00 -5.371283553861619e-06 
4.223688498000001e-05 2.060969533123894e+14 0.000000000000000e+00 0.000000000000000e+00 1.111423888321365e-06 
4.223693822000000e-05 2.060754728484565e+14 0.000000000000000e+00 0.000000000000000e+00 6.659796351582136e-07 
4.223699146000000e-05 2.060538807158689e+14 0.000000000000000e+00 0.000000000000000e+00 6.701432717934059e-07 
4.223704470000000e-05 2.060321761483162e+14 0.000000000000000e+00 0.000000000000000e+00 -1.334725722319310e-06 
4.223709793000000e-05 2.060103624815245e+14 0.000000000000000e+00 0.000000000000000e+00 -1.548824090658418e-06 
4.223715117000000e-05 2.059884307399655e+14 0.000000000000000e+00 0.000000000000000e+00 6.763291641028250e-07 
4.223720441000000e-05 2.059663842245609e+14 0.000000000000000e+00 0.000000000000000e+00 4.893691994638560e-07 
4.223725765000000e-05 2.059442221420417e+14 0.000000000000000e+00 0.000000000000000e+00 1.325711034004844e-06 
4.223731089000000e-05 2.059219436922249e+14 0.000000000000000e+00 0.000000000000000e+00 -6.311569670675733e-07 
4.223736412000000e-05 2.058995522855249e+14 0.000000000000000e+00 0.000000000000000e+00 8.896529657662800e-07 
4.223741736000000e-05 2.058770386947544e+14 0.000000000000000e+00 0.000000000000000e+00 2.833748990770987e-06 
4.223747060000000e-05 2.058544062940369e+14 0.000000000000000e+00 0.000000000000000e+00 4.505182795945642e-07 
4.223752384000001e-05 2.058316542547597e+14 0.000000000000000e+00 0.000000000000000e+00 8.115376646414661e-07 
4.223757707000000e-05 2.058087860485052e+14 0.000000000000000e+00 0.000000000000000e+00 1.679611703122108e-06 
4.223763031000000e-05 2.057857922398945e+14 0.000000000000000e+00 0.000000000000000e+00 1.449931425652917e-06 
4.223768355000000e-05 2.057626762629666e+14 0.000000000000000e+00 0.000000000000000e+00 1.257618081575182e-06 
4.223773679000000e-05 2.057394372594620e+14 0.000000000000000e+00 0.000000000000000e+00 1.547117679178344e-06 
4.223779002000000e-05 2.057160787633685e+14 0.000000000000000e+00 0.000000000000000e+00 7.098410761313845e-07 
4.223784326000000e-05 2.056925911248074e+14 0.000000000000000e+00 0.000000000000000e+00 3.621749332312629e-06 
4.223789650000000e-05 2.056689778389492e+14 0.000000000000000e+00 0.000000000000000e+00 1.246739191729205e-06 
4.223794974000001e-05 2.056452380165248e+14 0.000000000000000e+00 0.000000000000000e+00 1.175866027439309e-07 
4.223800298000000e-05 2.056213707603242e+14 0.000000000000000e+00 0.000000000000000e+00 1.638620680120646e-06 
4.223805621000000e-05 2.055973796842403e+14 0.000000000000000e+00 0.000000000000000e+00 1.394915401727143e-06 
4.223810945000000e-05 2.055732548608983e+14 0.000000000000000e+00 0.000000000000000e+00 -4.570244969464489e-06 
4.223816269000000e-05 2.055489998636524e+14 0.000000000000000e+00 0.000000000000000e+00 -2.059693960161956e-06 
4.223821593000000e-05 2.055246137625377e+14 0.000000000000000e+00 0.000000000000000e+00 9.352205256516414e-07 
4.223826916000000e-05 2.055001002368668e+14 0.000000000000000e+00 0.000000000000000e+00 8.762035555699559e-07 
4.223832240000000e-05 2.054754491295011e+14 0.000000000000000e+00 0.000000000000000e+00 1.649938251388000e-07 
4.223837564000001e-05 2.054506640777464e+14 0.000000000000000e+00 0.000000000000000e+00 -1.101469364655084e-06 
4.223842888000000e-05 2.054257441174406e+14 0.000000000000000e+00 0.000000000000000e+00 1.459069077590365e-06 
4.223848211000000e-05 2.054006929946388e+14 0.000000000000000e+00 0.000000000000000e+00 9.126878587728372e-07 
4.223853535000001e-05 2.053755003152281e+14 0.000000000000000e+00 0.000000000000000e+00 8.664225976091206e-07 
4.223858859000000e-05 2.053501697817736e+14 0.000000000000000e+00 0.000000000000000e+00 -1.792251718257934e-06 
4.223864183000000e-05 2.053247003943092e+14 0.000000000000000e+00 0.000000000000000e+00 1.500134903114138e-06 
4.223869507000000e-05 2.052990911436878e+14 0.000000000000000e+00 0.000000000000000e+00 5.937933802319733e-08 
4.223874830000000e-05 2.052733458613383e+14 0.000000000000000e+00 0.000000000000000e+00 8.786357443669197e-07 
4.223880154000001e-05 2.052474538463263e+14 0.000000000000000e+00 0.000000000000000e+00 -6.358497695343297e-07 
4.223885478000000e-05 2.052214188846135e+14 0.000000000000000e+00 0.000000000000000e+00 -1.119142027298646e-06 
4.223890802000000e-05 2.051952399291533e+14 0.000000000000000e+00 0.000000000000000e+00 -5.888379253846454e-07 
4.223896125000001e-05 2.051689208812586e+14 0.000000000000000e+00 0.000000000000000e+00 -6.407520661237305e-07 
4.223901449000000e-05 2.051424507856723e+14 0.000000000000000e+00 0.000000000000000e+00 -2.095701555207324e-06 
4.223906773000000e-05 2.051158334965402e+14 0.000000000000000e+00 0.000000000000000e+00 8.907382409618119e-07 
4.223912097000000e-05 2.050890679271602e+14 0.000000000000000e+00 0.000000000000000e+00 3.275504112376135e-06 
4.223917420000000e-05 2.050621580501531e+14 0.000000000000000e+00 0.000000000000000e+00 1.633787743381571e-06 
4.223922744000001e-05 2.050350926476637e+14 0.000000000000000e+00 0.000000000000000e+00 -1.216690306261204e-06 
4.223928068000000e-05 2.050078756433929e+14 0.000000000000000e+00 0.000000000000000e+00 -5.625110995447990e-06 
4.223933392000000e-05 2.049805059090848e+14 0.000000000000000e+00 0.000000000000000e+00 3.147905632727844e-06 
4.223938716000000e-05 2.049529823058287e+14 0.000000000000000e+00 0.000000000000000e+00 -3.799924155749654e-06 
4.223944039000000e-05 2.049253088973488e+14 0.000000000000000e+00 0.000000000000000e+00 2.417167168528553e-06 
4.223949363000000e-05 2.048974741254631e+14 0.000000000000000e+00 0.000000000000000e+00 1.673254764511393e-07 
4.223954687000000e-05 2.048694820026402e+14 0.000000000000000e+00 0.000000000000000e+00 -1.741165407838768e-06 
4.223960011000000e-05 2.048413313459055e+14 0.000000000000000e+00 0.000000000000000e+00 2.638179779168352e-06 
4.223965334000001e-05 2.048130262934969e+14 0.000000000000000e+00 0.000000000000000e+00 3.597458431160812e-06 
4.223970658000000e-05 2.047845550048069e+14 0.000000000000000e+00 0.000000000000000e+00 -6.170104846797104e-07 
4.223975982000000e-05 2.047559215648507e+14 0.000000000000000e+00 0.000000000000000e+00 2.354695425109380e-06 
4.223981306000000e-05 2.047271247444461e+14 0.000000000000000e+00 0.000000000000000e+00 -6.325932881579288e-07 
4.223986630000000e-05 2.046981633024814e+14 0.000000000000000e+00 0.000000000000000e+00 1.611954033519174e-06 
4.223991953000000e-05 2.046690414724203e+14 0.000000000000000e+00 0.000000000000000e+00 -2.646241283009093e-06 
4.223997277000000e-05 2.046397470472178e+14 0.000000000000000e+00 0.000000000000000e+00 1.535498994989545e-06 
4.224002601000000e-05 2.046102842045040e+14 0.000000000000000e+00 0.000000000000000e+00 2.709653157484145e-06 
4.224007925000000e-05 2.045806516540936e+14 0.000000000000000e+00 0.000000000000000e+00 3.905460178427160e-06 
4.224013248000000e-05 2.045508537072301e+14 0.000000000000000e+00 0.000000000000000e+00 -3.358229299610205e-07 
4.224018572000000e-05 2.045208778525494e+14 0.000000000000000e+00 0.000000000000000e+00 3.756564178656274e-06 
4.224023896000000e-05 2.044907283432857e+14 0.000000000000000e+00 0.000000000000000e+00 1.678170239115628e-06 
4.224029220000000e-05 2.044604038376636e+14 0.000000000000000e+00 0.000000000000000e+00 -2.419444432863416e-06 
4.224034543000000e-05 2.044299087262220e+14 0.000000000000000e+00 0.000000000000000e+00 6.372325615912415e-07 
4.224039867000000e-05 2.043992301827842e+14 0.000000000000000e+00 0.000000000000000e+00 -1.116973984213597e-08 
4.224045191000000e-05 2.043683725375362e+14 0.000000000000000e+00 0.000000000000000e+00 3.602259288047240e-06 
4.224050515000000e-05 2.043373343945167e+14 0.000000000000000e+00 0.000000000000000e+00 -1.353706619551767e-06 
4.224055839000000e-05 2.043061143437857e+14 0.000000000000000e+00 0.000000000000000e+00 3.770198917684029e-06 
4.224061162000000e-05 2.042747168770093e+14 0.000000000000000e+00 0.000000000000000e+00 -2.700363641043604e-06 
4.224066486000000e-05 2.042431287590762e+14 0.000000000000000e+00 0.000000000000000e+00 5.693321677947045e-07 
4.224071810000000e-05 2.042113544181975e+14 0.000000000000000e+00 0.000000000000000e+00 -6.120352405016387e-07 
4.224077134000001e-05 2.041793923867274e+14 0.000000000000000e+00 0.000000000000000e+00 1.187681014857937e-06 
4.224082457000000e-05 2.041472472388648e+14 0.000000000000000e+00 0.000000000000000e+00 -7.150385719801406e-06 
4.224087781000000e-05 2.041149053993385e+14 0.000000000000000e+00 0.000000000000000e+00 -2.362957287146568e-06 
4.224093105000000e-05 2.040823713762997e+14 0.000000000000000e+00 0.000000000000000e+00 2.287015327620292e-06 
4.224098429000000e-05 2.040496436412948e+14 0.000000000000000e+00 0.000000000000000e+00 5.504269509599515e-06 
4.224103752000000e-05 2.040167268524987e+14 0.000000000000000e+00 0.000000000000000e+00 5.461798512510362e-06 
4.224109076000000e-05 2.039836070823561e+14 0.000000000000000e+00 0.000000000000000e+00 -1.038374466829515e-06 
4.224114400000000e-05 2.039502889201933e+14 0.000000000000000e+00 0.000000000000000e+00 3.192614992749263e-06 
4.224119724000000e-05 2.039167707735353e+14 0.000000000000000e+00 0.000000000000000e+00 1.470629232040866e-06 
4.224125048000000e-05 2.038830510333537e+14 0.000000000000000e+00 0.000000000000000e+00 6.986394496892617e-07 
4.224130371000000e-05 2.038491344647464e+14 0.000000000000000e+00 0.000000000000000e+00 1.009601917056546e-06 
4.224135695000000e-05 2.038150066817811e+14 0.000000000000000e+00 0.000000000000000e+00 -2.712336346411955e-06 
4.224141019000000e-05 2.037806723770172e+14 0.000000000000000e+00 0.000000000000000e+00 1.348294089487676e-06 
4.224146343000001e-05 2.037461298729992e+14 0.000000000000000e+00 0.000000000000000e+00 1.031066048544544e-06 
4.224151666000000e-05 2.037113840218942e+14 0.000000000000000e+00 0.000000000000000e+00 -2.889980873310190e-06 
4.224156990000001e-05 2.036764200558844e+14 0.000000000000000e+00 0.000000000000000e+00 -1.274403965169628e-06 
4.224162314000000e-05 2.036412427514487e+14 0.000000000000000e+00 0.000000000000000e+00 6.891479503073025e-07 
4.224167638000000e-05 2.036058503588864e+14 0.000000000000000e+00 0.000000000000000e+00 6.021499663987370e-07 
4.224172961000000e-05 2.035702478187173e+14 0.000000000000000e+00 0.000000000000000e+00 -1.283973659691172e-06 
4.224178285000000e-05 2.035344199670412e+14 0.000000000000000e+00 0.000000000000000e+00 -1.040712232101951e-06 
4.224183609000000e-05 2.034983716653131e+14 0.000000000000000e+00 0.000000000000000e+00 -2.742381717241486e-06 
4.224188933000001e-05 2.034621010875135e+14 0.000000000000000e+00 0.000000000000000e+00 4.843349112833351e-06 
4.224194257000000e-05 2.034256063878765e+14 0.000000000000000e+00 0.000000000000000e+00 2.669872563401736e-06 
4.224199580000001e-05 2.033888926191015e+14 0.000000000000000e+00 0.000000000000000e+00 4.698753989761154e-06 
4.224204904000000e-05 2.033519441009712e+14 0.000000000000000e+00 0.000000000000000e+00 -1.014840645749963e-05 
4.224210228000000e-05 2.033147658026329e+14 0.000000000000000e+00 0.000000000000000e+00 3.574992530848389e-07 
4.224215551999999e-05 2.032773557964277e+14 0.000000000000000e+00 0.000000000000000e+00 3.109011181931617e-06 
4.224220875000000e-05 2.032397192260916e+14 0.000000000000000e+00 0.000000000000000e+00 5.972796728248561e-07 
4.224226199000000e-05 2.032018399804386e+14 0.000000000000000e+00 0.000000000000000e+00 4.655490437242552e-06 
4.224231523000001e-05 2.031637231157763e+14 0.000000000000000e+00 0.000000000000000e+00 -8.027259367188980e-08 
4.224236847000000e-05 2.031253666177366e+14 0.000000000000000e+00 0.000000000000000e+00 1.922709529863055e-06 
4.224242170000001e-05 2.030867757220955e+14 0.000000000000000e+00 0.000000000000000e+00 -1.972746865663734e-06 
4.224247494000000e-05 2.030479338698388e+14 0.000000000000000e+00 0.000000000000000e+00 5.568554863032185e-07 
4.224252818000000e-05 2.030088462051772e+14 0.000000000000000e+00 0.000000000000000e+00 1.669916773217693e-06 
4.224258142000000e-05 2.029695106217955e+14 0.000000000000000e+00 0.000000000000000e+00 6.756272788175970e-07 
4.224263466000000e-05 2.029299249894647e+14 0.000000000000000e+00 0.000000000000000e+00 8.176042015832701e-07 
4.224268789000000e-05 2.028900946603052e+14 0.000000000000000e+00 0.000000000000000e+00 4.539447106743251e-06 
4.224274113000001e-05 2.028500024902715e+14 0.000000000000000e+00 0.000000000000000e+00 -1.505996438826245e-06 
4.224279437000000e-05 2.028096537343471e+14 0.000000000000000e+00 0.000000000000000e+00 8.851711295016710e-07 
4.224284761000000e-05 2.027690461632006e+14 0.000000000000000e+00 0.000000000000000e+00 3.960549404668267e-06 
4.224290084000000e-05 2.027281852227474e+14 0.000000000000000e+00 0.000000000000000e+00 -4.996802251588428e-06 
4.224295408000000e-05 2.026870532795574e+14 0.000000000000000e+00 0.000000000000000e+00 -6.619912649910804e-07 
4.224300732000000e-05 2.026456556775995e+14 0.000000000000000e+00 0.000000000000000e+00 6.081357497936324e-06 
4.224306056000000e-05 2.026039900821530e+14 0.000000000000000e+00 0.000000000000000e+00 -6.287939560884870e-06 
4.224311380000000e-05 2.025620541311288e+14 0.000000000000000e+00 0.000000000000000e+00 6.531888371640371e-07 
4.224316703000001e-05 2.025198533883406e+14 0.000000000000000e+00 0.000000000000000e+00 2.265435812292601e-06 
4.224322027000000e-05 2.024773695799672e+14 0.000000000000000e+00 0.000000000000000e+00 -2.914183112200131e-06 
4.224327351000000e-05 2.024346081613498e+14 0.000000000000000e+00 0.000000000000000e+00 3.605827086372163e-06 
4.224332675000000e-05 2.023915666563398e+14 0.000000000000000e+00 0.000000000000000e+00 -4.096695664258440e-06 
4.224337998000000e-05 2.023482507232929e+14 0.000000000000000e+00 0.000000000000000e+00 -2.052113932751474e-06 
4.224343322000000e-05 2.023046415516197e+14 0.000000000000000e+00 0.000000000000000e+00 -7.624539732652970e-07 
4.224348646000000e-05 2.022607446855071e+14 0.000000000000000e+00 0.000000000000000e+00 -5.865989974867350e-06 
4.224353970000000e-05 2.022165575271537e+14 0.000000000000000e+00 0.000000000000000e+00 8.524425453555360e-07 
4.224359293000000e-05 2.021720858292808e+14 0.000000000000000e+00 0.000000000000000e+00 5.503292880836501e-07 
4.224364617000000e-05 2.021273102212871e+14 0.000000000000000e+00 0.000000000000000e+00 1.777110431755069e-07 
4.224369941000000e-05 2.020822363356480e+14 0.000000000000000e+00 0.000000000000000e+00 1.349332566553578e-06 
4.224375265000000e-05 2.020368614444449e+14 0.000000000000000e+00 0.000000000000000e+00 -4.624568256015109e-06 
4.224380589000001e-05 2.019911827858380e+14 0.000000000000000e+00 0.000000000000000e+00 -1.090905323556853e-05 
4.224385912000000e-05 2.019452062298312e+14 0.000000000000000e+00 0.000000000000000e+00 -1.706808622634904e-06 
4.224391236000000e-05 2.018989116707107e+14 0.000000000000000e+00 0.000000000000000e+00 3.736494646863698e-06 
4.224396560000000e-05 2.018523048497938e+14 0.000000000000000e+00 0.000000000000000e+00 -3.523907453880064e-06 
4.224401884000000e-05 2.018053828635402e+14 0.000000000000000e+00 0.000000000000000e+00 -1.690938252661000e-06 
4.224407207000000e-05 2.017581516744724e+14 0.000000000000000e+00 0.000000000000000e+00 2.125208708798302e-06 
4.224412531000000e-05 2.017105905587992e+14 0.000000000000000e+00 0.000000000000000e+00 7.982188468518469e-07 
4.224417855000000e-05 2.016627053429897e+14 0.000000000000000e+00 0.000000000000000e+00 1.442234103251108e-05 
4.224423179000001e-05 2.016144929713984e+14 0.000000000000000e+00 0.000000000000000e+00 1.441369783853709e-06 
4.224428502000000e-05 2.015659594975376e+14 0.000000000000000e+00 0.000000000000000e+00 -6.636523892575870e-06 
4.224433826000000e-05 2.015170835505331e+14 0.000000000000000e+00 0.000000000000000e+00 -7.291514912182445e-07 
4.224439150000001e-05 2.014678710398135e+14 0.000000000000000e+00 0.000000000000000e+00 8.689514430702281e-06 
4.224444474000000e-05 2.014183187460919e+14 0.000000000000000e+00 0.000000000000000e+00 3.102488994322263e-06 
4.224449798000000e-05 2.013684234072540e+14 0.000000000000000e+00 0.000000000000000e+00 3.609415518950666e-06 
4.224455121000000e-05 2.013181911871070e+14 0.000000000000000e+00 0.000000000000000e+00 1.631209544756045e-06 
4.224460445000000e-05 2.012675998622122e+14 0.000000000000000e+00 0.000000000000000e+00 -8.125266800675534e-06 
4.224465769000001e-05 2.012166554411054e+14 0.000000000000000e+00 0.000000000000000e+00 7.486400671331917e-06 
4.224471093000000e-05 2.011653544818689e+14 0.000000000000000e+00 0.000000000000000e+00 -2.121999162143235e-06 
4.224476416000000e-05 2.011137032328062e+14 0.000000000000000e+00 0.000000000000000e+00 2.356459206306915e-06 
4.224481740000001e-05 2.010616787504139e+14 0.000000000000000e+00 0.000000000000000e+00 2.352019324303437e-06 
4.224487064000000e-05 2.010092871178345e+14 0.000000000000000e+00 0.000000000000000e+00 4.891712530193222e-07 
4.224492388000000e-05 2.009565246986514e+14 0.000000000000000e+00 0.000000000000000e+00 -1.852908322398571e-06 
4.224497711000000e-05 2.009033978213329e+14 0.000000000000000e+00 0.000000000000000e+00 5.851171761254145e-06 
4.224503035000000e-05 2.008498827854810e+14 0.000000000000000e+00 0.000000000000000e+00 -3.271778127010322e-08 
4.224508359000001e-05 2.007959857434382e+14 0.000000000000000e+00 0.000000000000000e+00 2.089160745468379e-06 
4.224513683000000e-05 2.007417028478713e+14 0.000000000000000e+00 0.000000000000000e+00 -8.178543565356102e-06 
4.224519007000000e-05 2.006870301958454e+14 0.000000000000000e+00 0.000000000000000e+00 -4.970756195270652e-06 
4.224524330000001e-05 2.006319742079589e+14 0.000000000000000e+00 0.000000000000000e+00 -1.140356865897048e-05 
4.224529654000000e-05 2.005765101811869e+14 0.000000000000000e+00 0.000000000000000e+00 1.166335513591112e-06 
4.224534978000000e-05 2.005206443446160e+14 0.000000000000000e+00 0.000000000000000e+00 4.287368748199343e-06 
4.224540302000000e-05 2.004643725608778e+14 0.000000000000000e+00 0.000000000000000e+00 4.889255637826245e-06 
4.224545625000000e-05 2.004077013159964e+14 0.000000000000000e+00 0.000000000000000e+00 9.590076715011149e-06 
4.224550949000001e-05 2.003506050551312e+14 0.000000000000000e+00 0.000000000000000e+00 -1.510629185498894e-05 
4.224556273000000e-05 2.002930900589177e+14 0.000000000000000e+00 0.000000000000000e+00 -2.030400286487321e-06 
4.224561597000000e-05 2.002351519338860e+14 0.000000000000000e+00 0.000000000000000e+00 -2.598420218015692e-06 
4.224566920000001e-05 2.001767972220594e+14 0.000000000000000e+00 0.000000000000000e+00 -5.783607894232281e-07 
4.224572244000000e-05 2.001179994681866e+14 0.000000000000000e+00 0.000000000000000e+00 -2.063126290593769e-06 
4.224577568000000e-05 2.000587649932509e+14 0.000000000000000e+00 0.000000000000000e+00 1.046950549822644e-05 
4.224582892000000e-05 1.999990891231433e+14 0.000000000000000e+00 0.000000000000000e+00 -8.485563179575951e-06 
4.224588216000000e-05 1.999389671093652e+14 0.000000000000000e+00 0.000000000000000e+00 1.299292768147281e-06 
4.224593539000001e-05 1.998784055471493e+14 0.000000000000000e+00 0.000000000000000e+00 1.997878010264241e-06 
4.224598863000000e-05 1.998173767797394e+14 0.000000000000000e+00 0.000000000000000e+00 -5.999723384223252e-06 
4.224604187000000e-05 1.997558871590257e+14 0.000000000000000e+00 0.000000000000000e+00 -9.121441445280187e-06 
4.224609511000000e-05 1.996939316200315e+14 0.000000000000000e+00 0.000000000000000e+00 -3.023985780148823e-06 
4.224614834000000e-05 1.996315167836211e+14 0.000000000000000e+00 0.000000000000000e+00 1.096358249625186e-05 
4.224620157999999e-05 1.995686139641333e+14 0.000000000000000e+00 0.000000000000000e+00 -7.022835524941841e-06 
4.224625482000000e-05 1.995052295185185e+14 0.000000000000000e+00 0.000000000000000e+00 1.160306257962203e-05 
4.224630806000000e-05 1.994413580317718e+14 0.000000000000000e+00 0.000000000000000e+00 1.534907643111592e-05 
4.224636130000000e-05 1.993769939954962e+14 0.000000000000000e+00 0.000000000000000e+00 2.282930890645218e-06 
4.224641453000000e-05 1.993121440355148e+14 0.000000000000000e+00 0.000000000000000e+00 2.224632386587294e-06 
4.224646777000000e-05 1.992467780840214e+14 0.000000000000000e+00 0.000000000000000e+00 -1.301860171621167e-05 
4.224652101000000e-05 1.991809024730895e+14 0.000000000000000e+00 0.000000000000000e+00 -3.157580918606891e-06 
4.224657425000000e-05 1.991145112947025e+14 0.000000000000000e+00 0.000000000000000e+00 5.846613877619022e-06 
4.224662748000000e-05 1.990476111514306e+14 0.000000000000000e+00 0.000000000000000e+00 -9.421348244526394e-07 
4.224668072000000e-05 1.989801707829308e+14 0.000000000000000e+00 0.000000000000000e+00 -3.572906384858252e-07 
4.224673396000000e-05 1.989121964700068e+14 0.000000000000000e+00 0.000000000000000e+00 -5.444331035993301e-06 
4.224678720000000e-05 1.988436818579437e+14 0.000000000000000e+00 0.000000000000000e+00 4.097825532899949e-06 
4.224684043000000e-05 1.987746334954534e+14 0.000000000000000e+00 0.000000000000000e+00 -2.367846853778130e-06 
4.224689367000000e-05 1.987050188419265e+14 0.000000000000000e+00 0.000000000000000e+00 6.056987503403629e-06 
4.224694691000000e-05 1.986348440919008e+14 0.000000000000000e+00 0.000000000000000e+00 2.392702102434877e-06 
4.224700015000000e-05 1.985641023885212e+14 0.000000000000000e+00 0.000000000000000e+00 -4.024082477304929e-06 
4.224705339000000e-05 1.984927867396172e+14 0.000000000000000e+00 0.000000000000000e+00 -4.986456487549021e-07 
4.224710662000000e-05 1.984209035726962e+14 0.000000000000000e+00 0.000000000000000e+00 -6.637031491146522e-07 
4.224715986000000e-05 1.983484186045517e+14 0.000000000000000e+00 0.000000000000000e+00 -1.174059974106016e-06 
4.224721310000000e-05 1.982753378601798e+14 0.000000000000000e+00 0.000000000000000e+00 1.118735671875067e-05 
4.224726634000000e-05 1.982016537614938e+14 0.000000000000000e+00 0.000000000000000e+00 1.242222133612203e-05 
4.224731957000000e-05 1.981273725843872e+14 0.000000000000000e+00 0.000000000000000e+00 1.030738903526058e-05 
4.224737281000000e-05 1.980524585199265e+14 0.000000000000000e+00 0.000000000000000e+00 -1.081742868272678e-06 
4.224742605000001e-05 1.979769173949552e+14 0.000000000000000e+00 0.000000000000000e+00 -6.247155118188470e-06 
4.224747929000000e-05 1.979007409638960e+14 0.000000000000000e+00 0.000000000000000e+00 2.315550263910943e-05 
4.224753252000000e-05 1.978239352895838e+14 0.000000000000000e+00 0.000000000000000e+00 1.773812529785025e-05 
4.224758576000000e-05 1.977464629003137e+14 0.000000000000000e+00 0.000000000000000e+00 2.265637825780325e-05 
4.224763900000000e-05 1.976683293547036e+14 0.000000000000000e+00 0.000000000000000e+00 -8.896917772790678e-06 
4.224769224000000e-05 1.975895256413321e+14 0.000000000000000e+00 0.000000000000000e+00 -7.741497577615826e-06 
4.224774548000001e-05 1.975100425396932e+14 0.000000000000000e+00 0.000000000000000e+00 3.933893143450853e-06 
4.224779871000000e-05 1.974298857362627e+14 0.000000000000000e+00 0.000000000000000e+00 -7.545045047014796e-07 
4.224785195000001e-05 1.973490154528218e+14 0.000000000000000e+00 0.000000000000000e+00 3.317519632480251e-06 
4.224790519000000e-05 1.972674367868269e+14 0.000000000000000e+00 0.000000000000000e+00 1.003597085616525e-05 
4.224795843000000e-05 1.971851395992939e+14 0.000000000000000e+00 0.000000000000000e+00 7.865451680749747e-06 
4.224801166000000e-05 1.971021291627618e+14 0.000000000000000e+00 0.000000000000000e+00 -1.248328122967677e-05 
4.224806490000000e-05 1.970183636360275e+14 0.000000000000000e+00 0.000000000000000e+00 2.509847636128379e-07 
4.224811814000000e-05 1.969338476184813e+14 0.000000000000000e+00 0.000000000000000e+00 9.664035454546441e-06 
4.224817138000001e-05 1.968485698995993e+14 0.000000000000000e+00 0.000000000000000e+00 -2.699624879712345e-06 
4.224822461000000e-05 1.967625352092114e+14 0.000000000000000e+00 0.000000000000000e+00 -7.514072048687948e-06 
4.224827785000001e-05 1.966756994088294e+14 0.000000000000000e+00 0.000000000000000e+00 -1.321119966765069e-08 
4.224833109000000e-05 1.965880664523275e+14 0.000000000000000e+00 0.000000000000000e+00 -3.606249032656709e-06 
4.224838433000000e-05 1.964996238683951e+14 0.000000000000000e+00 0.000000000000000e+00 -8.372885212250276e-06 
4.224843756999999e-05 1.964103588358172e+14 0.000000000000000e+00 0.000000000000000e+00 -4.521214046809811e-06 
4.224849080000000e-05 1.963202751706409e+14 0.000000000000000e+00 0.000000000000000e+00 2.360513651080151e-05 
4.224854404000000e-05 1.962293254594890e+14 0.000000000000000e+00 0.000000000000000e+00 -1.069864286675917e-05 
4.224859728000001e-05 1.961375125790296e+14 0.000000000000000e+00 0.000000000000000e+00 2.895094571002495e-05 
4.224865052000000e-05 1.960448221436696e+14 0.000000000000000e+00 0.000000000000000e+00 -9.440876506621377e-06 
4.224870375000001e-05 1.959512569925888e+14 0.000000000000000e+00 0.000000000000000e+00 3.937488873963647e-06 
4.224875699000000e-05 1.958567666920963e+14 0.000000000000000e+00 0.000000000000000e+00 -1.149051524898614e-05 
4.224881023000000e-05 1.957613529741285e+14 0.000000000000000e+00 0.000000000000000e+00 -3.071850357198919e-07 
4.224886347000000e-05 1.956649995737309e+14 0.000000000000000e+00 0.000000000000000e+00 6.836604170591114e-06 
4.224891670000000e-05 1.955677080657920e+14 0.000000000000000e+00 0.000000000000000e+00 -4.243154430098516e-06 
4.224896994000000e-05 1.954694245491949e+14 0.000000000000000e+00 0.000000000000000e+00 -1.237993546565598e-05 
4.224902318000000e-05 1.953701492790999e+14 0.000000000000000e+00 0.000000000000000e+00 -1.958095162648471e-05 
4.224907642000000e-05 1.952698637097845e+14 0.000000000000000e+00 0.000000000000000e+00 2.218383607863233e-07 
4.224912966000000e-05 1.951685486499498e+14 0.000000000000000e+00 0.000000000000000e+00 3.407375457040877e-06 
4.224918289000000e-05 1.950662035549058e+14 0.000000000000000e+00 0.000000000000000e+00 3.211110447594328e-06 
4.224923613000000e-05 1.949627693860875e+14 0.000000000000000e+00 0.000000000000000e+00 6.572974869841512e-06 
4.224928937000000e-05 1.948582439276006e+14 0.000000000000000e+00 0.000000000000000e+00 -5.710598500569515e-06 
4.224934261000000e-05 1.947526050380695e+14 0.000000000000000e+00 0.000000000000000e+00 -3.757782482433559e-06 
4.224939584000000e-05 1.946458498974526e+14 0.000000000000000e+00 0.000000000000000e+00 7.480828588960502e-06 
4.224944908000000e-05 1.945379145244050e+14 0.000000000000000e+00 0.000000000000000e+00 1.520113052770317e-05 
4.224950232000000e-05 1.944287940508802e+14 0.000000000000000e+00 0.000000000000000e+00 -3.540072542977585e-05 
4.224955556000000e-05 1.943184626672845e+14 0.000000000000000e+00 0.000000000000000e+00 3.717283352461307e-06 
4.224960880000000e-05 1.942068934970237e+14 0.000000000000000e+00 0.000000000000000e+00 2.422799308678771e-05 
4.224966203000000e-05 1.940940798679311e+14 0.000000000000000e+00 0.000000000000000e+00 -3.994213722123526e-06 
4.224971527000000e-05 1.939799502188282e+14 0.000000000000000e+00 0.000000000000000e+00 -2.931143537767690e-05 
4.224976851000000e-05 1.938644951826031e+14 0.000000000000000e+00 0.000000000000000e+00 3.933921730335254e-06 
4.224982175000000e-05 1.937476827306386e+14 0.000000000000000e+00 0.000000000000000e+00 3.617894545717056e-05 
4.224987498000000e-05 1.936295024611954e+14 0.000000000000000e+00 0.000000000000000e+00 1.336901996088911e-05 
4.224992822000000e-05 1.935098750147291e+14 0.000000000000000e+00 0.000000000000000e+00 -1.691050930473621e-05 
4.224998146000000e-05 1.933887861099340e+14 0.000000000000000e+00 0.000000000000000e+00 -7.017519042637966e-07 
4.225003470000000e-05 1.932661976667666e+14 0.000000000000000e+00 0.000000000000000e+00 -2.203341760252502e-05 
4.225008793000000e-05 1.931420932213243e+14 0.000000000000000e+00 0.000000000000000e+00 4.859070395934446e-05 
4.225014117000000e-05 1.930163776650919e+14 0.000000000000000e+00 0.000000000000000e+00 3.130939175066430e-05 
4.225019441000000e-05 1.928890428458152e+14 0.000000000000000e+00 0.000000000000000e+00 5.312256481159127e-05 
4.225024765000000e-05 1.927600363530980e+14 0.000000000000000e+00 0.000000000000000e+00 4.802541370347704e-05 
4.225030089000000e-05 1.926293094925317e+14 0.000000000000000e+00 0.000000000000000e+00 1.566268267971963e-05 
4.225035412000000e-05 1.924968360269581e+14 0.000000000000000e+00 0.000000000000000e+00 -1.802132307968745e-07 
4.225040736000000e-05 1.923625121052483e+14 0.000000000000000e+00 0.000000000000000e+00 3.112406343093872e-05 
4.225046060000000e-05 1.922262891076868e+14 0.000000000000000e+00 0.000000000000000e+00 4.416514334409087e-06 
4.225051384000001e-05 1.920881379081858e+14 0.000000000000000e+00 0.000000000000000e+00 1.197216899016033e-06 
4.225056707000000e-05 1.919480061568113e+14 0.000000000000000e+00 0.000000000000000e+00 -6.854387470617070e-06 
4.225062031000000e-05 1.918057736410800e+14 0.000000000000000e+00 0.000000000000000e+00 -3.608225749250734e-05 
4.225067355000001e-05 1.916613948657382e+14 0.000000000000000e+00 0.000000000000000e+00 -8.628402028062785e-05 
4.225072679000000e-05 1.915147938108065e+14 0.000000000000000e+00 0.000000000000000e+00 8.037730791874819e-06 
4.225078002000000e-05 1.913659006136987e+14 0.000000000000000e+00 0.000000000000000e+00 2.483993898861381e-05 
4.225083326000000e-05 1.912146064624475e+14 0.000000000000000e+00 0.000000000000000e+00 6.341704315494138e-05 
4.225088650000000e-05 1.910608316776908e+14 0.000000000000000e+00 0.000000000000000e+00 -1.893094701075933e-05 
4.225093974000001e-05 1.909044786489990e+14 0.000000000000000e+00 0.000000000000000e+00 6.240347690366769e-05 
4.225099298000000e-05 1.907454431504593e+14 0.000000000000000e+00 0.000000000000000e+00 2.989902896011463e-05 
4.225104621000000e-05 1.905836319270142e+14 0.000000000000000e+00 0.000000000000000e+00 3.873362347885231e-06 
4.225109945000001e-05 1.904188886784623e+14 0.000000000000000e+00 0.000000000000000e+00 -5.957413718675509e-06 
4.225115269000000e-05 1.902511042103484e+14 0.000000000000000e+00 0.000000000000000e+00 -1.014300214571075e-05 
4.225120593000000e-05 1.900801411957870e+14 0.000000000000000e+00 0.000000000000000e+00 -1.354860049159517e-05 
4.225125916000000e-05 1.899058779895049e+14 0.000000000000000e+00 0.000000000000000e+00 3.043025605253545e-05 
4.225131240000000e-05 1.897281035687432e+14 0.000000000000000e+00 0.000000000000000e+00 -1.060380856362851e-04 
4.225136564000001e-05 1.895466725043463e+14 0.000000000000000e+00 0.000000000000000e+00 2.329857487234230e-05 
4.225141888000000e-05 1.893613996399306e+14 0.000000000000000e+00 0.000000000000000e+00 3.616112986864781e-05 
4.225147211000001e-05 1.891721169033113e+14 0.000000000000000e+00 0.000000000000000e+00 1.667425230371756e-05 
4.225152535000000e-05 1.889785432266889e+14 0.000000000000000e+00 0.000000000000000e+00 5.073351217103323e-06 
4.225157859000000e-05 1.887804748540616e+14 0.000000000000000e+00 0.000000000000000e+00 3.881109254999676e-05 
4.225163182999999e-05 1.885776557202971e+14 0.000000000000000e+00 0.000000000000000e+00 4.918145900807263e-05 
4.225168507000000e-05 1.883698048406042e+14 0.000000000000000e+00 0.000000000000000e+00 2.443911533536876e-05 
4.225173830000000e-05 1.881566612292393e+14 0.000000000000000e+00 0.000000000000000e+00 -3.049361616000711e-05 
4.225179154000001e-05 1.879378113880563e+14 0.000000000000000e+00 0.000000000000000e+00 1.088591934403053e-04 
4.225184478000000e-05 1.877129300406350e+14 0.000000000000000e+00 0.000000000000000e+00 -2.085025673232115e-05 
4.225189802000000e-05 1.874816168488074e+14 0.000000000000000e+00 0.000000000000000e+00 3.338777287945017e-05 
4.225195125000000e-05 1.872434768288818e+14 0.000000000000000e+00 0.000000000000000e+00 7.229864925982676e-05 
4.225200449000000e-05 1.869979351793869e+14 0.000000000000000e+00 0.000000000000000e+00 5.948100350188206e-05 
4.225205772999999e-05 1.867444996446299e+14 0.000000000000000e+00 0.000000000000000e+00 -4.051090217104695e-05 
4.225211097000000e-05 1.864825762159958e+14 0.000000000000000e+00 0.000000000000000e+00 6.087383021665734e-05 
4.225216420000000e-05 1.862115572205110e+14 0.000000000000000e+00 0.000000000000000e+00 -3.011518312147228e-05 
4.225221744000001e-05 1.859306068947810e+14 0.000000000000000e+00 0.000000000000000e+00 6.046597894544611e-05 
4.225227068000000e-05 1.856389560804871e+14 0.000000000000000e+00 0.000000000000000e+00 7.701801478926442e-06 
4.225232392000000e-05 1.853356880302100e+14 0.000000000000000e+00 0.000000000000000e+00 -1.723829571768821e-04 
4.225237716000000e-05 1.850197738676753e+14 0.000000000000000e+00 0.000000000000000e+00 -7.772147339088213e-05 
4.225243039000000e-05 1.846901186336218e+14 0.000000000000000e+00 0.000000000000000e+00 -9.319305799681675e-05 
4.225248362999999e-05 1.843452909089743e+14 0.000000000000000e+00 0.000000000000000e+00 1.089120954488617e-04 
4.225253687000000e-05 1.839838694180757e+14 0.000000000000000e+00 0.000000000000000e+00 -1.159224932407006e-04 
4.225259011000000e-05 1.836041694247149e+14 0.000000000000000e+00 0.000000000000000e+00 1.636899806104456e-04 
4.225264334000001e-05 1.832043455902784e+14 0.000000000000000e+00 0.000000000000000e+00 2.357395797167917e-04 
4.225269658000000e-05 1.827820457859446e+14 0.000000000000000e+00 0.000000000000000e+00 8.038237116066044e-05 
4.225274982000000e-05 1.823348087738943e+14 0.000000000000000e+00 0.000000000000000e+00 1.371546065079462e-04 
4.225280306000000e-05 1.818597108283558e+14 0.000000000000000e+00 0.000000000000000e+00 -4.709538895541760e-05 
4.225285630000000e-05 1.813533535190788e+14 0.000000000000000e+00 0.000000000000000e+00 1.773123840124434e-04 
4.225290953000000e-05 1.808118827930546e+14 0.000000000000000e+00 0.000000000000000e+00 -4.754897725721967e-05 
4.225296277000000e-05 1.802304243747072e+14 0.000000000000000e+00 0.000000000000000e+00 -1.852201083778647e-04 
4.225301601000000e-05 1.796036400506025e+14 0.000000000000000e+00 0.000000000000000e+00 1.881339287605203e-04 
4.225306925000000e-05 1.789249486829416e+14 0.000000000000000e+00 0.000000000000000e+00 7.592909491809291e-05 
4.225312248000000e-05 1.781868294122095e+14 0.000000000000000e+00 0.000000000000000e+00 -3.663786367815491e-05 
4.225317572000000e-05 1.773795568506144e+14 0.000000000000000e+00 0.000000000000000e+00 1.838320341316299e-04 
4.225322896000000e-05 1.764920245028603e+14 0.000000000000000e+00 0.000000000000000e+00 3.899602239227628e-04 
4.225328220000000e-05 1.755102587177635e+14 0.000000000000000e+00 0.000000000000000e+00 2.610513108278807e-04 
4.225333543000000e-05 1.744173688674048e+14 0.000000000000000e+00 0.000000000000000e+00 9.095299355963252e-05 
4.225338867000000e-05 1.731913213793288e+14 0.000000000000000e+00 0.000000000000000e+00 -1.227878888002219e-04 
4.225344191000000e-05 1.718048728712377e+14 0.000000000000000e+00 0.000000000000000e+00 1.042521695558937e-04 
4.225349515000000e-05 1.702222177863408e+14 0.000000000000000e+00 0.000000000000000e+00 1.023119948041296e-04 
4.225354839000000e-05 1.683953927606549e+14 0.000000000000000e+00 0.000000000000000e+00 3.103258937104795e-04 
4.225360162000000e-05 1.662581921774107e+14 0.000000000000000e+00 0.000000000000000e+00 -1.910308495775188e-04 
4.225365486000000e-05 1.637130700482534e+14 0.000000000000000e+00 0.000000000000000e+00 -1.069396133470908e-03 
4.225370810000001e-05 1.606136313865682e+14 0.000000000000000e+00 0.000000000000000e+00 4.962234763888036e-04 
4.225376134000000e-05 1.567305507769293e+14 0.000000000000000e+00 0.000000000000000e+00 -2.721331030264917e-04 
4.225381457000000e-05 1.517080894609465e+14 0.000000000000000e+00 0.000000000000000e+00 -1.453128939900220e-04 
4.225386781000000e-05 1.450217757760287e+14 0.000000000000000e+00 0.000000000000000e+00 -2.585141470959067e-04 
4.225392105000000e-05 1.360137331276285e+14 0.000000000000000e+00 0.000000000000000e+00 -9.561654992567607e-04 
4.225397429000000e-05 1.240914348200412e+14 0.000000000000000e+00 0.000000000000000e+00 3.784282875535675e-04 
4.225402752000000e-05 1.091410143544520e+14 0.000000000000000e+00 0.000000000000000e+00 -1.855916515759665e-03 
4.225408076000000e-05 9.189022792606878e+13 0.000000000000000e+00 0.000000000000000e+00 -7.360159472920872e-04 
4.225413400000001e-05 7.385878345040158e+13 0.000000000000000e+00 0.000000000000000e+00 -3.464880124530179e-05 
4.225418724000000e-05 5.685622491502570e+13 0.000000000000000e+00 0.000000000000000e+00 -6.446151895707347e-04 
4.225424048000000e-05 4.248311030947077e+13 0.000000000000000e+00 0.000000000000000e+00 3.007457884447323e-04 
4.225429371000000e-05 3.169881278276790e+13 0.000000000000000e+00 0.000000000000000e+00 8.165632097519592e-05 
4.225434695000000e-05 2.452465821803115e+13 0.000000000000000e+00 0.000000000000000e+00 -2.781852744889789e-05 
4.225440019000000e-05 2.024025524349378e+13 0.000000000000000e+00 0.000000000000000e+00 -1.461570977336693e-04 
4.225445343000000e-05 1.793350180243468e+13 0.000000000000000e+00 0.000000000000000e+00 5.523910737139340e-05 
4.225450666000000e-05 1.692239735878997e+13 0.000000000000000e+00 0.000000000000000e+00 1.183135409650567e-04 
4.225455990000001e-05 1.686987394383055e+13 0.000000000000000e+00 0.000000000000000e+00 4.564631717329200e-05 
4.225461314000000e-05 1.775864010205375e+13 0.000000000000000e+00 0.000000000000000e+00 3.635651897791196e-05 
4.225466638000000e-05 1.988731980448036e+13 0.000000000000000e+00 0.000000000000000e+00 6.519363485076369e-05 
4.225471961000001e-05 2.390052599636779e+13 0.000000000000000e+00 0.000000000000000e+00 -4.162094012020514e-05 
4.225477285000000e-05 3.070395587258646e+13 0.000000000000000e+00 0.000000000000000e+00 2.774866307253952e-04 
4.225482609000000e-05 4.107038545106159e+13 0.000000000000000e+00 0.000000000000000e+00 -2.971228351385977e-05 
4.225487933000000e-05 5.505499040481655e+13 0.000000000000000e+00 0.000000000000000e+00 3.749922814855213e-04 
4.225493257000000e-05 7.173040588581280e+13 0.000000000000000e+00 0.000000000000000e+00 -3.903100699025615e-04 
4.225498580000001e-05 8.945627402858155e+13 0.000000000000000e+00 0.000000000000000e+00 3.269383823896413e-04 
4.225503904000000e-05 1.063833751137529e+14 0.000000000000000e+00 0.000000000000000e+00 -8.484326483420776e-04 
4.225509228000000e-05 1.209656253272767e+14 0.000000000000000e+00 0.000000000000000e+00 1.712248452573339e-03 
4.225514552000000e-05 1.324597838519270e+14 0.000000000000000e+00 0.000000000000000e+00 7.182351419151079e-04 
4.225519875000000e-05 1.409844812365402e+14 0.000000000000000e+00 0.000000000000000e+00 2.262683298961308e-04 
4.225525199000000e-05 1.471484707334533e+14 0.000000000000000e+00 0.000000000000000e+00 2.848260505528758e-04 
4.225530523000000e-05 1.516238054096946e+14 0.000000000000000e+00 0.000000000000000e+00 -1.113305556092199e-04 
4.225535847000000e-05 1.549444765475726e+14 0.000000000000000e+00 0.000000000000000e+00 -2.026863208210721e-04 
4.225541170000001e-05 1.574732908317762e+14 0.000000000000000e+00 0.000000000000000e+00 1.055230036847672e-04 
4.225546494000000e-05 1.594433816700659e+14 0.000000000000000e+00 0.000000000000000e+00 -5.759177453651029e-04 
4.225551818000000e-05 1.610018756118565e+14 0.000000000000000e+00 0.000000000000000e+00 -2.943791304676537e-04 
4.225557142000000e-05 1.622453490524100e+14 0.000000000000000e+00 0.000000000000000e+00 -3.411784500624005e-04 
4.225562466000000e-05 1.632396784763236e+14 0.000000000000000e+00 0.000000000000000e+00 4.684035462219862e-04 
4.225567789000000e-05 1.640315087283438e+14 0.000000000000000e+00 0.000000000000000e+00 -1.574453718919696e-04 
4.225573113000000e-05 1.646554292703221e+14 0.000000000000000e+00 0.000000000000000e+00 3.336482019536503e-04 
4.225578437000000e-05 1.651368147824841e+14 0.000000000000000e+00 0.000000000000000e+00 -1.569663000364904e-04 
4.225583761000000e-05 1.654949981292376e+14 0.000000000000000e+00 0.000000000000000e+00 -4.549511511762908e-05 
4.225589084000000e-05 1.657441899350052e+14 0.000000000000000e+00 0.000000000000000e+00 2.500104796248535e-04 
4.225594408000000e-05 1.658949130084562e+14 0.000000000000000e+00 0.000000000000000e+00 1.037330920152370e-04 
4.225599732000000e-05 1.659538456949187e+14 0.000000000000000e+00 0.000000000000000e+00 1.819145972886762e-04 
4.225605056000000e-05 1.659245883789148e+14 0.000000000000000e+00 0.000000000000000e+00 -3.696014479883574e-05 
4.225610380000000e-05 1.658070686207150e+14 0.000000000000000e+00 0.000000000000000e+00 1.709769437321241e-04 
4.225615703000000e-05 1.655972498859166e+14 0.000000000000000e+00 0.000000000000000e+00 -6.509761836139840e-06 
4.225621027000000e-05 1.652851548635146e+14 0.000000000000000e+00 0.000000000000000e+00 1.584232552987968e-04 
4.225626351000000e-05 1.648527245356972e+14 0.000000000000000e+00 0.000000000000000e+00 1.091225473681501e-04 
4.225631675000000e-05 1.642683938096042e+14 0.000000000000000e+00 0.000000000000000e+00 -1.227419011481326e-04 
4.225636998000000e-05 1.634782048618719e+14 0.000000000000000e+00 0.000000000000000e+00 -2.337627891525761e-05 
4.225642322000000e-05 1.623894992377029e+14 0.000000000000000e+00 0.000000000000000e+00 -1.083083510849462e-04 
4.225647646000000e-05 1.608468020869451e+14 0.000000000000000e+00 0.000000000000000e+00 -7.523117201516594e-05 
4.225652970000001e-05 1.585962606999241e+14 0.000000000000000e+00 0.000000000000000e+00 3.076294042970367e-05 
4.225658293000000e-05 1.552480990111725e+14 0.000000000000000e+00 0.000000000000000e+00 -2.313149615502550e-05 
4.225663617000000e-05 1.502582400467100e+14 0.000000000000000e+00 0.000000000000000e+00 1.284023439679537e-04 
4.225668941000000e-05 1.429903770026317e+14 0.000000000000000e+00 0.000000000000000e+00 7.605790541925837e-05 
4.225674265000000e-05 1.329181068357304e+14 0.000000000000000e+00 0.000000000000000e+00 1.675466207368838e-05 
4.225679589000001e-05 1.199929029961805e+14 0.000000000000000e+00 0.000000000000000e+00 -3.477962920712050e-05 
4.225684912000000e-05 1.050255489982596e+14 0.000000000000000e+00 0.000000000000000e+00 -3.182046546858627e-05 
4.225690236000000e-05 8.971072012303764e+13 0.000000000000000e+00 0.000000000000000e+00 1.899951343728748e-05 
4.225695560000000e-05 7.607755862812470e+13 0.000000000000000e+00 0.000000000000000e+00 -2.190128343286034e-06 
4.225700884000000e-05 6.562773249476041e+13 0.000000000000000e+00 0.000000000000000e+00 4.442379936090091e-06 
4.225706207000000e-05 5.892934548695581e+13 0.000000000000000e+00 0.000000000000000e+00 4.984557655382027e-07 
4.225711531000000e-05 5.589371759252969e+13 0.000000000000000e+00 0.000000000000000e+00 1.149626620140876e-06 
4.225716855000000e-05 5.633142585106838e+13 0.000000000000000e+00 0.000000000000000e+00 -1.052676928403034e-06 
4.225722179000001e-05 6.026765137263095e+13 0.000000000000000e+00 0.000000000000000e+00 -7.776125959046556e-07 
4.225727502000000e-05 6.788510718029607e+13 0.000000000000000e+00 0.000000000000000e+00 2.566049223606582e-06 
4.225732826000000e-05 7.911146430664498e+13 0.000000000000000e+00 0.000000000000000e+00 6.971433680628393e-07 
4.225738150000000e-05 9.307460493876847e+13 0.000000000000000e+00 0.000000000000000e+00 -3.681718988017589e-06 
4.225743474000000e-05 1.080134867947347e+14 0.000000000000000e+00 0.000000000000000e+00 -2.462894223349544e-06 
4.225748797999999e-05 1.218991433524780e+14 0.000000000000000e+00 0.000000000000000e+00 2.969432136062664e-05 
4.225754121000000e-05 1.332887067777687e+14 0.000000000000000e+00 0.000000000000000e+00 5.985180207554493e-06 
4.225759445000000e-05 1.417130162930482e+14 0.000000000000000e+00 0.000000000000000e+00 2.329660161063052e-05 
4.225764769000001e-05 1.474567990433613e+14 0.000000000000000e+00 0.000000000000000e+00 2.475771232146484e-05 
4.225770093000000e-05 1.511449247881906e+14 0.000000000000000e+00 0.000000000000000e+00 1.779699768018458e-05 
4.225775416000001e-05 1.534123975062716e+14 0.000000000000000e+00 0.000000000000000e+00 -2.947108178960289e-05 
4.225780740000000e-05 1.547585513764438e+14 0.000000000000000e+00 0.000000000000000e+00 1.057118654477468e-05 
4.225786064000000e-05 1.555235797131039e+14 0.000000000000000e+00 0.000000000000000e+00 -2.598852622861746e-06 
4.225791387999999e-05 1.559219182157346e+14 0.000000000000000e+00 0.000000000000000e+00 -4.230964947658299e-05 
4.225796711000000e-05 1.560827066556369e+14 0.000000000000000e+00 0.000000000000000e+00 -1.489516658293359e-05 
4.225802035000000e-05 1.560824833040381e+14 0.000000000000000e+00 0.000000000000000e+00 1.567741569129172e-05 
4.225807359000001e-05 1.559667092810971e+14 0.000000000000000e+00 0.000000000000000e+00 7.943380740387923e-06 
4.225812683000000e-05 1.557629597227942e+14 0.000000000000000e+00 0.000000000000000e+00 1.473521476281095e-05 
4.225818007000000e-05 1.554883025117786e+14 0.000000000000000e+00 0.000000000000000e+00 1.603567939950067e-06 
4.225823330000000e-05 1.551534672154044e+14 0.000000000000000e+00 0.000000000000000e+00 2.044658754924253e-05 
4.225828654000000e-05 1.547646576073714e+14 0.000000000000000e+00 0.000000000000000e+00 4.973134846296315e-05 
4.225833977999999e-05 1.543252524141229e+14 0.000000000000000e+00 0.000000000000000e+00 1.865227411760876e-05 
4.225839302000000e-05 1.538360007017330e+14 0.000000000000000e+00 0.000000000000000e+00 7.755058323200483e-06 
4.225844625000000e-05 1.532954494165600e+14 0.000000000000000e+00 0.000000000000000e+00 1.095752986995869e-05 
4.225849949000001e-05 1.526991926939849e+14 0.000000000000000e+00 0.000000000000000e+00 1.192029480110827e-05 
4.225855273000000e-05 1.520397400554779e+14 0.000000000000000e+00 0.000000000000000e+00 1.319306382448313e-05 
4.225860597000000e-05 1.513044896561931e+14 0.000000000000000e+00 0.000000000000000e+00 -1.000205807768793e-05 
4.225865920000000e-05 1.504723849903981e+14 0.000000000000000e+00 0.000000000000000e+00 7.667430429378385e-06 
4.225871244000000e-05 1.495057976657911e+14 0.000000000000000e+00 0.000000000000000e+00 7.573566354757551e-06 
4.225876568000000e-05 1.483356923756011e+14 0.000000000000000e+00 0.000000000000000e+00 1.359713245948622e-05 
4.225881892000000e-05 1.468293625892422e+14 0.000000000000000e+00 0.000000000000000e+00 -1.538160351338692e-05 
4.225887216000000e-05 1.447322591780865e+14 0.000000000000000e+00 0.000000000000000e+00 7.851947514878742e-06 
4.225892539000001e-05 1.415779852412638e+14 0.000000000000000e+00 0.000000000000000e+00 -9.168260402438262e-07 
4.225897863000000e-05 1.365906038576350e+14 0.000000000000000e+00 0.000000000000000e+00 9.686742459054435e-06 
4.225903187000000e-05 1.287062663919567e+14 0.000000000000000e+00 0.000000000000000e+00 -6.658271409486285e-08 
4.225908511000000e-05 1.169257760435122e+14 0.000000000000000e+00 0.000000000000000e+00 1.327431925770767e-06 
4.225913834000000e-05 1.011045797065412e+14 0.000000000000000e+00 0.000000000000000e+00 9.867211584391257e-07 
4.225919158000000e-05 8.266101993753411e+13 0.000000000000000e+00 0.000000000000000e+00 1.057090889238204e-06 
4.225924482000000e-05 6.434111528741461e+13 0.000000000000000e+00 0.000000000000000e+00 -1.055380377734693e-06 
4.225929806000000e-05 4.886792399948093e+13 0.000000000000000e+00 0.000000000000000e+00 -2.715290273548358e-07 
4.225935130000000e-05 3.762716923813931e+13 0.000000000000000e+00 0.000000000000000e+00 -3.156969289583772e-08 
4.225940453000000e-05 3.044939826506036e+13 0.000000000000000e+00 0.000000000000000e+00 3.633909804985307e-08 
4.225945777000000e-05 2.636877199872105e+13 0.000000000000000e+00 0.000000000000000e+00 2.155881607854358e-08 
4.225951101000000e-05 2.443845053811172e+13 0.000000000000000e+00 0.000000000000000e+00 -1.771171659486251e-09 
4.225956425000001e-05 2.410192923286929e+13 0.000000000000000e+00 0.000000000000000e+00 -1.438537579575892e-08 
4.225961748000000e-05 2.525723698295736e+13 0.000000000000000e+00 0.000000000000000e+00 3.792320511716998e-08 
4.225967072000000e-05 2.825465995413276e+13 0.000000000000000e+00 0.000000000000000e+00 2.956730216371283e-08 
4.225972396000000e-05 3.388680955963004e+13 0.000000000000000e+00 0.000000000000000e+00 1.800430407900763e-08 
4.225977720000000e-05 4.316715324044097e+13 0.000000000000000e+00 0.000000000000000e+00 -1.823992233279586e-07 
4.225983043000000e-05 5.664525181667818e+13 0.000000000000000e+00 0.000000000000000e+00 2.326458701968882e-07 
4.225988367000000e-05 7.345855040311956e+13 0.000000000000000e+00 0.000000000000000e+00 1.716628745015416e-06 
4.225993691000000e-05 9.109772312018861e+13 0.000000000000000e+00 0.000000000000000e+00 2.330404600451080e-06 
4.225999015000001e-05 1.065835283246986e+14 0.000000000000000e+00 0.000000000000000e+00 6.000099153054821e-07 
4.226004339000000e-05 1.180723122602511e+14 0.000000000000000e+00 0.000000000000000e+00 6.038296804318767e-06 
4.226009662000000e-05 1.254350062789916e+14 0.000000000000000e+00 0.000000000000000e+00 1.453810970088145e-06 
4.226014986000000e-05 1.296302786307699e+14 0.000000000000000e+00 0.000000000000000e+00 -5.253640119956236e-06 
4.226020310000000e-05 1.318016315915095e+14 0.000000000000000e+00 0.000000000000000e+00 -7.816984051591943e-06 
4.226025634000000e-05 1.328148075700004e+14 0.000000000000000e+00 0.000000000000000e+00 -3.245994585691716e-06 
4.226030957000000e-05 1.331959387747415e+14 0.000000000000000e+00 0.000000000000000e+00 8.079865442375431e-06 
4.226036281000000e-05 1.332296074495111e+14 0.000000000000000e+00 0.000000000000000e+00 4.491377350136651e-06 
4.226041605000001e-05 1.330616507626647e+14 0.000000000000000e+00 0.000000000000000e+00 -3.361929917906675e-06 
4.226046929000000e-05 1.327668712339323e+14 0.000000000000000e+00 0.000000000000000e+00 5.063824234887902e-06 
4.226052252000000e-05 1.323853615796883e+14 0.000000000000000e+00 0.000000000000000e+00 3.384630850145920e-06 
4.226057576000001e-05 1.319400009023727e+14 0.000000000000000e+00 0.000000000000000e+00 1.523554350235214e-06 
4.226062900000000e-05 1.314452512881965e+14 0.000000000000000e+00 0.000000000000000e+00 -1.303133980519822e-06 
4.226068224000000e-05 1.309108013884932e+14 0.000000000000000e+00 0.000000000000000e+00 1.331861885785069e-05 
4.226073548000000e-05 1.303435406608941e+14 0.000000000000000e+00 0.000000000000000e+00 -2.536288553072970e-06 
4.226078871000000e-05 1.297486984483099e+14 0.000000000000000e+00 0.000000000000000e+00 -3.963121733600131e-06 
4.226084195000001e-05 1.291299400853890e+14 0.000000000000000e+00 0.000000000000000e+00 -1.353081822777508e-06 
4.226089519000000e-05 1.284903955758655e+14 0.000000000000000e+00 0.000000000000000e+00 3.687112246066899e-06 
4.226094843000000e-05 1.278324767568618e+14 0.000000000000000e+00 0.000000000000000e+00 4.508242687471596e-06 
4.226100166000001e-05 1.271582268123931e+14 0.000000000000000e+00 0.000000000000000e+00 1.122165132629121e-06 
4.226105490000000e-05 1.264689721068659e+14 0.000000000000000e+00 0.000000000000000e+00 2.797134428240710e-07 
4.226110814000000e-05 1.257661229534027e+14 0.000000000000000e+00 0.000000000000000e+00 6.083244815229910e-07 
4.226116138000000e-05 1.250507617634398e+14 0.000000000000000e+00 0.000000000000000e+00 1.105590411320064e-06 
4.226121461000000e-05 1.243239329462525e+14 0.000000000000000e+00 0.000000000000000e+00 2.714733219912138e-06 
4.226126785000001e-05 1.235861357191062e+14 0.000000000000000e+00 0.000000000000000e+00 4.185118016539568e-06 
4.226132109000000e-05 1.228381713874574e+14 0.000000000000000e+00 0.000000000000000e+00 -7.542126853483372e-07 
4.226137433000000e-05 1.220806183263431e+14 0.000000000000000e+00 0.000000000000000e+00 1.314468330653815e-06 
4.226142757000000e-05 1.213139853578048e+14 0.000000000000000e+00 0.000000000000000e+00 -4.111729390783620e-07 
4.226148080000000e-05 1.205388704720506e+14 0.000000000000000e+00 0.000000000000000e+00 -6.295086137730206e-07 
4.226153404000000e-05 1.197553878349632e+14 0.000000000000000e+00 0.000000000000000e+00 -1.353264559044756e-06 
4.226158728000000e-05 1.189640494145401e+14 0.000000000000000e+00 0.000000000000000e+00 3.906580992376208e-06 
4.226164052000000e-05 1.181651919662173e+14 0.000000000000000e+00 0.000000000000000e+00 2.766760437243371e-06 
4.226169375000001e-05 1.173592786461598e+14 0.000000000000000e+00 0.000000000000000e+00 1.580607135865063e-06 
4.226174699000000e-05 1.165462971981450e+14 0.000000000000000e+00 0.000000000000000e+00 -1.701252522610574e-06 
4.226180023000000e-05 1.157266717718169e+14 0.000000000000000e+00 0.000000000000000e+00 -1.824995794609138e-06 
4.226185347000000e-05 1.149006618962580e+14 0.000000000000000e+00 0.000000000000000e+00 -1.736766380640178e-06 
4.226190670000000e-05 1.140686725696115e+14 0.000000000000000e+00 0.000000000000000e+00 1.387102405992780e-06 
4.226195994000000e-05 1.132306299185910e+14 0.000000000000000e+00 0.000000000000000e+00 6.374189562527045e-07 
4.226201318000000e-05 1.123869206694749e+14 0.000000000000000e+00 0.000000000000000e+00 6.603956018330901e-07 
4.226206642000000e-05 1.115377696129107e+14 0.000000000000000e+00 0.000000000000000e+00 4.517327146161399e-08 
4.226211966000000e-05 1.106833958625621e+14 0.000000000000000e+00 0.000000000000000e+00 -1.706630911236703e-06 
4.226217289000000e-05 1.098241760398622e+14 0.000000000000000e+00 0.000000000000000e+00 2.304645816362941e-06 
4.226222613000000e-05 1.089599976087256e+14 0.000000000000000e+00 0.000000000000000e+00 -2.278681218758469e-06 
4.226227937000000e-05 1.080912280013107e+14 0.000000000000000e+00 0.000000000000000e+00 -6.347815777387091e-07 
4.226233261000000e-05 1.072180697503951e+14 0.000000000000000e+00 0.000000000000000e+00 -1.141300156671221e-06 
4.226238583999999e-05 1.063408866177127e+14 0.000000000000000e+00 0.000000000000000e+00 -9.228934902110478e-07 
4.226243908000000e-05 1.054595426147662e+14 0.000000000000000e+00 0.000000000000000e+00 3.644665969695772e-06 
4.226249232000000e-05 1.045743829789502e+14 0.000000000000000e+00 0.000000000000000e+00 4.201483042616044e-07 
4.226254556000000e-05 1.036856056826667e+14 0.000000000000000e+00 0.000000000000000e+00 1.238408454325110e-06 
4.226259880000000e-05 1.027933772363399e+14 0.000000000000000e+00 0.000000000000000e+00 1.057372275673865e-06 
4.226265203000000e-05 1.018980312140322e+14 0.000000000000000e+00 0.000000000000000e+00 2.197529581179079e-06 
4.226270527000000e-05 1.009993839096094e+14 0.000000000000000e+00 0.000000000000000e+00 -7.388199726334189e-07 
4.226275851000000e-05 1.000977410780899e+14 0.000000000000000e+00 0.000000000000000e+00 6.296020690211729e-07 
4.226281175000000e-05 9.919315934365616e+13 0.000000000000000e+00 0.000000000000000e+00 -4.324205978703146e-07 
4.226286498000000e-05 9.828603253381911e+13 0.000000000000000e+00 0.000000000000000e+00 -1.252789144133636e-07 
4.226291822000000e-05 9.737602194443827e+13 0.000000000000000e+00 0.000000000000000e+00 -1.111014052252696e-07 
4.226297146000000e-05 9.646332218041395e+13 0.000000000000000e+00 0.000000000000000e+00 6.155645567158462e-07 
4.226302470000000e-05 9.554791205682556e+13 0.000000000000000e+00 0.000000000000000e+00 4.058645379307480e-07 
4.226307793000000e-05 9.462986949603072e+13 0.000000000000000e+00 0.000000000000000e+00 2.062383130036027e-07 
4.226313117000000e-05 9.370850397692858e+13 0.000000000000000e+00 0.000000000000000e+00 3.517015135514973e-07 
4.226318441000000e-05 9.278400600478483e+13 0.000000000000000e+00 0.000000000000000e+00 -5.751514938706664e-07 
4.226323765000000e-05 9.185571572989712e+13 0.000000000000000e+00 0.000000000000000e+00 -8.375639622156373e-09 
4.226329089000000e-05 9.092285210570198e+13 0.000000000000000e+00 0.000000000000000e+00 1.913806820341353e-07 
4.226334412000000e-05 8.998432900607480e+13 0.000000000000000e+00 0.000000000000000e+00 -3.129525661312058e-07 
4.226339736000000e-05 8.903737429735934e+13 0.000000000000000e+00 0.000000000000000e+00 1.708357514358936e-06 
4.226345060000000e-05 8.807871008234316e+13 0.000000000000000e+00 0.000000000000000e+00 -2.861643864879250e-07 
4.226350384000001e-05 8.710006260819736e+13 0.000000000000000e+00 0.000000000000000e+00 4.537719353552683e-07 
4.226355707000000e-05 8.608431319396275e+13 0.000000000000000e+00 0.000000000000000e+00 -2.576208625996138e-07 
4.226361031000001e-05 8.499188627401200e+13 0.000000000000000e+00 0.000000000000000e+00 -5.552816008844438e-07 
4.226366355000000e-05 8.373601678286495e+13 0.000000000000000e+00 0.000000000000000e+00 -9.537476123050606e-07 
4.226371679000000e-05 8.212660202716919e+13 0.000000000000000e+00 0.000000000000000e+00 2.759404540730225e-07 
4.226377002000000e-05 7.978694417086025e+13 0.000000000000000e+00 0.000000000000000e+00 4.570603397454907e-07 
4.226382326000000e-05 7.607827748689384e+13 0.000000000000000e+00 0.000000000000000e+00 3.680204095859149e-07 
4.226387650000000e-05 7.021045534420621e+13 0.000000000000000e+00 0.000000000000000e+00 -1.448432197587505e-07 
4.226392974000001e-05 6.177671455281975e+13 0.000000000000000e+00 0.000000000000000e+00 1.202381437021108e-07 
4.226398298000000e-05 5.155919256332895e+13 0.000000000000000e+00 0.000000000000000e+00 8.065893565021306e-08 
4.226403621000001e-05 4.155743367312502e+13 0.000000000000000e+00 0.000000000000000e+00 1.898350173597289e-08 
4.226408945000000e-05 3.367718360802329e+13 0.000000000000000e+00 0.000000000000000e+00 1.336712767988414e-08 
4.226414269000000e-05 2.861240096975583e+13 0.000000000000000e+00 0.000000000000000e+00 -1.424046347304573e-09 
4.226419592999999e-05 2.608604111690427e+13 0.000000000000000e+00 0.000000000000000e+00 4.367064652912717e-09 
4.226424916000000e-05 2.567456063663596e+13 0.000000000000000e+00 0.000000000000000e+00 1.453914873357907e-08 
4.226430240000000e-05 2.728321625576594e+13 0.000000000000000e+00 0.000000000000000e+00 2.592126985925605e-09 
4.226435564000001e-05 3.118811707577416e+13 0.000000000000000e+00 0.000000000000000e+00 -1.534695133337897e-08 
4.226440888000000e-05 3.766915807299216e+13 0.000000000000000e+00 0.000000000000000e+00 7.175142850469711e-08 
4.226446211000001e-05 4.616534034116827e+13 0.000000000000000e+00 0.000000000000000e+00 5.764762285879551e-08 
4.226451535000000e-05 5.477437607946383e+13 0.000000000000000e+00 0.000000000000000e+00 1.302052521802880e-08 
4.226456859000000e-05 6.130048550850507e+13 0.000000000000000e+00 0.000000000000000e+00 8.874969531392664e-08 
4.226462182999999e-05 6.492518458599215e+13 0.000000000000000e+00 0.000000000000000e+00 -1.687679714032052e-07 
4.226467507000000e-05 6.627414035907409e+13 0.000000000000000e+00 0.000000000000000e+00 3.984966454308386e-08 
4.226472830000000e-05 6.634734951508748e+13 0.000000000000000e+00 0.000000000000000e+00 2.524137530188021e-07 
4.226478154000001e-05 6.584613414592313e+13 0.000000000000000e+00 0.000000000000000e+00 4.821834741663046e-08 
4.226483478000000e-05 6.511841042921684e+13 0.000000000000000e+00 0.000000000000000e+00 9.613590840081597e-08 
4.226488802000000e-05 6.430527443429030e+13 0.000000000000000e+00 0.000000000000000e+00 1.745660614751981e-07 
4.226494125000000e-05 6.345774537519730e+13 0.000000000000000e+00 0.000000000000000e+00 -3.799413269986383e-09 
4.226499449000000e-05 6.259306991625464e+13 0.000000000000000e+00 0.000000000000000e+00 -1.074759887299481e-07 
4.226504773000000e-05 6.171771478423167e+13 0.000000000000000e+00 0.000000000000000e+00 1.702996293351392e-07 
4.226510097000000e-05 6.083418754787910e+13 0.000000000000000e+00 0.000000000000000e+00 9.737715849490101e-08 
4.226515420000000e-05 5.994373377790133e+13 0.000000000000000e+00 0.000000000000000e+00 -1.002823855175311e-07 
4.226520744000000e-05 5.904644673129431e+13 0.000000000000000e+00 0.000000000000000e+00 -1.092973857401863e-07 
4.226526068000000e-05 5.814253408260377e+13 0.000000000000000e+00 0.000000000000000e+00 -2.800124352030876e-08 
4.226531392000000e-05 5.723177892215512e+13 0.000000000000000e+00 0.000000000000000e+00 -2.247074473337329e-08 
4.226536716000000e-05 5.631378415248912e+13 0.000000000000000e+00 0.000000000000000e+00 4.617043565096036e-08 
4.226542039000000e-05 5.538814748626397e+13 0.000000000000000e+00 0.000000000000000e+00 1.499841668495852e-07 
4.226547363000000e-05 5.445377453089606e+13 0.000000000000000e+00 0.000000000000000e+00 -2.311172164402777e-08 
4.226552687000000e-05 5.350991215781748e+13 0.000000000000000e+00 0.000000000000000e+00 -1.138540205269879e-07 
4.226558011000000e-05 5.255541378696758e+13 0.000000000000000e+00 0.000000000000000e+00 -1.746383058331440e-08 
4.226563334000000e-05 5.158905128035433e+13 0.000000000000000e+00 0.000000000000000e+00 2.911661878386877e-08 
4.226568658000000e-05 5.060869228160663e+13 0.000000000000000e+00 0.000000000000000e+00 -1.045761127179828e-08 
4.226573982000000e-05 4.961228036663149e+13 0.000000000000000e+00 0.000000000000000e+00 7.223726808695789e-08 
4.226579306000000e-05 4.859692721601652e+13 0.000000000000000e+00 0.000000000000000e+00 -1.820248858005160e-08 
4.226584630000001e-05 4.755886054258548e+13 0.000000000000000e+00 0.000000000000000e+00 -2.886335019354929e-08 
4.226589953000000e-05 4.649328928915644e+13 0.000000000000000e+00 0.000000000000000e+00 1.776083285914265e-08 
4.226595277000000e-05 4.539313867810895e+13 0.000000000000000e+00 0.000000000000000e+00 -5.824383986451727e-10 
4.226600601000000e-05 4.424962513340488e+13 0.000000000000000e+00 0.000000000000000e+00 -2.894085062639087e-08 
4.226605925000000e-05 4.305061468334824e+13 0.000000000000000e+00 0.000000000000000e+00 1.271520038010322e-08 
4.226611248000000e-05 4.177984945208605e+13 0.000000000000000e+00 0.000000000000000e+00 -9.334421101420527e-09 
4.226616572000000e-05 4.041481971281221e+13 0.000000000000000e+00 0.000000000000000e+00 9.531523412421350e-09 
4.226621896000000e-05 3.892621404601938e+13 0.000000000000000e+00 0.000000000000000e+00 8.154217383745105e-09 
4.226627220000001e-05 3.727471485188612e+13 0.000000000000000e+00 0.000000000000000e+00 -5.095470312725784e-09 
4.226632543000000e-05 3.540971770898748e+13 0.000000000000000e+00 0.000000000000000e+00 3.757069211763999e-10 
4.226637867000000e-05 3.326655334012192e+13 0.000000000000000e+00 0.000000000000000e+00 5.373739051192863e-09 
4.226643191000000e-05 3.076878088864141e+13 0.000000000000000e+00 0.000000000000000e+00 5.163153474923515e-09 
4.226648515000000e-05 2.782897627735961e+13 0.000000000000000e+00 0.000000000000000e+00 4.788969911562133e-10 
4.226653839000000e-05 2.435323970704854e+13 0.000000000000000e+00 0.000000000000000e+00 1.435281249416474e-09 
4.226659162000000e-05 2.027281655066653e+13 0.000000000000000e+00 0.000000000000000e+00 1.822021624648433e-09 
4.226664486000000e-05 1.574254763704285e+13 0.000000000000000e+00 0.000000000000000e+00 -8.769691214834746e-10 
4.226669810000001e-05 1.164432867615634e+13 0.000000000000000e+00 0.000000000000000e+00 2.121087941334364e-11 
4.226675134000000e-05 9.149812517878312e+12 0.000000000000000e+00 0.000000000000000e+00 9.639685469201734e-12 
4.226680457000000e-05 8.050198498340457e+12 0.000000000000000e+00 0.000000000000000e+00 -3.054660266973830e-12 
4.226685781000001e-05 7.539119346494465e+12 0.000000000000000e+00 0.000000000000000e+00 1.611359619173469e-12 
4.226691105000000e-05 7.247675148581812e+12 0.000000000000000e+00 0.000000000000000e+00 5.021610595204188e-13 
4.226696429000000e-05 7.059957253933431e+12 0.000000000000000e+00 0.000000000000000e+00 -1.767129786315183e-15 
4.226701752000000e-05 6.932776291839938e+12 0.000000000000000e+00 0.000000000000000e+00 9.888552951859736e-13 
4.226707076000000e-05 6.845379821675908e+12 0.000000000000000e+00 0.000000000000000e+00 8.380699000460578e-13 
4.226712400000001e-05 6.786303576202873e+12 0.000000000000000e+00 0.000000000000000e+00 1.087713074058094e-12 
4.226717724000000e-05 6.748846796592576e+12 0.000000000000000e+00 0.000000000000000e+00 2.634927543079087e-13 
4.226723048000000e-05 6.729177914701334e+12 0.000000000000000e+00 0.000000000000000e+00 8.089229991493176e-13 
4.226728371000001e-05 6.725410574827635e+12 0.000000000000000e+00 0.000000000000000e+00 7.211850269266534e-14 
4.226733695000000e-05 6.737192035936312e+12 0.000000000000000e+00 0.000000000000000e+00 9.568836438266719e-13 
4.226739019000000e-05 6.765633642611461e+12 0.000000000000000e+00 0.000000000000000e+00 1.536099930890521e-13 
4.226744343000000e-05 6.813541074283743e+12 0.000000000000000e+00 0.000000000000000e+00 4.995779507807166e-13 
4.226749666000000e-05 6.886039185948673e+12 0.000000000000000e+00 0.000000000000000e+00 2.377682556860894e-13 
4.226754990000001e-05 6.991969974843883e+12 0.000000000000000e+00 0.000000000000000e+00 3.928755997212508e-13 
4.226760314000000e-05 7.146697832142506e+12 0.000000000000000e+00 0.000000000000000e+00 9.916327832962207e-13 
4.226765638000000e-05 7.379639383547018e+12 0.000000000000000e+00 0.000000000000000e+00 -3.194621598633977e-13 
4.226770961000000e-05 7.759857177119188e+12 0.000000000000000e+00 0.000000000000000e+00 1.630952327480874e-12 
4.226776285000000e-05 8.497565886552010e+12 0.000000000000000e+00 0.000000000000000e+00 -6.117737035229245e-12 
4.226781608999999e-05 1.020232495240478e+13 0.000000000000000e+00 0.000000000000000e+00 -6.459448475028722e-11 
4.226786933000000e-05 1.360259051542341e+13 0.000000000000000e+00 0.000000000000000e+00 1.073676812411991e-10 
4.226792257000000e-05 1.808874131457513e+13 0.000000000000000e+00 0.000000000000000e+00 -6.460022905378059e-10 
4.226797580000001e-05 2.243976966801838e+13 0.000000000000000e+00 0.000000000000000e+00 2.194867839677727e-09 
4.226802904000000e-05 2.620742355507327e+13 0.000000000000000e+00 0.000000000000000e+00 -1.072398253509155e-09 
4.226808228000000e-05 2.939681158649943e+13 0.000000000000000e+00 0.000000000000000e+00 9.708972305054962e-10 
4.226813552000000e-05 3.209867492688298e+13 0.000000000000000e+00 0.000000000000000e+00 3.430376572016477e-09 
4.226818875000000e-05 3.440408283488074e+13 0.000000000000000e+00 0.000000000000000e+00 3.342980791099945e-09 
4.226824198999999e-05 3.639620291876006e+13 0.000000000000000e+00 0.000000000000000e+00 1.310838152626610e-09 
4.226829523000000e-05 3.814495349498658e+13 0.000000000000000e+00 0.000000000000000e+00 9.145528778951187e-09 
4.226834847000000e-05 3.970754607750618e+13 0.000000000000000e+00 0.000000000000000e+00 -1.900375959690029e-08 
4.226840170000001e-05 4.112847582155612e+13 0.000000000000000e+00 0.000000000000000e+00 -3.166981344655985e-08 
4.226845494000000e-05 4.244244683643989e+13 0.000000000000000e+00 0.000000000000000e+00 -2.372730748946770e-08 
4.226850818000000e-05 4.367448879057002e+13 0.000000000000000e+00 0.000000000000000e+00 3.820764177258170e-08 
4.226856142000000e-05 4.484365586747988e+13 0.000000000000000e+00 0.000000000000000e+00 7.519636645226849e-08 
4.226861466000000e-05 4.596407758246905e+13 0.000000000000000e+00 0.000000000000000e+00 6.559608830969089e-09 
4.226866788999999e-05 4.704596759606246e+13 0.000000000000000e+00 0.000000000000000e+00 1.253087649301379e-08 
4.226872113000000e-05 4.809745414545291e+13 0.000000000000000e+00 0.000000000000000e+00 -2.530924978477425e-09 
4.226877437000000e-05 4.912409851529957e+13 0.000000000000000e+00 0.000000000000000e+00 -4.961167267512498e-08 
4.226882761000000e-05 5.013025117311041e+13 0.000000000000000e+00 0.000000000000000e+00 5.563679472662506e-09 
4.226888084000000e-05 5.111904476602793e+13 0.000000000000000e+00 0.000000000000000e+00 -2.248961657479213e-07 
4.226893408000000e-05 5.209342493381533e+13 0.000000000000000e+00 0.000000000000000e+00 -1.426809040329131e-07 
4.226898732000000e-05 5.305523921741157e+13 0.000000000000000e+00 0.000000000000000e+00 -4.174154473314087e-07 
4.226904056000000e-05 5.400613071480642e+13 0.000000000000000e+00 0.000000000000000e+00 6.687092835728247e-08 
4.226909380000000e-05 5.494745828013248e+13 0.000000000000000e+00 0.000000000000000e+00 -4.522286254960393e-07 
4.226914703000000e-05 5.588019271534387e+13 0.000000000000000e+00 0.000000000000000e+00 3.470429208913151e-07 
4.226920027000000e-05 5.680567141492732e+13 0.000000000000000e+00 0.000000000000000e+00 -1.310560248279858e-07 
4.226925351000000e-05 5.772458222954086e+13 0.000000000000000e+00 0.000000000000000e+00 -1.342049503680092e-07 
4.226930675000000e-05 5.863769281445659e+13 0.000000000000000e+00 0.000000000000000e+00 -8.978119994475666e-08 
4.226935998000000e-05 5.954552092031848e+13 0.000000000000000e+00 0.000000000000000e+00 4.388955956504514e-08 
4.226941322000000e-05 6.044904885466023e+13 0.000000000000000e+00 0.000000000000000e+00 5.997887620918340e-07 
4.226946646000000e-05 6.134868080429639e+13 0.000000000000000e+00 0.000000000000000e+00 -3.300043169328638e-07 
4.226951970000000e-05 6.224494312582111e+13 0.000000000000000e+00 0.000000000000000e+00 2.060252589378872e-07 
4.226957293000000e-05 6.313815624510923e+13 0.000000000000000e+00 0.000000000000000e+00 -1.648898913691613e-07 
4.226962617000000e-05 6.402910404971149e+13 0.000000000000000e+00 0.000000000000000e+00 -1.388328329535567e-07 
4.226967941000000e-05 6.491803044088410e+13 0.000000000000000e+00 0.000000000000000e+00 8.854099291648630e-07 
4.226973265000000e-05 6.580531372803530e+13 0.000000000000000e+00 0.000000000000000e+00 5.825408578503966e-07 
4.226978589000001e-05 6.669130049401889e+13 0.000000000000000e+00 0.000000000000000e+00 -1.114303092810556e-08 
4.226983912000000e-05 6.757614114182190e+13 0.000000000000000e+00 0.000000000000000e+00 -4.220192427063388e-07 
4.226989236000001e-05 6.846045628154262e+13 0.000000000000000e+00 0.000000000000000e+00 -6.452907906329911e-07 
4.226994560000000e-05 6.934434050432164e+13 0.000000000000000e+00 0.000000000000000e+00 2.942612872138142e-07 
4.226999884000000e-05 7.022802868357348e+13 0.000000000000000e+00 0.000000000000000e+00 1.256008630612012e-06 
4.227005207000000e-05 7.111156450584841e+13 0.000000000000000e+00 0.000000000000000e+00 2.012376964665007e-06 
4.227010531000000e-05 7.199546517829892e+13 0.000000000000000e+00 0.000000000000000e+00 1.330267811372748e-06 
4.227015855000000e-05 7.287972634168670e+13 0.000000000000000e+00 0.000000000000000e+00 6.993101099974289e-07 
4.227021179000001e-05 7.376448646834273e+13 0.000000000000000e+00 0.000000000000000e+00 -2.515201949474854e-06 
4.227026502000000e-05 7.464969506863108e+13 0.000000000000000e+00 0.000000000000000e+00 1.073685661354764e-06 
4.227031826000001e-05 7.553577838911919e+13 0.000000000000000e+00 0.000000000000000e+00 -1.081228814766773e-06 
4.227037150000000e-05 7.642264203155827e+13 0.000000000000000e+00 0.000000000000000e+00 -3.831924171727898e-07 
4.227042474000000e-05 7.731039419056375e+13 0.000000000000000e+00 0.000000000000000e+00 1.324732031079112e-06 
4.227047797999999e-05 7.819908593637384e+13 0.000000000000000e+00 0.000000000000000e+00 -1.832095647909825e-07 
4.227053121000000e-05 7.908848607063400e+13 0.000000000000000e+00 0.000000000000000e+00 -8.803029627086951e-07 
4.227058445000000e-05 7.997874533809419e+13 0.000000000000000e+00 0.000000000000000e+00 -3.054280475569163e-06 
4.227063769000000e-05 8.087004945966678e+13 0.000000000000000e+00 0.000000000000000e+00 -5.615735397733662e-06 
4.227069093000000e-05 8.176188443537917e+13 0.000000000000000e+00 0.000000000000000e+00 -5.926988128739930e-07 
4.227074416000001e-05 8.265425122780170e+13 0.000000000000000e+00 0.000000000000000e+00 -1.528246617897118e-06 
4.227079740000000e-05 8.354767682725630e+13 0.000000000000000e+00 0.000000000000000e+00 1.268569774887708e-06 
4.227085064000000e-05 8.444129854288247e+13 0.000000000000000e+00 0.000000000000000e+00 -6.652596129030438e-07 
4.227090388000000e-05 8.533528548443820e+13 0.000000000000000e+00 0.000000000000000e+00 1.500646645078261e-06 
4.227095711000000e-05 8.622963250022919e+13 0.000000000000000e+00 0.000000000000000e+00 2.319842080926523e-06 
4.227101035000000e-05 8.712386841146050e+13 0.000000000000000e+00 0.000000000000000e+00 -3.175925133324888e-06 
4.227106359000000e-05 8.801796255143595e+13 0.000000000000000e+00 0.000000000000000e+00 4.623505732462895e-06 
4.227111683000000e-05 8.891171424624884e+13 0.000000000000000e+00 0.000000000000000e+00 -7.982307988078879e-07 
4.227117007000000e-05 8.980489843320653e+13 0.000000000000000e+00 0.000000000000000e+00 -5.078377800159412e-06 
4.227122330000000e-05 9.069736986070567e+13 0.000000000000000e+00 0.000000000000000e+00 9.336538132101976e-06 
4.227127654000000e-05 9.158867254788552e+13 0.000000000000000e+00 0.000000000000000e+00 -1.660302336450345e-07 
4.227132978000000e-05 9.247863395510619e+13 0.000000000000000e+00 0.000000000000000e+00 -7.254161858239308e-06 
4.227138302000000e-05 9.336695806315391e+13 0.000000000000000e+00 0.000000000000000e+00 -3.637745782467227e-06 
4.227143625000000e-05 9.425316394386266e+13 0.000000000000000e+00 0.000000000000000e+00 1.336636360962072e-05 
4.227148949000000e-05 9.513741824751147e+13 0.000000000000000e+00 0.000000000000000e+00 1.931507715527630e-06 
4.227154273000000e-05 9.601887121750453e+13 0.000000000000000e+00 0.000000000000000e+00 1.338981901788682e-06 
4.227159597000000e-05 9.689731620752020e+13 0.000000000000000e+00 0.000000000000000e+00 1.420999143378936e-05 
4.227164920000000e-05 9.777219547395516e+13 0.000000000000000e+00 0.000000000000000e+00 -8.010965829820155e-06 
4.227170244000000e-05 9.864342100465416e+13 0.000000000000000e+00 0.000000000000000e+00 -1.171501614958944e-06 
4.227175568000000e-05 9.951038868394933e+13 0.000000000000000e+00 0.000000000000000e+00 -2.358716393338788e-05 
4.227180892000000e-05 1.003726978294195e+14 0.000000000000000e+00 0.000000000000000e+00 -3.498321569693473e-06 
4.227186216000000e-05 1.012297340180538e+14 0.000000000000000e+00 0.000000000000000e+00 -7.799683048077537e-06 
4.227191539000000e-05 1.020808873868964e+14 0.000000000000000e+00 0.000000000000000e+00 -1.093625067803784e-05 
4.227196863000000e-05 1.029259400969668e+14 0.000000000000000e+00 0.000000000000000e+00 1.787875655922162e-05 
4.227202187000000e-05 1.037641712766362e+14 0.000000000000000e+00 0.000000000000000e+00 -2.107951877756216e-06 
4.227207511000000e-05 1.045950015182429e+14 0.000000000000000e+00 0.000000000000000e+00 -2.562736281719538e-05 
4.227212834000000e-05 1.054176914620576e+14 0.000000000000000e+00 0.000000000000000e+00 -1.451182050373012e-06 
4.227218158000000e-05 1.062319354803139e+14 0.000000000000000e+00 0.000000000000000e+00 -1.791980138720317e-06 
4.227223482000000e-05 1.070369908303469e+14 0.000000000000000e+00 0.000000000000000e+00 4.280149193301356e-05 
4.227228806000000e-05 1.078322764141084e+14 0.000000000000000e+00 0.000000000000000e+00 3.011891367985823e-05 
4.227234130000000e-05 1.086172223783821e+14 0.000000000000000e+00 0.000000000000000e+00 -3.949527220983653e-05 
4.227239453000000e-05 1.093910728010160e+14 0.000000000000000e+00 0.000000000000000e+00 1.648360306690449e-05 
4.227244777000000e-05 1.101532533335041e+14 0.000000000000000e+00 0.000000000000000e+00 4.086647276046440e-05 
4.227250101000000e-05 1.109018051396205e+14 0.000000000000000e+00 0.000000000000000e+00 4.797216458236860e-06 
4.227255425000001e-05 1.116319357942823e+14 0.000000000000000e+00 0.000000000000000e+00 3.291057080442568e-05 
4.227260748000000e-05 1.123302034673371e+14 0.000000000000000e+00 0.000000000000000e+00 -9.369582780962241e-06 
4.227266072000000e-05 1.129610502764204e+14 0.000000000000000e+00 0.000000000000000e+00 -1.973857915142449e-05 
4.227271396000001e-05 1.134334028493114e+14 0.000000000000000e+00 0.000000000000000e+00 -4.460289325209134e-05 
4.227276720000000e-05 1.135347735822658e+14 0.000000000000000e+00 0.000000000000000e+00 -1.116729010355589e-04 
4.227282043000000e-05 1.128253470589454e+14 0.000000000000000e+00 0.000000000000000e+00 9.611964847288295e-05 
4.227287367000000e-05 1.105520372903557e+14 0.000000000000000e+00 0.000000000000000e+00 2.078378799903604e-04 
4.227292691000000e-05 1.057962794447623e+14 0.000000000000000e+00 0.000000000000000e+00 -6.002505091734633e-05 
4.227298015000001e-05 9.811953794790489e+13 0.000000000000000e+00 0.000000000000000e+00 1.899571443369058e-04 
4.227303339000000e-05 8.843900319295895e+13 0.000000000000000e+00 0.000000000000000e+00 -5.368243161391741e-04 
4.227308662000000e-05 7.893955756354628e+13 0.000000000000000e+00 0.000000000000000e+00 2.509592197440644e-05 
4.227313986000000e-05 7.153804075472880e+13 0.000000000000000e+00 0.000000000000000e+00 2.120465372060194e-04 
4.227319310000000e-05 6.676754555936852e+13 0.000000000000000e+00 0.000000000000000e+00 -1.579234375152987e-04 
4.227324633999999e-05 6.415029912278795e+13 0.000000000000000e+00 0.000000000000000e+00 3.862902961990690e-04 
4.227329957000000e-05 6.299544046648614e+13 0.000000000000000e+00 0.000000000000000e+00 3.447919623125614e-05 
4.227335281000000e-05 6.285332940737206e+13 0.000000000000000e+00 0.000000000000000e+00 -4.149647919226096e-04 
4.227340605000001e-05 6.366225319980712e+13 0.000000000000000e+00 0.000000000000000e+00 -1.362550173139777e-04 
4.227345929000000e-05 6.576205048810303e+13 0.000000000000000e+00 0.000000000000000e+00 -2.647685624335043e-04 
4.227351252000000e-05 6.980884017418742e+13 0.000000000000000e+00 0.000000000000000e+00 -3.574294618387352e-04 
4.227356576000000e-05 7.640973765115323e+13 0.000000000000000e+00 0.000000000000000e+00 -5.187964955724424e-04 
4.227361900000000e-05 8.522911057896686e+13 0.000000000000000e+00 0.000000000000000e+00 -4.977508608267092e-05 
4.227367223999999e-05 9.382832776535770e+13 0.000000000000000e+00 0.000000000000000e+00 -5.243302371678106e-04 
4.227372548000000e-05 9.787004025066795e+13 0.000000000000000e+00 0.000000000000000e+00 3.431450975882306e-04 
4.227377871000000e-05 9.394543434180309e+13 0.000000000000000e+00 0.000000000000000e+00 -4.927475833420772e-04 
4.227383195000001e-05 8.259176942968697e+13 0.000000000000000e+00 0.000000000000000e+00 -9.161627780278600e-04 
4.227388519000000e-05 6.726672098675247e+13 0.000000000000000e+00 0.000000000000000e+00 7.557252732684276e-05 
4.227393843000000e-05 5.125649735745095e+13 0.000000000000000e+00 0.000000000000000e+00 2.334545051025796e-04 
4.227399166000000e-05 3.695695287579812e+13 0.000000000000000e+00 0.000000000000000e+00 -1.291453104912014e-04 
4.227404490000000e-05 2.602144341958266e+13 0.000000000000000e+00 0.000000000000000e+00 2.894391337348279e-04 
4.227409813999999e-05 1.886792776214826e+13 0.000000000000000e+00 0.000000000000000e+00 -1.942256711533001e-04 
4.227415138000000e-05 1.473578228614259e+13 0.000000000000000e+00 0.000000000000000e+00 1.774182326500133e-04 
4.227420461000000e-05 1.253602326798928e+13 0.000000000000000e+00 0.000000000000000e+00 -4.715233762304681e-05 
4.227425785000001e-05 1.146792160780269e+13 0.000000000000000e+00 0.000000000000000e+00 -2.686118808084672e-05 
4.227431109000000e-05 1.110651812637958e+13 0.000000000000000e+00 0.000000000000000e+00 -6.491995591494779e-05 
4.227436433000000e-05 1.131004610840277e+13 0.000000000000000e+00 0.000000000000000e+00 -1.866857545147712e-04 
4.227441757000000e-05 1.216434514590518e+13 0.000000000000000e+00 0.000000000000000e+00 6.411501381440483e-05 
4.227447080000000e-05 1.401711264387579e+13 0.000000000000000e+00 0.000000000000000e+00 -1.727810960749844e-04 
4.227452403999999e-05 1.756727114993715e+13 0.000000000000000e+00 0.000000000000000e+00 -5.550183204908175e-05 
4.227457728000000e-05 2.383827070353318e+13 0.000000000000000e+00 0.000000000000000e+00 -1.231928350465427e-04 
4.227463052000000e-05 3.370485319016203e+13 0.000000000000000e+00 0.000000000000000e+00 -2.869893504205704e-05 
4.227468375000001e-05 4.707589728979911e+13 0.000000000000000e+00 0.000000000000000e+00 -9.605931389473498e-04 
4.227473699000000e-05 6.264519148423698e+13 0.000000000000000e+00 0.000000000000000e+00 -8.745926597146569e-04 
4.227479023000000e-05 7.852013744066569e+13 0.000000000000000e+00 0.000000000000000e+00 -3.780599055270203e-05 
4.227484347000000e-05 9.299601822826492e+13 0.000000000000000e+00 0.000000000000000e+00 1.097525699699037e-04 
4.227489670000000e-05 1.049581854392148e+14 0.000000000000000e+00 0.000000000000000e+00 1.181668254875005e-03 
4.227494994000000e-05 1.140860077748953e+14 0.000000000000000e+00 0.000000000000000e+00 8.900980107218557e-04 
4.227500318000000e-05 1.207387736391167e+14 0.000000000000000e+00 0.000000000000000e+00 -8.677135487463681e-04 
4.227505642000000e-05 1.255810351401373e+14 0.000000000000000e+00 0.000000000000000e+00 6.125898408139437e-04 
4.227510966000000e-05 1.292287130677213e+14 0.000000000000000e+00 0.000000000000000e+00 6.330397182698806e-04 
4.227516289000000e-05 1.321135027039559e+14 0.000000000000000e+00 0.000000000000000e+00 2.069341011237246e-04 
4.227521613000000e-05 1.345012193973597e+14 0.000000000000000e+00 0.000000000000000e+00 1.224964848134388e-05 
4.227526937000000e-05 1.365461869098966e+14 0.000000000000000e+00 0.000000000000000e+00 2.813967309438627e-04 
4.227532261000000e-05 1.383406780932358e+14 0.000000000000000e+00 0.000000000000000e+00 2.337083493845109e-04 
4.227537584000000e-05 1.399425637792607e+14 0.000000000000000e+00 0.000000000000000e+00 -7.079675586490971e-04 
4.227542908000000e-05 1.413916961385696e+14 0.000000000000000e+00 0.000000000000000e+00 3.974761315533119e-06 
4.227548232000000e-05 1.427159230646433e+14 0.000000000000000e+00 0.000000000000000e+00 6.798080714021822e-04 
4.227553556000000e-05 1.439363866396464e+14 0.000000000000000e+00 0.000000000000000e+00 -9.443030810953840e-05 
4.227558880000000e-05 1.450694270322157e+14 0.000000000000000e+00 0.000000000000000e+00 1.641459648298624e-04 
4.227564203000000e-05 1.461278648982157e+14 0.000000000000000e+00 0.000000000000000e+00 2.116592214870734e-04 
4.227569527000000e-05 1.471224650445059e+14 0.000000000000000e+00 0.000000000000000e+00 3.764491214337898e-04 
4.227574851000001e-05 1.480615791286976e+14 0.000000000000000e+00 0.000000000000000e+00 -1.058544276974334e-05 
4.227580175000000e-05 1.489521314268983e+14 0.000000000000000e+00 0.000000000000000e+00 1.658520979671557e-04 
4.227585498000000e-05 1.497998356374817e+14 0.000000000000000e+00 0.000000000000000e+00 7.421231790191100e-05 
4.227590822000000e-05 1.506098124402370e+14 0.000000000000000e+00 0.000000000000000e+00 7.004399387597354e-05 
4.227596146000000e-05 1.513860378633152e+14 0.000000000000000e+00 0.000000000000000e+00 -1.133106583418226e-04 
4.227601470000000e-05 1.521319675021058e+14 0.000000000000000e+00 0.000000000000000e+00 1.278525545457341e-04 
4.227606793000000e-05 1.528504494175442e+14 0.000000000000000e+00 0.000000000000000e+00 4.782236601258643e-05 
4.227612117000000e-05 1.535443015808277e+14 0.000000000000000e+00 0.000000000000000e+00 -6.599783216075091e-05 
4.227617441000001e-05 1.542155882541835e+14 0.000000000000000e+00 0.000000000000000e+00 2.544405345118549e-05 
4.227622765000000e-05 1.548662201800023e+14 0.000000000000000e+00 0.000000000000000e+00 5.963466203355179e-05 
4.227628089000000e-05 1.554978638036844e+14 0.000000000000000e+00 0.000000000000000e+00 -2.127167329803518e-05 
4.227633412000000e-05 1.561118653186418e+14 0.000000000000000e+00 0.000000000000000e+00 -1.043964148512866e-04 
4.227638736000000e-05 1.567097399168811e+14 0.000000000000000e+00 0.000000000000000e+00 -1.785423965604021e-05 
4.227644060000000e-05 1.572925057695161e+14 0.000000000000000e+00 0.000000000000000e+00 -1.384567905680732e-05 
4.227649384000000e-05 1.578611696680134e+14 0.000000000000000e+00 0.000000000000000e+00 1.091004942374637e-05 
4.227654707000000e-05 1.584165251315274e+14 0.000000000000000e+00 0.000000000000000e+00 -6.538893793047591e-05 
4.227660031000001e-05 1.589595820786948e+14 0.000000000000000e+00 0.000000000000000e+00 -3.451501747942687e-05 
4.227665355000000e-05 1.594909532905466e+14 0.000000000000000e+00 0.000000000000000e+00 8.254565350611426e-05 
4.227670679000000e-05 1.600112855368338e+14 0.000000000000000e+00 0.000000000000000e+00 -8.810795490313871e-06 
4.227676002000001e-05 1.605210677765142e+14 0.000000000000000e+00 0.000000000000000e+00 2.718518877583577e-05 
4.227681326000000e-05 1.610210203659419e+14 0.000000000000000e+00 0.000000000000000e+00 -8.378948890873268e-05 
4.227686650000000e-05 1.615115264873031e+14 0.000000000000000e+00 0.000000000000000e+00 -5.395604875469848e-05 
4.227691974000000e-05 1.619930239691148e+14 0.000000000000000e+00 0.000000000000000e+00 9.782011495864552e-06 
4.227697298000000e-05 1.624659126885807e+14 0.000000000000000e+00 0.000000000000000e+00 6.269618137954100e-05 
4.227702621000001e-05 1.629304725384754e+14 0.000000000000000e+00 0.000000000000000e+00 2.731341468712706e-05 
4.227707945000000e-05 1.633872150528167e+14 0.000000000000000e+00 0.000000000000000e+00 4.843022569587520e-05 
4.227713269000000e-05 1.638363618299637e+14 0.000000000000000e+00 0.000000000000000e+00 2.011957546149455e-05 
4.227718593000000e-05 1.642781998176798e+14 0.000000000000000e+00 0.000000000000000e+00 3.830112914650060e-06 
4.227723916000000e-05 1.647129138475968e+14 0.000000000000000e+00 0.000000000000000e+00 6.956719952910400e-06 
4.227729240000000e-05 1.651409102019546e+14 0.000000000000000e+00 0.000000000000000e+00 -5.701604925341967e-06 
4.227734564000000e-05 1.655623378202312e+14 0.000000000000000e+00 0.000000000000000e+00 -1.481510083170728e-05 
4.227739888000000e-05 1.659774096657643e+14 0.000000000000000e+00 0.000000000000000e+00 -5.513234444653886e-05 
4.227745211000001e-05 1.663862528535288e+14 0.000000000000000e+00 0.000000000000000e+00 -5.143689347991909e-05 
4.227750535000000e-05 1.667892000600340e+14 0.000000000000000e+00 0.000000000000000e+00 1.585340507849668e-05 
4.227755859000000e-05 1.671863531826534e+14 0.000000000000000e+00 0.000000000000000e+00 1.061669750885581e-04 
4.227761183000000e-05 1.675778844645743e+14 0.000000000000000e+00 0.000000000000000e+00 -8.509458508488536e-06 
4.227766507000000e-05 1.679639335847985e+14 0.000000000000000e+00 0.000000000000000e+00 3.675464853340812e-05 
4.227771830000000e-05 1.683445839285891e+14 0.000000000000000e+00 0.000000000000000e+00 2.056944627206291e-05 
4.227777154000000e-05 1.687201171175272e+14 0.000000000000000e+00 0.000000000000000e+00 3.882345022421605e-05 
4.227782478000000e-05 1.690905922942168e+14 0.000000000000000e+00 0.000000000000000e+00 -4.489744709936957e-05 
4.227787802000000e-05 1.694561456144508e+14 0.000000000000000e+00 0.000000000000000e+00 6.162507585063132e-06 
4.227793125000000e-05 1.698168035709449e+14 0.000000000000000e+00 0.000000000000000e+00 3.457406707810801e-05 
4.227798449000000e-05 1.701728270094455e+14 0.000000000000000e+00 0.000000000000000e+00 7.024244533022603e-05 
4.227803773000000e-05 1.705242548948398e+14 0.000000000000000e+00 0.000000000000000e+00 -4.061308781417597e-05 
4.227809097000000e-05 1.708711896424451e+14 0.000000000000000e+00 0.000000000000000e+00 2.124639434235624e-05 
4.227814420000000e-05 1.712136806623618e+14 0.000000000000000e+00 0.000000000000000e+00 -9.454069928020834e-06 
4.227819744000000e-05 1.715519181438191e+14 0.000000000000000e+00 0.000000000000000e+00 1.589446859595133e-05 
4.227825068000000e-05 1.718859438686758e+14 0.000000000000000e+00 0.000000000000000e+00 -3.650155519139869e-05 
4.227830392000000e-05 1.722158439701300e+14 0.000000000000000e+00 0.000000000000000e+00 -2.032247389564076e-05 
4.227835716000000e-05 1.725417011946288e+14 0.000000000000000e+00 0.000000000000000e+00 -2.586529060213207e-05 
4.227841039000000e-05 1.728635350391884e+14 0.000000000000000e+00 0.000000000000000e+00 -5.849445824729728e-05 
4.227846363000000e-05 1.731815565220011e+14 0.000000000000000e+00 0.000000000000000e+00 3.502831876035446e-05 
4.227851687000000e-05 1.734957507981678e+14 0.000000000000000e+00 0.000000000000000e+00 -3.477471182067951e-06 
4.227857011000000e-05 1.738062036127382e+14 0.000000000000000e+00 0.000000000000000e+00 3.189087096147437e-06 
4.227862334000000e-05 1.741129265023339e+14 0.000000000000000e+00 0.000000000000000e+00 6.211924026029343e-07 
4.227867658000000e-05 1.744161012231144e+14 0.000000000000000e+00 0.000000000000000e+00 -9.173901238968604e-06 
4.227872982000000e-05 1.747157341682177e+14 0.000000000000000e+00 0.000000000000000e+00 6.206968565702622e-05 
4.227878306000000e-05 1.750118925244352e+14 0.000000000000000e+00 0.000000000000000e+00 2.572304660479642e-05 
4.227883630000001e-05 1.753046266327832e+14 0.000000000000000e+00 0.000000000000000e+00 -1.529411859185882e-05 
4.227888953000000e-05 1.755939462163250e+14 0.000000000000000e+00 0.000000000000000e+00 -3.084308413550881e-06 
4.227894277000000e-05 1.758800168054991e+14 0.000000000000000e+00 0.000000000000000e+00 -1.278669532968354e-05 
4.227899601000000e-05 1.761628389287872e+14 0.000000000000000e+00 0.000000000000000e+00 -2.520402317395773e-06 
4.227904925000000e-05 1.764424662254847e+14 0.000000000000000e+00 0.000000000000000e+00 4.523056067082534e-05 
4.227910248000000e-05 1.767188993722808e+14 0.000000000000000e+00 0.000000000000000e+00 4.990621919289590e-05 
4.227915572000000e-05 1.769922926544460e+14 0.000000000000000e+00 0.000000000000000e+00 -6.184348352093613e-06 
4.227920896000000e-05 1.772626434239434e+14 0.000000000000000e+00 0.000000000000000e+00 -7.404271701956816e-06 
4.227926220000001e-05 1.775299998119166e+14 0.000000000000000e+00 0.000000000000000e+00 -3.300965797938422e-05 
4.227931543000000e-05 1.777943593377302e+14 0.000000000000000e+00 0.000000000000000e+00 5.134058597381216e-05 
4.227936867000000e-05 1.780558670602702e+14 0.000000000000000e+00 0.000000000000000e+00 8.414121300296272e-06 
4.227942191000000e-05 1.783145176697501e+14 0.000000000000000e+00 0.000000000000000e+00 -1.490559925622934e-05 
4.227947515000000e-05 1.785703547165751e+14 0.000000000000000e+00 0.000000000000000e+00 -3.287248458793545e-05 
4.227952838999999e-05 1.788234207275244e+14 0.000000000000000e+00 0.000000000000000e+00 3.819239586876400e-05 
4.227958162000000e-05 1.790737104778129e+14 0.000000000000000e+00 0.000000000000000e+00 -2.590255233781396e-05 
4.227963486000000e-05 1.793213585976933e+14 0.000000000000000e+00 0.000000000000000e+00 -1.209020272171468e-05 
4.227968810000001e-05 1.795663574981184e+14 0.000000000000000e+00 0.000000000000000e+00 -3.038093059607298e-06 
4.227974134000000e-05 1.798087459901408e+14 0.000000000000000e+00 0.000000000000000e+00 7.699506872911289e-06 
4.227979457000001e-05 1.800485172370624e+14 0.000000000000000e+00 0.000000000000000e+00 3.529087163113670e-05 
4.227984781000000e-05 1.802857984779121e+14 0.000000000000000e+00 0.000000000000000e+00 -4.094240967115137e-05 
4.227990105000000e-05 1.805205808007983e+14 0.000000000000000e+00 0.000000000000000e+00 -1.348066566639681e-06 
4.227995428999999e-05 1.807528998223156e+14 0.000000000000000e+00 0.000000000000000e+00 -7.703315602359895e-06 
4.228000752000000e-05 1.809827474743880e+14 0.000000000000000e+00 0.000000000000000e+00 -8.404837609659757e-06 
4.228006076000000e-05 1.812102442919981e+14 0.000000000000000e+00 0.000000000000000e+00 7.845392356260307e-06 
4.228011400000001e-05 1.814353803652550e+14 0.000000000000000e+00 0.000000000000000e+00 -1.520894123020355e-05 
4.228016724000000e-05 1.816581885302211e+14 0.000000000000000e+00 0.000000000000000e+00 -6.642403962291937e-06 
4.228022048000000e-05 1.818787009827388e+14 0.000000000000000e+00 0.000000000000000e+00 -3.056896196583923e-05 
4.228027371000000e-05 1.820969085155534e+14 0.000000000000000e+00 0.000000000000000e+00 -1.191107325444449e-05 
4.228032695000000e-05 1.823129240841696e+14 0.000000000000000e+00 0.000000000000000e+00 -2.166710191507650e-05 
4.228038018999999e-05 1.825267368734814e+14 0.000000000000000e+00 0.000000000000000e+00 -2.428307632459961e-05 
4.228043343000000e-05 1.827383767067840e+14 0.000000000000000e+00 0.000000000000000e+00 -1.020543058223077e-05 
4.228048666000000e-05 1.829478337067098e+14 0.000000000000000e+00 0.000000000000000e+00 1.654876358133486e-05 
4.228053990000001e-05 1.831552153055417e+14 0.000000000000000e+00 0.000000000000000e+00 -8.067885704035597e-06 
4.228059314000000e-05 1.833605101710881e+14 0.000000000000000e+00 0.000000000000000e+00 -1.074091642122685e-05 
4.228064638000000e-05 1.835637460151824e+14 0.000000000000000e+00 0.000000000000000e+00 1.611418646621433e-06 
4.228069961000000e-05 1.837649124544447e+14 0.000000000000000e+00 0.000000000000000e+00 2.765538432290436e-05 
4.228075285000000e-05 1.839641118085494e+14 0.000000000000000e+00 0.000000000000000e+00 -7.312920684665693e-06 
4.228080608999999e-05 1.841613323688849e+14 0.000000000000000e+00 0.000000000000000e+00 -3.350846168196351e-05 
4.228085933000000e-05 1.843565999537376e+14 0.000000000000000e+00 0.000000000000000e+00 -1.848772221914572e-05 
4.228091257000000e-05 1.845499399377103e+14 0.000000000000000e+00 0.000000000000000e+00 -2.331159881213483e-05 
4.228096580000001e-05 1.847413414828140e+14 0.000000000000000e+00 0.000000000000000e+00 -6.718783797974169e-07 
4.228101904000000e-05 1.849309010204265e+14 0.000000000000000e+00 0.000000000000000e+00 7.119856395225969e-06 
4.228107228000000e-05 1.851186065240023e+14 0.000000000000000e+00 0.000000000000000e+00 7.153583635447854e-06 
4.228112552000000e-05 1.853044817001860e+14 0.000000000000000e+00 0.000000000000000e+00 2.512967291862921e-05 
4.228117875000000e-05 1.854885154584097e+14 0.000000000000000e+00 0.000000000000000e+00 1.737330941452824e-05 
4.228123199000000e-05 1.856707998725308e+14 0.000000000000000e+00 0.000000000000000e+00 -1.190746671863279e-05 
4.228128523000000e-05 1.858513227567979e+14 0.000000000000000e+00 0.000000000000000e+00 -2.015842170069258e-05 
4.228133847000000e-05 1.860301063014920e+14 0.000000000000000e+00 0.000000000000000e+00 -1.246525002578164e-05 
4.228139170000000e-05 1.862071392407731e+14 0.000000000000000e+00 0.000000000000000e+00 -2.162162179431073e-06 
4.228144494000000e-05 1.863825095698817e+14 0.000000000000000e+00 0.000000000000000e+00 -9.875271791167657e-06 
4.228149818000000e-05 1.865562050100820e+14 0.000000000000000e+00 0.000000000000000e+00 -3.918299464749856e-06 
4.228155142000000e-05 1.867282463663834e+14 0.000000000000000e+00 0.000000000000000e+00 -2.178591771328580e-08 
4.228160466000000e-05 1.868986541159169e+14 0.000000000000000e+00 0.000000000000000e+00 1.301899240203747e-06 
4.228165789000000e-05 1.870674168606608e+14 0.000000000000000e+00 0.000000000000000e+00 1.020866705949528e-05 
4.228171113000000e-05 1.872346178485073e+14 0.000000000000000e+00 0.000000000000000e+00 -3.533357397528780e-06 
4.228176437000000e-05 1.874002447583558e+14 0.000000000000000e+00 0.000000000000000e+00 8.968210021578995e-06 
4.228181761000000e-05 1.875643168231215e+14 0.000000000000000e+00 0.000000000000000e+00 8.533943493014526e-06 
4.228187084000000e-05 1.877268225945791e+14 0.000000000000000e+00 0.000000000000000e+00 5.418936943173735e-06 
4.228192408000000e-05 1.878878417759829e+14 0.000000000000000e+00 0.000000000000000e+00 -1.482935661253505e-05 
4.228197732000000e-05 1.880473620595143e+14 0.000000000000000e+00 0.000000000000000e+00 1.006409497831562e-06 
4.228203056000001e-05 1.882054015319000e+14 0.000000000000000e+00 0.000000000000000e+00 1.903080364485747e-05 
4.228208380000000e-05 1.883619780073113e+14 0.000000000000000e+00 0.000000000000000e+00 -1.539775493388049e-05 
4.228213703000000e-05 1.885170800293088e+14 0.000000000000000e+00 0.000000000000000e+00 1.645487226649212e-05 
4.228219027000000e-05 1.886707831562591e+14 0.000000000000000e+00 0.000000000000000e+00 -7.985420618712266e-06 
4.228224351000000e-05 1.888230751426612e+14 0.000000000000000e+00 0.000000000000000e+00 -9.823593844734567e-06 
4.228229675000000e-05 1.889739727641807e+14 0.000000000000000e+00 0.000000000000000e+00 2.640422116292643e-05 
4.228234998000000e-05 1.891234645931508e+14 0.000000000000000e+00 0.000000000000000e+00 1.553332488517145e-05 
4.228240322000000e-05 1.892716230806210e+14 0.000000000000000e+00 0.000000000000000e+00 -1.525910154805046e-05 
4.228245646000001e-05 1.894184360606077e+14 0.000000000000000e+00 0.000000000000000e+00 5.194568500980151e-06 
4.228250970000000e-05 1.895639193461347e+14 0.000000000000000e+00 0.000000000000000e+00 -8.744500897445916e-06 
4.228256293000000e-05 1.897080615639784e+14 0.000000000000000e+00 0.000000000000000e+00 -2.331434371698798e-05 
4.228261617000000e-05 1.898509322278859e+14 0.000000000000000e+00 0.000000000000000e+00 8.936438518289166e-06 
4.228266941000000e-05 1.899925192722973e+14 0.000000000000000e+00 0.000000000000000e+00 -2.899877199086572e-06 
4.228272265000000e-05 1.901328376163968e+14 0.000000000000000e+00 0.000000000000000e+00 1.245300829611738e-06 
4.228277589000000e-05 1.902719019656593e+14 0.000000000000000e+00 0.000000000000000e+00 -1.426281928638223e-05 
4.228282912000000e-05 1.904097010438324e+14 0.000000000000000e+00 0.000000000000000e+00 8.072407486347870e-06 
4.228288236000001e-05 1.905463008578198e+14 0.000000000000000e+00 0.000000000000000e+00 6.752572601154326e-06 
4.228293560000000e-05 1.906816896027345e+14 0.000000000000000e+00 0.000000000000000e+00 -8.902076931481150e-06 
4.228298884000000e-05 1.908158811111814e+14 0.000000000000000e+00 0.000000000000000e+00 -1.516057922487274e-06 
4.228304207000001e-05 1.909488642035456e+14 0.000000000000000e+00 0.000000000000000e+00 2.881699242352891e-06 
4.228309531000000e-05 1.910807023438797e+14 0.000000000000000e+00 0.000000000000000e+00 5.965900816244503e-07 
4.228314855000000e-05 1.912113837506954e+14 0.000000000000000e+00 0.000000000000000e+00 -4.846960482557658e-06 
4.228320179000000e-05 1.913409215503193e+14 0.000000000000000e+00 0.000000000000000e+00 -5.471988133588541e-06 
4.228325502000000e-05 1.914693046734575e+14 0.000000000000000e+00 0.000000000000000e+00 -4.345157671559533e-06 
4.228330826000001e-05 1.915965941198671e+14 0.000000000000000e+00 0.000000000000000e+00 1.288225721879357e-05 
4.228336150000000e-05 1.917227782533615e+14 0.000000000000000e+00 0.000000000000000e+00 5.684659112444855e-06 
4.228341474000000e-05 1.918478694888456e+14 0.000000000000000e+00 0.000000000000000e+00 -8.140532589050002e-06 
4.228346798000000e-05 1.919718800706506e+14 0.000000000000000e+00 0.000000000000000e+00 -6.262491820291052e-06 
4.228352121000000e-05 1.920947990830774e+14 0.000000000000000e+00 0.000000000000000e+00 1.134945994462899e-05 
4.228357445000000e-05 1.922166846201597e+14 0.000000000000000e+00 0.000000000000000e+00 4.055334675069515e-06 
4.228362769000000e-05 1.923375252395263e+14 0.000000000000000e+00 0.000000000000000e+00 -9.088066218994558e-06 
4.228368093000000e-05 1.924573325313008e+14 0.000000000000000e+00 0.000000000000000e+00 -7.827311803066876e-06 
4.228373416000001e-05 1.925760957127077e+14 0.000000000000000e+00 0.000000000000000e+00 -8.354438002840355e-06 
4.228378740000000e-05 1.926938706834116e+14 0.000000000000000e+00 0.000000000000000e+00 -2.207177343637755e-06 
4.228384064000000e-05 1.928106461635714e+14 0.000000000000000e+00 0.000000000000000e+00 1.825126641287776e-06 
4.228389388000000e-05 1.929264331307652e+14 0.000000000000000e+00 0.000000000000000e+00 -3.069868250117193e-06 
4.228394711000000e-05 1.930412209422410e+14 0.000000000000000e+00 0.000000000000000e+00 -1.299361634133835e-07 
4.228400034999999e-05 1.931550634112468e+14 0.000000000000000e+00 0.000000000000000e+00 -1.477610004234622e-05 
4.228405359000000e-05 1.932679494254884e+14 0.000000000000000e+00 0.000000000000000e+00 -9.167324831153760e-06 
4.228410683000000e-05 1.933798893883851e+14 0.000000000000000e+00 0.000000000000000e+00 -1.461491313690583e-05 
4.228416007000000e-05 1.934908935656455e+14 0.000000000000000e+00 0.000000000000000e+00 8.915645886152054e-06 
4.228421330000000e-05 1.936009514976104e+14 0.000000000000000e+00 0.000000000000000e+00 1.201679234464713e-05 
4.228426654000000e-05 1.937101145309383e+14 0.000000000000000e+00 0.000000000000000e+00 4.121737116361802e-06 
4.228431978000000e-05 1.938183717680669e+14 0.000000000000000e+00 0.000000000000000e+00 1.716558612200023e-06 
4.228437302000000e-05 1.939257329445851e+14 0.000000000000000e+00 0.000000000000000e+00 -8.200280485348654e-06 
4.228442624999999e-05 1.940321877522006e+14 0.000000000000000e+00 0.000000000000000e+00 -1.934131753168760e-07 
4.228447949000000e-05 1.941377856702949e+14 0.000000000000000e+00 0.000000000000000e+00 -5.747125955161660e-06 
4.228453273000000e-05 1.942425159761562e+14 0.000000000000000e+00 0.000000000000000e+00 -1.217453193773871e-05 
4.228458597000000e-05 1.943463879074926e+14 0.000000000000000e+00 0.000000000000000e+00 -1.422891643265579e-06 
4.228463920000000e-05 1.944493913109172e+14 0.000000000000000e+00 0.000000000000000e+00 -1.251041038160284e-05 
4.228469244000000e-05 1.945515738864366e+14 0.000000000000000e+00 0.000000000000000e+00 2.423788202629483e-06 
4.228474568000000e-05 1.946529250880825e+14 0.000000000000000e+00 0.000000000000000e+00 9.377969801705298e-06 
4.228479892000000e-05 1.947534536856882e+14 0.000000000000000e+00 0.000000000000000e+00 -5.882814055028683e-06 
4.228485216000000e-05 1.948531683364925e+14 0.000000000000000e+00 0.000000000000000e+00 -9.070695698350485e-06 
4.228490539000000e-05 1.949520590840806e+14 0.000000000000000e+00 0.000000000000000e+00 -4.428277824414047e-06 
4.228495863000000e-05 1.950501715203825e+14 0.000000000000000e+00 0.000000000000000e+00 -1.214450095089999e-05 
4.228501187000000e-05 1.951474953217994e+14 0.000000000000000e+00 0.000000000000000e+00 -6.039430048149404e-06 
4.228506511000000e-05 1.952440387121672e+14 0.000000000000000e+00 0.000000000000000e+00 2.164657292909980e-06 
4.228511834000000e-05 1.953397918944686e+14 0.000000000000000e+00 0.000000000000000e+00 3.802234954814951e-06 
4.228517158000000e-05 1.954347988613721e+14 0.000000000000000e+00 0.000000000000000e+00 4.346820815887744e-06 
4.228522482000000e-05 1.955290494676092e+14 0.000000000000000e+00 0.000000000000000e+00 7.178793791534386e-06 
4.228527806000000e-05 1.956225515289578e+14 0.000000000000000e+00 0.000000000000000e+00 -6.384393214549267e-06 
4.228533130000000e-05 1.957153127630931e+14 0.000000000000000e+00 0.000000000000000e+00 7.260391421921033e-06 
4.228538453000000e-05 1.958073235736058e+14 0.000000000000000e+00 0.000000000000000e+00 2.780404703397611e-07 
4.228543777000000e-05 1.958986260558608e+14 0.000000000000000e+00 0.000000000000000e+00 -7.904800031948650e-08 
4.228549101000000e-05 1.959892102871990e+14 0.000000000000000e+00 0.000000000000000e+00 -1.268692387145537e-05 
4.228554425000001e-05 1.960790836065571e+14 0.000000000000000e+00 0.000000000000000e+00 -9.385467623738170e-07 
4.228559748000000e-05 1.961682365786089e+14 0.000000000000000e+00 0.000000000000000e+00 -2.564671507458478e-06 
4.228565072000000e-05 1.962567098573767e+14 0.000000000000000e+00 0.000000000000000e+00 -6.708524149374659e-06 
4.228570396000000e-05 1.963444936975671e+14 0.000000000000000e+00 0.000000000000000e+00 9.560441554677172e-07 
4.228575720000000e-05 1.964315950811665e+14 0.000000000000000e+00 0.000000000000000e+00 6.204564482753324e-06 
4.228581043000000e-05 1.965180047339037e+14 0.000000000000000e+00 0.000000000000000e+00 -4.509051392128427e-06 
4.228586367000000e-05 1.966037619323250e+14 0.000000000000000e+00 0.000000000000000e+00 2.498607491779811e-06 
4.228591691000000e-05 1.966888571076362e+14 0.000000000000000e+00 0.000000000000000e+00 -4.380116332673682e-06 
4.228597015000001e-05 1.967732969050950e+14 0.000000000000000e+00 0.000000000000000e+00 -1.646518113076388e-06 
4.228602339000000e-05 1.968570878887484e+14 0.000000000000000e+00 0.000000000000000e+00 5.319949254035094e-06 
4.228607662000001e-05 1.969402209849550e+14 0.000000000000000e+00 0.000000000000000e+00 2.337569898850060e-07 
4.228612986000000e-05 1.970227338333499e+14 0.000000000000000e+00 0.000000000000000e+00 3.900528505190753e-06 
4.228618310000000e-05 1.971046170836238e+14 0.000000000000000e+00 0.000000000000000e+00 1.148317556944625e-06 
4.228623633999999e-05 1.971858769866763e+14 0.000000000000000e+00 0.000000000000000e+00 6.448626955599081e-06 
4.228628957000000e-05 1.972665046283935e+14 0.000000000000000e+00 0.000000000000000e+00 2.337606577715535e-06 
4.228634281000000e-05 1.973465364027865e+14 0.000000000000000e+00 0.000000000000000e+00 -1.422974188617068e-06 
4.228639605000001e-05 1.974259631325175e+14 0.000000000000000e+00 0.000000000000000e+00 -3.578781006569465e-06 
4.228644929000000e-05 1.975047907726552e+14 0.000000000000000e+00 0.000000000000000e+00 2.097550890546489e-06 
4.228650252000001e-05 1.975830105676662e+14 0.000000000000000e+00 0.000000000000000e+00 -3.860481075518667e-06 
4.228655576000000e-05 1.976606577193417e+14 0.000000000000000e+00 0.000000000000000e+00 -4.264659886229155e-07 
4.228660900000000e-05 1.977377232215399e+14 0.000000000000000e+00 0.000000000000000e+00 -2.488664041572628e-06 
4.228666223999999e-05 1.978142127498567e+14 0.000000000000000e+00 0.000000000000000e+00 1.240434165977981e-06 
4.228671548000000e-05 1.978901319125118e+14 0.000000000000000e+00 0.000000000000000e+00 2.082738832786343e-06 
4.228676871000000e-05 1.979654721501178e+14 0.000000000000000e+00 0.000000000000000e+00 5.221649608435338e-06 
4.228682195000000e-05 1.980402672453695e+14 0.000000000000000e+00 0.000000000000000e+00 -1.001333407146415e-05 
4.228687519000000e-05 1.981145084031233e+14 0.000000000000000e+00 0.000000000000000e+00 5.292247651559038e-07 
4.228692843000000e-05 1.981882009710291e+14 0.000000000000000e+00 0.000000000000000e+00 8.654237825613426e-07 
4.228698166000000e-05 1.982613365450170e+14 0.000000000000000e+00 0.000000000000000e+00 9.455553900197156e-06 
4.228703490000000e-05 1.983339478260716e+14 0.000000000000000e+00 0.000000000000000e+00 1.412640604288565e-06 
4.228708814000000e-05 1.984060261853683e+14 0.000000000000000e+00 0.000000000000000e+00 -3.643585955357880e-06 
4.228714138000000e-05 1.984775767241994e+14 0.000000000000000e+00 0.000000000000000e+00 -4.495777342968772e-06 
4.228719461000000e-05 1.985485911919269e+14 0.000000000000000e+00 0.000000000000000e+00 -4.468739014904852e-06 
4.228724785000000e-05 1.986191012530052e+14 0.000000000000000e+00 0.000000000000000e+00 1.525478631166322e-06 
4.228730109000000e-05 1.986890984425685e+14 0.000000000000000e+00 0.000000000000000e+00 -9.727606474032348e-07 
4.228735433000000e-05 1.987585876286277e+14 0.000000000000000e+00 0.000000000000000e+00 3.549905136174795e-07 
4.228740757000000e-05 1.988275736229536e+14 0.000000000000000e+00 0.000000000000000e+00 -3.466082151757979e-06 
4.228746080000000e-05 1.988960483642397e+14 0.000000000000000e+00 0.000000000000000e+00 -1.778378950340320e-06 
4.228751404000000e-05 1.989640422809773e+14 0.000000000000000e+00 0.000000000000000e+00 5.588866760807126e-06 
4.228756728000000e-05 1.990315471098602e+14 0.000000000000000e+00 0.000000000000000e+00 -5.118833744978423e-06 
4.228762052000000e-05 1.990985674447902e+14 0.000000000000000e+00 0.000000000000000e+00 -2.257675839487964e-06 
4.228767375000000e-05 1.991650953736753e+14 0.000000000000000e+00 0.000000000000000e+00 -4.171164451298153e-06 
4.228772699000000e-05 1.992311603816109e+14 0.000000000000000e+00 0.000000000000000e+00 9.300982122419575e-07 
4.228778023000000e-05 1.992967543636070e+14 0.000000000000000e+00 0.000000000000000e+00 5.434709031815911e-07 
4.228783347000000e-05 1.993618817073365e+14 0.000000000000000e+00 0.000000000000000e+00 -3.113150858174352e-07 
4.228788670000000e-05 1.994265346477219e+14 0.000000000000000e+00 0.000000000000000e+00 -5.300632275194533e-06 
4.228793994000000e-05 1.994907417645866e+14 0.000000000000000e+00 0.000000000000000e+00 4.793540302053418e-06 
4.228799318000000e-05 1.995544951087356e+14 0.000000000000000e+00 0.000000000000000e+00 -6.267315395800707e-07 
4.228804642000000e-05 1.996177988722635e+14 0.000000000000000e+00 0.000000000000000e+00 1.269351941181473e-06 
4.228809966000000e-05 1.996806572000473e+14 0.000000000000000e+00 0.000000000000000e+00 2.248183545125838e-06 
4.228815289000000e-05 1.997430625078108e+14 0.000000000000000e+00 0.000000000000000e+00 3.630191565540106e-07 
4.228820613000000e-05 1.998050422944933e+14 0.000000000000000e+00 0.000000000000000e+00 -3.141956132941715e-06 
4.228825937000000e-05 1.998665888018582e+14 0.000000000000000e+00 0.000000000000000e+00 -2.127057558084428e-06 
4.228831261000001e-05 1.999277059918743e+14 0.000000000000000e+00 0.000000000000000e+00 1.508370079655724e-06 
4.228836584000000e-05 1.999883864222678e+14 0.000000000000000e+00 0.000000000000000e+00 2.951985546063916e-06 
4.228841908000000e-05 2.000486567658615e+14 0.000000000000000e+00 0.000000000000000e+00 -3.581776528514718e-06 
4.228847232000000e-05 2.001085094141252e+14 0.000000000000000e+00 0.000000000000000e+00 3.010243921554803e-06 
4.228852556000000e-05 2.001679481555155e+14 0.000000000000000e+00 0.000000000000000e+00 -5.419758167293819e-06 
4.228857880000000e-05 2.002269767365189e+14 0.000000000000000e+00 0.000000000000000e+00 4.787136389750820e-06 
4.228863203000000e-05 2.002855878892138e+14 0.000000000000000e+00 0.000000000000000e+00 -3.201871440937052e-06 
4.228868527000000e-05 2.003438072990575e+14 0.000000000000000e+00 0.000000000000000e+00 4.389290339649869e-06 
4.228873851000001e-05 2.004016275408828e+14 0.000000000000000e+00 0.000000000000000e+00 1.363710645791630e-06 
4.228879175000000e-05 2.004590521986659e+14 0.000000000000000e+00 0.000000000000000e+00 -2.970297761237274e-06 
4.228884498000000e-05 2.005160741413241e+14 0.000000000000000e+00 0.000000000000000e+00 2.223450601349244e-06 
4.228889822000001e-05 2.005727182988557e+14 0.000000000000000e+00 0.000000000000000e+00 3.144332753604250e-06 
4.228895146000000e-05 2.006289773897298e+14 0.000000000000000e+00 0.000000000000000e+00 -1.409915636719738e-06 
4.228900470000000e-05 2.006848548436474e+14 0.000000000000000e+00 0.000000000000000e+00 -1.954109522213332e-06 
4.228905793000000e-05 2.007403436639383e+14 0.000000000000000e+00 0.000000000000000e+00 -8.869074499408933e-07 
4.228911117000000e-05 2.007954680542803e+14 0.000000000000000e+00 0.000000000000000e+00 -1.147483013106793e-06 
4.228916441000001e-05 2.008502208739912e+14 0.000000000000000e+00 0.000000000000000e+00 -2.966444216372693e-06 
4.228921765000000e-05 2.009046054062420e+14 0.000000000000000e+00 0.000000000000000e+00 1.797253287376356e-06 
4.228927089000000e-05 2.009586248987497e+14 0.000000000000000e+00 0.000000000000000e+00 -3.138705623854841e-06 
4.228932412000000e-05 2.010122725194827e+14 0.000000000000000e+00 0.000000000000000e+00 -1.932362978911903e-07 
4.228937736000000e-05 2.010655716029789e+14 0.000000000000000e+00 0.000000000000000e+00 -3.445487239634831e-06 
4.228943059999999e-05 2.011185151808102e+14 0.000000000000000e+00 0.000000000000000e+00 -4.373892391896104e-06 
4.228948384000000e-05 2.011711063632564e+14 0.000000000000000e+00 0.000000000000000e+00 3.772006709877769e-06 
4.228953707000000e-05 2.012233384473078e+14 0.000000000000000e+00 0.000000000000000e+00 1.022153292461353e-05 
4.228959031000001e-05 2.012752341016373e+14 0.000000000000000e+00 0.000000000000000e+00 -2.884509287619414e-06 
4.228964355000000e-05 2.013267864926042e+14 0.000000000000000e+00 0.000000000000000e+00 -3.062875660044125e-06 
4.228969679000000e-05 2.013779985997988e+14 0.000000000000000e+00 0.000000000000000e+00 2.837336389724300e-07 
4.228975002000000e-05 2.014288638468778e+14 0.000000000000000e+00 0.000000000000000e+00 5.756108233690966e-07 
4.228980326000000e-05 2.014794042615233e+14 0.000000000000000e+00 0.000000000000000e+00 4.548693574203093e-06 
4.228985649999999e-05 2.015296131421962e+14 0.000000000000000e+00 0.000000000000000e+00 -2.010274719875785e-06 
4.228990974000000e-05 2.015794933442168e+14 0.000000000000000e+00 0.000000000000000e+00 2.074994884179574e-06 
4.228996298000000e-05 2.016290476927675e+14 0.000000000000000e+00 0.000000000000000e+00 3.548485392924083e-06 
4.229001621000001e-05 2.016782697664410e+14 0.000000000000000e+00 0.000000000000000e+00 1.372664113909945e-06 
4.229006945000000e-05 2.017271808250040e+14 0.000000000000000e+00 0.000000000000000e+00 -6.311926661436117e-06 
4.229012269000000e-05 2.017757743282678e+14 0.000000000000000e+00 0.000000000000000e+00 -6.247789389091911e-06 
4.229017593000000e-05 2.018240529846770e+14 0.000000000000000e+00 0.000000000000000e+00 4.548482039044527e-07 
4.229022916000000e-05 2.018720104940728e+14 0.000000000000000e+00 0.000000000000000e+00 -5.218004406782797e-07 
4.229028239999999e-05 2.019196675272314e+14 0.000000000000000e+00 0.000000000000000e+00 3.248883674793158e-06 
4.229033564000000e-05 2.019670176700644e+14 0.000000000000000e+00 0.000000000000000e+00 -2.635396963191085e-06 
4.229038888000000e-05 2.020140635199075e+14 0.000000000000000e+00 0.000000000000000e+00 -1.578098883920750e-06 
4.229044211000001e-05 2.020607988954774e+14 0.000000000000000e+00 0.000000000000000e+00 1.569842282267503e-06 
4.229049535000000e-05 2.021072438999711e+14 0.000000000000000e+00 0.000000000000000e+00 1.640085134232321e-06 
4.229054859000000e-05 2.021533922427850e+14 0.000000000000000e+00 0.000000000000000e+00 5.791956806823964e-06 
4.229060183000000e-05 2.021992464155004e+14 0.000000000000000e+00 0.000000000000000e+00 1.100070252129114e-06 
4.229065507000000e-05 2.022448088840594e+14 0.000000000000000e+00 0.000000000000000e+00 -1.586560184202210e-07 
4.229070829999999e-05 2.022900736124447e+14 0.000000000000000e+00 0.000000000000000e+00 -8.690987801164023e-07 
4.229076154000000e-05 2.023350600230750e+14 0.000000000000000e+00 0.000000000000000e+00 1.390771642376638e-06 
4.229081478000000e-05 2.023797619761077e+14 0.000000000000000e+00 0.000000000000000e+00 2.285269491514886e-06 
4.229086802000000e-05 2.024241818379150e+14 0.000000000000000e+00 0.000000000000000e+00 -6.630178754812468e-06 
4.229092125000000e-05 2.024683136861471e+14 0.000000000000000e+00 0.000000000000000e+00 4.041163743468283e-06 
4.229097449000000e-05 2.025121764204399e+14 0.000000000000000e+00 0.000000000000000e+00 2.851024945708682e-06 
4.229102773000000e-05 2.025557640186518e+14 0.000000000000000e+00 0.000000000000000e+00 2.951095629294286e-06 
4.229108097000000e-05 2.025990787524051e+14 0.000000000000000e+00 0.000000000000000e+00 -2.456566042165524e-06 
4.229113420000000e-05 2.026421148106101e+14 0.000000000000000e+00 0.000000000000000e+00 -2.004926789250627e-06 
4.229118744000000e-05 2.026848905886528e+14 0.000000000000000e+00 0.000000000000000e+00 -3.565163037874681e-06 
4.229124068000000e-05 2.027274001796584e+14 0.000000000000000e+00 0.000000000000000e+00 3.083429231013676e-06 
4.229129392000000e-05 2.027696457648368e+14 0.000000000000000e+00 0.000000000000000e+00 -2.299681697173703e-06 
4.229134716000000e-05 2.028116295034915e+14 0.000000000000000e+00 0.000000000000000e+00 -2.090515581147400e-06 
4.229140039000000e-05 2.028533457205078e+14 0.000000000000000e+00 0.000000000000000e+00 -9.748528978742787e-07 
4.229145363000000e-05 2.028948122057125e+14 0.000000000000000e+00 0.000000000000000e+00 1.379390220695021e-06 
4.229150687000000e-05 2.029360231928831e+14 0.000000000000000e+00 0.000000000000000e+00 -2.080301314272290e-06 
4.229156011000000e-05 2.029769807561268e+14 0.000000000000000e+00 0.000000000000000e+00 3.948111278448978e-06 
4.229161334000000e-05 2.030176793266129e+14 0.000000000000000e+00 0.000000000000000e+00 -2.804823018169543e-06 
4.229166658000000e-05 2.030581362286716e+14 0.000000000000000e+00 0.000000000000000e+00 5.505074815364143e-06 
4.229171982000000e-05 2.030983458058207e+14 0.000000000000000e+00 0.000000000000000e+00 1.323491613825423e-06 
4.229177306000000e-05 2.031383100510040e+14 0.000000000000000e+00 0.000000000000000e+00 -2.285512461914841e-06 
4.229182630000001e-05 2.031780309374296e+14 0.000000000000000e+00 0.000000000000000e+00 1.050985768926748e-06 
4.229187953000000e-05 2.032175030259630e+14 0.000000000000000e+00 0.000000000000000e+00 3.127886512971166e-06 
4.229193277000001e-05 2.032567430815612e+14 0.000000000000000e+00 0.000000000000000e+00 4.156749034623556e-06 
4.229198601000000e-05 2.032957455816479e+14 0.000000000000000e+00 0.000000000000000e+00 -7.189251221502401e-07 
4.229203925000000e-05 2.033345124228534e+14 0.000000000000000e+00 0.000000000000000e+00 -8.113454438518902e-07 
4.229209248000000e-05 2.033730382674213e+14 0.000000000000000e+00 0.000000000000000e+00 -5.714712991940372e-06 
4.229214572000000e-05 2.034113394499252e+14 0.000000000000000e+00 0.000000000000000e+00 -1.392740261257291e-06 
4.229219896000000e-05 2.034494105523507e+14 0.000000000000000e+00 0.000000000000000e+00 2.512309066460995e-06 
4.229225220000000e-05 2.034872533981912e+14 0.000000000000000e+00 0.000000000000000e+00 -1.227880394187263e-06 
4.229230543000000e-05 2.035248627489226e+14 0.000000000000000e+00 0.000000000000000e+00 -8.474955878622734e-07 
4.229235867000001e-05 2.035622545233792e+14 0.000000000000000e+00 0.000000000000000e+00 -2.270123451232669e-06 
4.229241191000000e-05 2.035994234057438e+14 0.000000000000000e+00 0.000000000000000e+00 2.263903478088984e-06 
4.229246515000000e-05 2.036363711497590e+14 0.000000000000000e+00 0.000000000000000e+00 -2.016106874385447e-06 
4.229251838999999e-05 2.036730994921598e+14 0.000000000000000e+00 0.000000000000000e+00 -5.036248936686181e-07 
4.229257162000000e-05 2.037096033155446e+14 0.000000000000000e+00 0.000000000000000e+00 -6.510835253765624e-08 
4.229262486000000e-05 2.037458980385710e+14 0.000000000000000e+00 0.000000000000000e+00 -2.221628876190173e-06 
4.229267810000000e-05 2.037819784701426e+14 0.000000000000000e+00 0.000000000000000e+00 -1.747650665554473e-06 
4.229273134000000e-05 2.038178462811112e+14 0.000000000000000e+00 0.000000000000000e+00 3.660223874903343e-06 
4.229278457000001e-05 2.038534964486316e+14 0.000000000000000e+00 0.000000000000000e+00 -1.070833776904142e-06 
4.229283781000000e-05 2.038889440062193e+14 0.000000000000000e+00 0.000000000000000e+00 -3.267005506150996e-06 
4.229289105000000e-05 2.039241838600824e+14 0.000000000000000e+00 0.000000000000000e+00 1.842906331622732e-06 
4.229294428999999e-05 2.039592176180988e+14 0.000000000000000e+00 0.000000000000000e+00 7.810780323720110e-07 
4.229299752000000e-05 2.039940403500030e+14 0.000000000000000e+00 0.000000000000000e+00 -3.386548191805657e-06 
4.229305076000000e-05 2.040286667168621e+14 0.000000000000000e+00 0.000000000000000e+00 7.807603334851972e-07 
4.229310400000000e-05 2.040630917200641e+14 0.000000000000000e+00 0.000000000000000e+00 -2.539612621565626e-07 
4.229315724000000e-05 2.040973169072940e+14 0.000000000000000e+00 0.000000000000000e+00 -3.590528590713704e-07 
4.229321048000000e-05 2.041313438115925e+14 0.000000000000000e+00 0.000000000000000e+00 -8.199720623460788e-07 
4.229326371000000e-05 2.041651676156697e+14 0.000000000000000e+00 0.000000000000000e+00 -3.670075057996715e-06 
4.229331695000000e-05 2.041988025321229e+14 0.000000000000000e+00 0.000000000000000e+00 -1.240689478280273e-06 
4.229337019000000e-05 2.042322436783753e+14 0.000000000000000e+00 0.000000000000000e+00 7.186416152016935e-07 
4.229342343000000e-05 2.042654925305937e+14 0.000000000000000e+00 0.000000000000000e+00 5.047527252423492e-07 
4.229347666000000e-05 2.042985443596507e+14 0.000000000000000e+00 0.000000000000000e+00 8.977630374084948e-07 
4.229352990000000e-05 2.043314130324665e+14 0.000000000000000e+00 0.000000000000000e+00 1.188484497526337e-06 
4.229358314000000e-05 2.043640937570226e+14 0.000000000000000e+00 0.000000000000000e+00 -1.460019374653804e-06 
4.229363638000000e-05 2.043965879550362e+14 0.000000000000000e+00 0.000000000000000e+00 5.360473877647468e-06 
4.229368961000000e-05 2.044288909837330e+14 0.000000000000000e+00 0.000000000000000e+00 8.795420174930346e-07 
4.229374285000000e-05 2.044610163754447e+14 0.000000000000000e+00 0.000000000000000e+00 1.641467102545935e-06 
4.229379609000000e-05 2.044929594266947e+14 0.000000000000000e+00 0.000000000000000e+00 4.025703204353124e-06 
4.229384933000000e-05 2.045247215071720e+14 0.000000000000000e+00 0.000000000000000e+00 -3.332343717928444e-06 
4.229390257000000e-05 2.045563039738567e+14 0.000000000000000e+00 0.000000000000000e+00 2.137620594218605e-06 
4.229395580000000e-05 2.045877022892589e+14 0.000000000000000e+00 0.000000000000000e+00 -2.965518516047134e-06 
4.229400904000000e-05 2.046189295824816e+14 0.000000000000000e+00 0.000000000000000e+00 -3.678961428727645e-06 
4.229406228000000e-05 2.046499812580426e+14 0.000000000000000e+00 0.000000000000000e+00 3.419209107978273e-06 
4.229411552000000e-05 2.046808586236570e+14 0.000000000000000e+00 0.000000000000000e+00 5.904142157370687e-06 
4.229416875000000e-05 2.047115572240509e+14 0.000000000000000e+00 0.000000000000000e+00 -2.216556655434340e-06 
4.229422199000000e-05 2.047420898771992e+14 0.000000000000000e+00 0.000000000000000e+00 -2.225329669012213e-06 
4.229427523000000e-05 2.047724520718883e+14 0.000000000000000e+00 0.000000000000000e+00 6.611949260945471e-07 
4.229432847000000e-05 2.048026450686236e+14 0.000000000000000e+00 0.000000000000000e+00 -1.629142922690058e-06 
4.229438170000000e-05 2.048326644925882e+14 0.000000000000000e+00 0.000000000000000e+00 -2.279616272885575e-07 
4.229443494000000e-05 2.048625228604259e+14 0.000000000000000e+00 0.000000000000000e+00 -1.169905381317854e-07 
4.229448818000000e-05 2.048922157432996e+14 0.000000000000000e+00 0.000000000000000e+00 2.231026842089560e-06 
4.229454142000000e-05 2.049217443565509e+14 0.000000000000000e+00 0.000000000000000e+00 -6.147268708708381e-07 
4.229459466000001e-05 2.049511099045463e+14 0.000000000000000e+00 0.000000000000000e+00 8.717082996429007e-07 
4.229464789000000e-05 2.049803081105886e+14 0.000000000000000e+00 0.000000000000000e+00 1.385968926233233e-06 
4.229470113000000e-05 2.050093511278111e+14 0.000000000000000e+00 0.000000000000000e+00 7.678767866921935e-08 
4.229475437000000e-05 2.050382346278138e+14 0.000000000000000e+00 0.000000000000000e+00 1.015695631536787e-06 
4.229480761000000e-05 2.050669597721551e+14 0.000000000000000e+00 0.000000000000000e+00 -2.557010254675556e-06 
4.229486084000000e-05 2.050955223607552e+14 0.000000000000000e+00 0.000000000000000e+00 1.019730417284358e-06 
4.229491408000000e-05 2.051239342660100e+14 0.000000000000000e+00 0.000000000000000e+00 -3.283060287311081e-06 
4.229496732000000e-05 2.051521912379331e+14 0.000000000000000e+00 0.000000000000000e+00 1.357016686493100e-06 
4.229502056000001e-05 2.051802943970402e+14 0.000000000000000e+00 0.000000000000000e+00 -1.605893806296566e-06 
4.229507380000000e-05 2.052082448538559e+14 0.000000000000000e+00 0.000000000000000e+00 2.084641487005326e-06 
4.229512703000000e-05 2.052360385017807e+14 0.000000000000000e+00 0.000000000000000e+00 -1.455850899456743e-06 
4.229518027000000e-05 2.052636868743612e+14 0.000000000000000e+00 0.000000000000000e+00 -2.692847479361084e-06 
4.229523351000000e-05 2.052911858171732e+14 0.000000000000000e+00 0.000000000000000e+00 1.890836978000131e-06 
4.229528674999999e-05 2.053185364018430e+14 0.000000000000000e+00 0.000000000000000e+00 2.935616976766788e-06 
4.229533998000000e-05 2.053457345947368e+14 0.000000000000000e+00 0.000000000000000e+00 -1.409805152691873e-06 
4.229539322000000e-05 2.053727916675852e+14 0.000000000000000e+00 0.000000000000000e+00 9.064078341044973e-07 
4.229544646000001e-05 2.053997035405315e+14 0.000000000000000e+00 0.000000000000000e+00 -4.667657968845512e-06 
4.229549970000000e-05 2.054264712479017e+14 0.000000000000000e+00 0.000000000000000e+00 3.687013384303693e-07 
4.229555293000000e-05 2.054530908274561e+14 0.000000000000000e+00 0.000000000000000e+00 -1.454422920112244e-06 
4.229560617000000e-05 2.054795732970120e+14 0.000000000000000e+00 0.000000000000000e+00 9.994340418468606e-07 
4.229565941000000e-05 2.055059146496440e+14 0.000000000000000e+00 0.000000000000000e+00 9.103492976059240e-09 
4.229571264999999e-05 2.055321158839194e+14 0.000000000000000e+00 0.000000000000000e+00 -2.065159183803724e-06 
4.229576589000000e-05 2.055581779896765e+14 0.000000000000000e+00 0.000000000000000e+00 5.126947156343056e-06 
4.229581912000000e-05 2.055840970917632e+14 0.000000000000000e+00 0.000000000000000e+00 1.252115999778328e-06 
4.229587236000001e-05 2.056098839012603e+14 0.000000000000000e+00 0.000000000000000e+00 -5.280025265489376e-07 
4.229592560000000e-05 2.056355345001780e+14 0.000000000000000e+00 0.000000000000000e+00 1.485884693173979e-06 
4.229597884000000e-05 2.056610498444012e+14 0.000000000000000e+00 0.000000000000000e+00 -1.736207957261512e-07 
4.229603207000000e-05 2.056864261268010e+14 0.000000000000000e+00 0.000000000000000e+00 -2.340675263981443e-06 
4.229608531000000e-05 2.057116738212269e+14 0.000000000000000e+00 0.000000000000000e+00 -2.146331749771464e-06 
4.229613854999999e-05 2.057367890791005e+14 0.000000000000000e+00 0.000000000000000e+00 1.938683224843021e-06 
4.229619179000000e-05 2.057617728237211e+14 0.000000000000000e+00 0.000000000000000e+00 -1.748825553079730e-07 
4.229624502000000e-05 2.057866213145022e+14 0.000000000000000e+00 0.000000000000000e+00 -3.562959762516597e-06 
4.229629826000001e-05 2.058113447950671e+14 0.000000000000000e+00 0.000000000000000e+00 -6.269620678323509e-07 
4.229635150000000e-05 2.058359394847342e+14 0.000000000000000e+00 0.000000000000000e+00 5.123971928536421e-07 
4.229640474000000e-05 2.058604062755274e+14 0.000000000000000e+00 0.000000000000000e+00 6.689225038932858e-08 
4.229645798000000e-05 2.058847460518211e+14 0.000000000000000e+00 0.000000000000000e+00 1.663583680234628e-06 
4.229651121000000e-05 2.059089551542266e+14 0.000000000000000e+00 0.000000000000000e+00 8.241923863178632e-07 
4.229656444999999e-05 2.059330435480118e+14 0.000000000000000e+00 0.000000000000000e+00 -9.951594010073197e-07 
4.229661769000000e-05 2.059570075353198e+14 0.000000000000000e+00 0.000000000000000e+00 9.333463464965029e-07 
4.229667093000000e-05 2.059808479707951e+14 0.000000000000000e+00 0.000000000000000e+00 -1.446518527669069e-07 
4.229672416000001e-05 2.060045612584508e+14 0.000000000000000e+00 0.000000000000000e+00 3.226412860893379e-07 
4.229677740000000e-05 2.060281571481245e+14 0.000000000000000e+00 0.000000000000000e+00 -6.088368220439679e-07 
4.229683064000000e-05 2.060516320065902e+14 0.000000000000000e+00 0.000000000000000e+00 -1.930863675102273e-06 
4.229688388000000e-05 2.060749866599507e+14 0.000000000000000e+00 0.000000000000000e+00 2.099454697455830e-06 
4.229693711000000e-05 2.060982175742565e+14 0.000000000000000e+00 0.000000000000000e+00 2.969722860461363e-07 
4.229699034999999e-05 2.061213342901326e+14 0.000000000000000e+00 0.000000000000000e+00 9.193350659747784e-07 
4.229704359000000e-05 2.061443332375753e+14 0.000000000000000e+00 0.000000000000000e+00 -5.489342480977242e-07 
4.229709683000000e-05 2.061672152152603e+14 0.000000000000000e+00 0.000000000000000e+00 -3.883275111424950e-07 
4.229715007000000e-05 2.061899810151734e+14 0.000000000000000e+00 0.000000000000000e+00 -1.921624421849948e-06 
4.229720330000000e-05 2.062126271790788e+14 0.000000000000000e+00 0.000000000000000e+00 -4.849589623865445e-07 
4.229725654000000e-05 2.062351629944541e+14 0.000000000000000e+00 0.000000000000000e+00 -4.826197414101138e-08 
4.229730978000000e-05 2.062575849684238e+14 0.000000000000000e+00 0.000000000000000e+00 3.098325694831392e-07 
4.229736302000000e-05 2.062798938668823e+14 0.000000000000000e+00 0.000000000000000e+00 -2.317499669087681e-06 
4.229741625000000e-05 2.063020862906959e+14 0.000000000000000e+00 0.000000000000000e+00 1.323976431923494e-06 
4.229746949000000e-05 2.063241713313139e+14 0.000000000000000e+00 0.000000000000000e+00 -5.160821614155256e-07 
4.229752273000000e-05 2.063461455560373e+14 0.000000000000000e+00 0.000000000000000e+00 7.253965669308076e-07 
4.229757597000000e-05 2.063680097056848e+14 0.000000000000000e+00 0.000000000000000e+00 -1.126378298511329e-06 
4.229762920000000e-05 2.063897604390103e+14 0.000000000000000e+00 0.000000000000000e+00 2.038461335916039e-06 
4.229768244000000e-05 2.064114066568908e+14 0.000000000000000e+00 0.000000000000000e+00 1.585105662870576e-06 
4.229773568000000e-05 2.064329449855661e+14 0.000000000000000e+00 0.000000000000000e+00 -3.087574664859930e-07 
4.229778892000000e-05 2.064543761417412e+14 0.000000000000000e+00 0.000000000000000e+00 -2.521126488654817e-07 
4.229784216000000e-05 2.064757008362295e+14 0.000000000000000e+00 0.000000000000000e+00 -3.314155800111003e-06 
4.229789539000000e-05 2.064969157984169e+14 0.000000000000000e+00 0.000000000000000e+00 -1.154693778876137e-06 
4.229794863000000e-05 2.065180296984706e+14 0.000000000000000e+00 0.000000000000000e+00 -1.301403599038359e-06 
4.229800187000000e-05 2.065390392344798e+14 0.000000000000000e+00 0.000000000000000e+00 -5.411172596604618e-07 
4.229805511000000e-05 2.065599450943156e+14 0.000000000000000e+00 0.000000000000000e+00 1.152297595960895e-07 
4.229810834000000e-05 2.065807440625021e+14 0.000000000000000e+00 0.000000000000000e+00 1.035583040481048e-06 
4.229816158000000e-05 2.066014446304077e+14 0.000000000000000e+00 0.000000000000000e+00 -4.112458562467404e-07 
4.229821482000001e-05 2.066220435522308e+14 0.000000000000000e+00 0.000000000000000e+00 -4.127872836427898e-07 
4.229826806000000e-05 2.066425414937474e+14 0.000000000000000e+00 0.000000000000000e+00 -3.280764413002074e-07 
4.229832130000000e-05 2.066629391153622e+14 0.000000000000000e+00 0.000000000000000e+00 3.379956433175122e-07 
4.229837453000000e-05 2.066832332689196e+14 0.000000000000000e+00 0.000000000000000e+00 -8.146184063721480e-07 
4.229842777000000e-05 2.067034322291573e+14 0.000000000000000e+00 0.000000000000000e+00 1.188084496194816e-06 
4.229848101000000e-05 2.067235328187472e+14 0.000000000000000e+00 0.000000000000000e+00 -1.673891263236953e-06 
4.229853425000000e-05 2.067435356770376e+14 0.000000000000000e+00 0.000000000000000e+00 7.726303333144011e-07 
4.229858748000000e-05 2.067634377084508e+14 0.000000000000000e+00 0.000000000000000e+00 3.048872129339335e-06 
4.229864072000001e-05 2.067832470197717e+14 0.000000000000000e+00 0.000000000000000e+00 -2.051913630211024e-06 
4.229869396000000e-05 2.068029604871127e+14 0.000000000000000e+00 0.000000000000000e+00 -8.809759636725298e-07 
4.229874720000000e-05 2.068225787295820e+14 0.000000000000000e+00 0.000000000000000e+00 9.128929873626477e-07 
4.229880043000000e-05 2.068420987030857e+14 0.000000000000000e+00 0.000000000000000e+00 1.602104866859013e-06 
4.229885367000000e-05 2.068615283509839e+14 0.000000000000000e+00 0.000000000000000e+00 4.058567859950550e-07 
4.229890691000000e-05 2.068808646017300e+14 0.000000000000000e+00 0.000000000000000e+00 1.878306915687948e-06 
4.229896015000000e-05 2.069001080549279e+14 0.000000000000000e+00 0.000000000000000e+00 1.256674885682080e-07 
4.229901339000000e-05 2.069192593054266e+14 0.000000000000000e+00 0.000000000000000e+00 3.695387456113942e-07 
